nbfc_id,layer,quarter,period_end,sector,loan_outstanding_cr,gnpa_pct,gnpa_amount_cr,nnpa_pct,nnpa_amount_cr,pcr,crar_pct,roa_pct
NBFC001,Upper Layer,FY21Q4,2021-03-31,Infrastructure,13414.55,5.019,673.28,2.259,303.03,0.55,23.76,1.706
NBFC001,Upper Layer,FY21Q4,2021-03-31,MSME,11498.19,7.131,819.94,3.209,368.98,0.55,27.07,1.973
NBFC001,Upper Layer,FY21Q4,2021-03-31,Microfinance,3832.73,11.756,450.58,5.29,202.75,0.55,26.95,1.68
NBFC001,Upper Layer,FY21Q4,2021-03-31,Retail (Gold),5749.09,2.006,115.33,0.903,51.91,0.55,25.88,1.064
NBFC001,Upper Layer,FY21Q4,2021-03-31,Retail (Housing),21080.01,3.14,661.91,1.413,297.86,0.55,23.94,1.5565
NBFC001,Upper Layer,FY21Q4,2021-03-31,Retail (Vehicle),19163.65,5.976,1145.22,2.689,515.31,0.55,25.93,1.342
NBFC001,Upper Layer,FY21Q4,2021-03-31,Wholesale/Corporate,11498.19,6.215,714.61,2.797,321.6,0.55,23.66,2.034
NBFC001,Upper Layer,FY22Q2,2021-09-30,Infrastructure,14168.75,5.048,715.24,2.12,300.38,0.58,24.03,1.459
NBFC001,Upper Layer,FY22Q2,2021-09-30,MSME,12144.64,7.356,893.36,3.09,375.27,0.58,28.75,1.17
NBFC001,Upper Layer,FY22Q2,2021-09-30,Microfinance,4048.21,12.373,500.89,5.197,210.39,0.58,27.27,1.075
NBFC001,Upper Layer,FY22Q2,2021-09-30,Retail (Gold),6072.32,2.036,123.63,0.855,51.92,0.58,28.57,2.102
NBFC001,Upper Layer,FY22Q2,2021-09-30,Retail (Housing),22265.17,3.211,714.93,1.349,300.36,0.58,24.88,1.677
NBFC001,Upper Layer,FY22Q2,2021-09-30,Retail (Personal/Unsecured),10120.53,10.329,1045.35,4.338,439.03,0.58,24.11,2.062
NBFC001,Upper Layer,FY22Q2,2021-09-30,Retail (Vehicle),20241.07,6.291,1273.37,2.642,534.77,0.58,28.67,1.615
NBFC001,Upper Layer,FY22Q2,2021-09-30,Wholesale/Corporate,12144.64,6.569,797.78,2.759,335.07,0.58,27.72,1.936
NBFC001,Upper Layer,FY22Q4,2022-03-31,Infrastructure,14926.1,4.78,713.47,1.8205,271.73,0.619,26.85,1.747
NBFC001,Upper Layer,FY22Q4,2022-03-31,MSME,12793.8,6.585,842.47,2.568,328.54,0.61,28.51,1.977
NBFC001,Upper Layer,FY22Q4,2022-03-31,Microfinance,4264.6,11.355,484.25,4.428,188.84,0.61,26.74,1.27
NBFC001,Upper Layer,FY22Q4,2022-03-31,Retail (Gold),6396.9,1.801,115.21,0.702,44.91,0.61,26.74,2.258
NBFC001,Upper Layer,FY22Q4,2022-03-31,Retail (Housing),23455.3,2.798,656.28,1.091,255.9,0.61,25.78,1.979
NBFC001,Upper Layer,FY22Q4,2022-03-31,Retail (Personal/Unsecured),10661.5,9.061,966.04,3.534,376.78,0.61,29.37,1.669
NBFC001,Upper Layer,FY22Q4,2022-03-31,Retail (Vehicle),21323.0,5.547,1182.79,2.163,461.22,0.61,28.77,1.3
NBFC001,Upper Layer,FY22Q4,2022-03-31,Wholesale/Corporate,12793.8,5.863,750.1,2.287,292.59,0.61,28.7,2.07
NBFC001,Upper Layer,FY23Q2,2022-09-30,Infrastructure,16156.79,4.153,670.99,1.495,241.54,0.64,30.21,2.102
NBFC001,Upper Layer,FY23Q2,2022-09-30,MSME,13848.68,5.722,792.42,2.06,285.28,0.64,28.97,1.664
NBFC001,Upper Layer,FY23Q2,2022-09-30,Microfinance,4616.23,9.269,427.88,3.337,154.04,0.64,28.05,1.596
NBFC001,Upper Layer,FY23Q2,2022-09-30,Retail (Gold),6924.34,1.513,104.77,0.545,37.74,0.64,25.19,1.855
NBFC001,Upper Layer,FY23Q2,2022-09-30,Retail (Housing),25389.24,2.531,642.6,0.896,227.49,0.646,28.2,2.397
NBFC001,Upper Layer,FY23Q2,2022-09-30,Retail (Personal/Unsecured),11540.56,7.623,879.74,2.744,316.67,0.64,27.83,2.004
NBFC001,Upper Layer,FY23Q2,2022-09-30,Retail (Vehicle),23081.13,4.794,1106.51,1.726,398.38,0.64,27.71,1.827
NBFC001,Upper Layer,FY23Q2,2022-09-30,Wholesale/Corporate,13848.68,5.43,751.98,1.955,270.74,0.64,27.14,2.505
NBFC001,Upper Layer,FY23Q4,2023-03-31,Infrastructure,17450.6,3.09,539.22,1.02,178.0,0.67,24.53,3.077
NBFC001,Upper Layer,FY23Q4,2023-03-31,MSME,14957.65,4.363,652.6,1.44,215.39,0.67,28.71,3.221
NBFC001,Upper Layer,FY23Q4,2023-03-31,Microfinance,4985.88,7.65,381.42,2.524,125.84,0.67,29.53,2.71
NBFC001,Upper Layer,FY23Q4,2023-03-31,Retail (Gold),7478.83,1.27,94.98,0.405,30.29,0.681,28.25,2.631
NBFC001,Upper Layer,FY23Q4,2023-03-31,Retail (Housing),27422.36,1.941,532.27,0.641,175.78,0.67,28.35,3.456
NBFC001,Upper Layer,FY23Q4,2023-03-31,Retail (Personal/Unsecured),12464.71,6.055,754.74,2.026,252.54,0.665,29.19,3.417
NBFC001,Upper Layer,FY23Q4,2023-03-31,Retail (Vehicle),24929.42,3.739,932.11,1.234,307.63,0.67,27.55,2.694
NBFC001,Upper Layer,FY23Q4,2023-03-31,Wholesale/Corporate,14957.65,3.924,586.94,1.295,193.7,0.67,29.52,3.234
NBFC001,Upper Layer,FY24Q2,2023-09-30,Infrastructure,19028.41,3.074,584.93,0.922,175.44,0.7,30.2,3.133
NBFC001,Upper Layer,FY24Q2,2023-09-30,MSME,16310.06,4.462,727.75,1.339,218.39,0.7,24.91,3.119
NBFC001,Upper Layer,FY24Q2,2023-09-30,Microfinance,5436.69,6.796,369.48,2.039,110.85,0.7,29.09,3.604
NBFC001,Upper Layer,FY24Q2,2023-09-30,Retail (Gold),8155.03,1.203,98.11,0.361,29.44,0.7,25.63,3.346
NBFC001,Upper Layer,FY24Q2,2023-09-30,Retail (Housing),29901.78,1.782,532.85,0.535,159.97,0.7,27.395,3.631
NBFC001,Upper Layer,FY24Q2,2023-09-30,Retail (Personal/Unsecured),13591.72,6.092,828.01,1.828,248.46,0.7,25.3,2.717
NBFC001,Upper Layer,FY24Q2,2023-09-30,Retail (Vehicle),27183.44,3.527,958.76,1.058,287.6,0.7,28.03,3.498
NBFC001,Upper Layer,FY24Q2,2023-09-30,Wholesale/Corporate,16310.06,3.674,599.23,1.102,179.74,0.7,25.71,3.571
NBFC001,Upper Layer,FY24Q4,2024-03-31,Infrastructure,21205.79,1.964,416.48,0.53,112.39,0.73,29.39,3.567
NBFC001,Upper Layer,FY24Q4,2024-03-31,Microfinance,6058.8,4.637,280.95,1.252,75.86,0.73,25.46,3.041
NBFC001,Upper Layer,FY24Q4,2024-03-31,Retail (Gold),9088.19,0.733,66.62,0.198,17.99,0.73,29.22,3.127
NBFC001,Upper Layer,FY24Q4,2024-03-31,Retail (Housing),33323.38,1.251,416.88,0.338,112.63,0.73,26.75,3.721
NBFC001,Upper Layer,FY24Q4,2024-03-31,Retail (Personal/Unsecured),15146.99,3.67,555.89,0.991,150.11,0.73,26.83,2.997
NBFC001,Upper Layer,FY24Q4,2024-03-31,Retail (Vehicle),30293.98,2.294,694.94,0.619,187.52,0.73,27.62,3.162
NBFC001,Upper Layer,FY24Q4,2024-03-31,Wholesale/Corporate,18176.39,2.543,462.23,0.687,124.87,0.73,24.07,3.474
NBFC001,Upper Layer,FY25Q2,2024-09-30,Infrastructure,22657.37,2.796,633.5,0.671,152.03,0.76,27.28,3.568
NBFC001,Upper Layer,FY25Q2,2024-09-30,MSME,19420.61,4.06,788.48,0.936,181.78,0.769,27.0,3.592
NBFC001,Upper Layer,FY25Q2,2024-09-30,Microfinance,6473.54,6.267,405.7,1.434,92.83,0.771,24.84,3.363
NBFC001,Upper Layer,FY25Q2,2024-09-30,Retail (Gold),9710.3,1.074,104.29,0.258,25.05,0.76,23.16,2.641
NBFC001,Upper Layer,FY25Q2,2024-09-30,Retail (Housing),35604.44,1.652,588.19,0.396,140.99,0.76,25.47,2.583
NBFC001,Upper Layer,FY25Q2,2024-09-30,Retail (Personal/Unsecured),16183.84,5.399,873.77,1.296,209.74,0.76,24.73,2.619
NBFC001,Upper Layer,FY25Q2,2024-09-30,Retail (Vehicle),32367.68,3.189,1032.21,0.765,247.61,0.76,26.17,3.128
NBFC001,Upper Layer,FY25Q2,2024-09-30,Wholesale/Corporate,19420.61,3.592,697.59,0.862,167.41,0.76,27.6,3.063
NBFC001,Upper Layer,FY25Q4,2025-03-31,Infrastructure,24108.96,2.591,624.66,0.544,131.15,0.79,25.16,3.37
NBFC001,Upper Layer,FY25Q4,2025-03-31,MSME,20664.82,3.574,738.56,0.751,155.19,0.79,25.04,2.677
NBFC001,Upper Layer,FY25Q4,2025-03-31,Microfinance,6888.27,5.656,389.6,1.188,81.83,0.79,25.49,2.941
NBFC001,Upper Layer,FY25Q4,2025-03-31,Retail (Gold),10332.41,0.973,100.53,0.204,21.08,0.79,24.28,2.319
NBFC001,Upper Layer,FY25Q4,2025-03-31,Retail (Housing),37885.51,1.556,589.5,0.3155,119.53,0.797,27.61,2.231
NBFC001,Upper Layer,FY25Q4,2025-03-31,Retail (Personal/Unsecured),17220.69,4.81,828.32,1.01,173.93,0.79,26.45,3.248
NBFC001,Upper Layer,FY25Q4,2025-03-31,Retail (Vehicle),34441.37,2.906,1000.87,0.61,210.09,0.79,27.71,2.31
NBFC001,Upper Layer,FY25Q4,2025-03-31,Wholesale/Corporate,20664.82,3.178,656.73,0.667,137.83,0.79,26.74,3.333
NBFC002,Upper Layer,FY21Q4,2021-03-31,Infrastructure,16659.03,4.882,813.29,2.197,366.0,0.55,26.74,1.24
NBFC002,Upper Layer,FY21Q4,2021-03-31,MSME,14279.17,7.44,1062.37,3.348,478.07,0.55,23.15,1.851
NBFC002,Upper Layer,FY21Q4,2021-03-31,Microfinance,4759.72,12.269,583.97,5.521,262.78,0.55,22.28,1.222
NBFC002,Upper Layer,FY21Q4,2021-03-31,Retail (Gold),7139.58,2.005,143.15,0.902,64.4,0.55,22.72,1.347
NBFC002,Upper Layer,FY21Q4,2021-03-31,Retail (Housing),26178.48,3.009,787.71,1.354,354.46,0.55,23.53,1.325
NBFC002,Upper Layer,FY21Q4,2021-03-31,Retail (Personal/Unsecured),11899.31,9.659,1149.35,4.347,517.26,0.55,26.7,1.33
NBFC002,Upper Layer,FY21Q4,2021-03-31,Retail (Vehicle),23798.61,6.19,1473.13,2.786,663.03,0.55,22.74,1.24
NBFC002,Upper Layer,FY21Q4,2021-03-31,Wholesale/Corporate,14279.17,6.7,956.7,3.015,430.52,0.55,26.61,1.4
NBFC002,Upper Layer,FY22Q2,2021-09-30,Infrastructure,17595.64,5.005,880.66,2.102,369.86,0.58,23.11,1.072
NBFC002,Upper Layer,FY22Q2,2021-09-30,MSME,15081.97,7.202,1086.2,3.025,456.23,0.58,28.8,1.483
NBFC002,Upper Layer,FY22Q2,2021-09-30,Microfinance,5027.32,11.632,584.78,4.885,245.58,0.58,24.8,1.411
NBFC002,Upper Layer,FY22Q2,2021-09-30,Retail (Gold),7540.99,2.0,150.82,0.84,63.34,0.58,25.69,1.711
NBFC002,Upper Layer,FY22Q2,2021-09-30,Retail (Personal/Unsecured),12568.31,10.2,1281.97,4.284,538.43,0.58,27.29,2.053
NBFC002,Upper Layer,FY22Q2,2021-09-30,Retail (Vehicle),25136.62,6.029,1515.49,2.532,636.46,0.58,24.74,1.199
NBFC002,Upper Layer,FY22Q2,2021-09-30,Wholesale/Corporate,15081.97,6.467,975.35,2.716,409.63,0.58,26.25,1.4545
NBFC002,Upper Layer,FY22Q4,2022-03-31,Infrastructure,18536.16,4.507,835.42,1.758,325.87,0.61,29.68,1.362
NBFC002,Upper Layer,FY22Q4,2022-03-31,Microfinance,5401.97,11.102,599.73,4.33,233.91,0.61,25.9,1.822
NBFC002,Upper Layer,FY22Q4,2022-03-31,Retail (Gold),7944.07,1.82,144.58,0.71,56.4,0.61,24.24,1.117
NBFC002,Upper Layer,FY22Q4,2022-03-31,Retail (Housing),29128.25,2.828,823.75,1.103,321.28,0.61,23.71,2.146
NBFC002,Upper Layer,FY22Q4,2022-03-31,Retail (Personal/Unsecured),13240.11,9.145499999999998,1210.87,3.681,487.37,0.598,26.32,1.881
NBFC002,Upper Layer,FY22Q4,2022-03-31,Retail (Vehicle),26480.23,5.672,1501.96,2.212,585.74,0.61,24.11,1.827
NBFC002,Upper Layer,FY22Q4,2022-03-31,Wholesale/Corporate,15888.14,6.27,996.19,2.445,388.47,0.61,24.51,1.803
NBFC002,Upper Layer,FY23Q2,2022-09-30,Infrastructure,20064.51,3.989,800.37,1.436,288.13,0.64,28.45,2.316
NBFC002,Upper Layer,FY23Q2,2022-09-30,MSME,17198.15,5.905,1015.55,2.126,365.63,0.64,27.51,1.939
NBFC002,Upper Layer,FY23Q2,2022-09-30,Microfinance,5732.72,9.421,540.08,3.546,203.28,0.624,30.19,1.746
NBFC002,Upper Layer,FY23Q2,2022-09-30,Retail (Gold),8599.08,1.543,132.68,0.555,47.72,0.64,26.41,2.151
NBFC002,Upper Layer,FY23Q2,2022-09-30,Retail (Housing),32160.55,2.359,758.67,0.849,273.04,0.64,25.36,1.688
NBFC002,Upper Layer,FY23Q2,2022-09-30,Retail (Personal/Unsecured),14331.79,8.113,1162.74,2.921,418.63,0.64,27.06,1.868
NBFC002,Upper Layer,FY23Q2,2022-09-30,Retail (Vehicle),28663.59,4.811,1379.01,1.732,496.45,0.64,26.28,2.453
NBFC002,Upper Layer,FY23Q2,2022-09-30,Wholesale/Corporate,17198.15,5.1,877.11,1.836,315.76,0.64,28.8,2.61
NBFC002,Upper Layer,FY23Q4,2023-03-31,Infrastructure,21671.24,3.26,706.48,1.076,233.18,0.67,29.02,3.078
NBFC002,Upper Layer,FY23Q4,2023-03-31,MSME,18575.35,4.677,868.77,1.543,286.62,0.67,24.66,2.393
NBFC002,Upper Layer,FY23Q4,2023-03-31,Microfinance,6191.78,7.46,461.91,2.462,152.44,0.67,28.33,3.119
NBFC002,Upper Layer,FY23Q4,2023-03-31,Retail (Gold),9287.67,1.175,109.13,0.388,36.04,0.67,24.51,2.896
NBFC002,Upper Layer,FY23Q4,2023-03-31,Retail (Housing),34054.8,2.026,689.95,0.669,227.83,0.67,29.65,3.499
NBFC002,Upper Layer,FY23Q4,2023-03-31,Retail (Personal/Unsecured),15479.46,6.046,935.89,1.995,308.82,0.67,29.15,2.39
NBFC002,Upper Layer,FY23Q4,2023-03-31,Retail (Vehicle),30958.91,3.612,1118.24,1.192,369.03,0.67,24.75,2.545
NBFC002,Upper Layer,FY23Q4,2023-03-31,Wholesale/Corporate,18575.35,4.008,744.5,1.323,245.75,0.67,27.98,3.16
NBFC002,Upper Layer,FY24Q2,2023-09-30,Infrastructure,23630.66,3.019,713.41,0.906,214.09,0.7,29.13,2.787
NBFC002,Upper Layer,FY24Q2,2023-09-30,Microfinance,6751.62,7.233,488.34,2.17,146.51,0.7,26.38,2.733
NBFC002,Upper Layer,FY24Q2,2023-09-30,Retail (Gold),10127.43,1.145,115.96,0.343,34.74,0.7,28.28,3.413
NBFC002,Upper Layer,FY24Q2,2023-09-30,Retail (Housing),37133.9,1.839,682.89,0.552,204.98,0.7,27.29,3.363
NBFC002,Upper Layer,FY24Q2,2023-09-30,Retail (Personal/Unsecured),16879.05,5.587,943.03,1.676,282.89,0.7,29.14,3.304
NBFC002,Upper Layer,FY24Q2,2023-09-30,Retail (Vehicle),33758.09,3.664,1236.9,1.099,371.0,0.7,28.92,3.107
NBFC002,Upper Layer,FY24Q2,2023-09-30,Wholesale/Corporate,20254.85,3.735,756.52,1.12,226.85,0.7,28.08,2.889
NBFC002,Upper Layer,FY24Q4,2024-03-31,Infrastructure,26334.67,1.975,520.11,0.545,143.52,0.724,26.81,3.239
NBFC002,Upper Layer,FY24Q4,2024-03-31,MSME,22572.57,2.874,648.74,0.776,175.16,0.73,25.76,3.214
NBFC002,Upper Layer,FY24Q4,2024-03-31,Microfinance,7524.19,4.738,356.5,1.279,96.23,0.73,27.74,2.74
NBFC002,Upper Layer,FY24Q4,2024-03-31,Retail (Gold),11286.29,0.785,88.6,0.212,23.93,0.73,24.47,3.097
NBFC002,Upper Layer,FY24Q4,2024-03-31,Retail (Housing),41383.05,1.271,525.98,0.343,141.94,0.73,29.12,3.681
NBFC002,Upper Layer,FY24Q4,2024-03-31,Retail (Personal/Unsecured),18810.48,3.702,696.36,1.0,188.1,0.73,27.82,2.957
NBFC002,Upper Layer,FY24Q4,2024-03-31,Retail (Vehicle),37620.96,2.208,830.67,0.596,224.22,0.73,27.21,3.199
NBFC002,Upper Layer,FY24Q4,2024-03-31,Wholesale/Corporate,22572.57,2.594,585.53,0.7,158.01,0.73,29.21,3.097
NBFC002,Upper Layer,FY25Q2,2024-09-30,Infrastructure,28137.34,2.748,773.21,0.6455,181.63,0.765,26.47,2.921
NBFC002,Upper Layer,FY25Q2,2024-09-30,MSME,24117.72,3.887,937.46,0.933,225.02,0.76,27.46,2.59
NBFC002,Upper Layer,FY25Q2,2024-09-30,Microfinance,8039.24,6.236,501.33,1.497,120.35,0.76,23.34,2.756
NBFC002,Upper Layer,FY25Q2,2024-09-30,Retail (Gold),12058.86,1.021,123.12,0.245,29.54,0.76,26.44,2.795
NBFC002,Upper Layer,FY25Q2,2024-09-30,Retail (Personal/Unsecured),20098.1,5.455,1096.35,1.309,263.08,0.76,24.98,3.527
NBFC002,Upper Layer,FY25Q2,2024-09-30,Retail (Vehicle),40196.2,3.228,1297.53,0.775,311.52,0.76,26.92,3.342
NBFC002,Upper Layer,FY25Q2,2024-09-30,Wholesale/Corporate,24117.72,3.507,845.81,0.842,203.07,0.76,24.08,3.322
NBFC002,Upper Layer,FY25Q4,2025-03-31,Infrastructure,29940.01,2.359,706.28,0.495,148.2,0.79,26.58,2.542
NBFC002,Upper Layer,FY25Q4,2025-03-31,MSME,25662.87,3.726,956.2,0.782,200.68,0.79,25.14,3.254
NBFC002,Upper Layer,FY25Q4,2025-03-31,Microfinance,8554.29,5.931,507.35,1.246,106.59,0.79,26.48,3.21
NBFC002,Upper Layer,FY25Q4,2025-03-31,Retail (Gold),12831.43,0.918,117.79,0.193,24.76,0.79,24.9,2.839
NBFC002,Upper Layer,FY25Q4,2025-03-31,Retail (Housing),47048.59,1.568,737.72,0.329,154.79,0.79,25.54,2.644
NBFC002,Upper Layer,FY25Q4,2025-03-31,Retail (Personal/Unsecured),21385.72,4.594,982.46,0.965,206.37,0.79,26.47,2.911
NBFC002,Upper Layer,FY25Q4,2025-03-31,Retail (Vehicle),42771.45,2.875,1229.68,0.604,258.34,0.79,28.69,2.709
NBFC002,Upper Layer,FY25Q4,2025-03-31,Wholesale/Corporate,25662.87,3.006,771.43,0.631,161.93,0.79,26.64,3.225
NBFC003,Upper Layer,FY21Q4,2021-03-31,Infrastructure,15210.05,5.095,774.95,2.293,348.77,0.55,22.12,1.365
NBFC003,Upper Layer,FY21Q4,2021-03-31,MSME,13037.18,7.635,995.39,3.436,447.96,0.55,26.64,1.861
NBFC003,Upper Layer,FY21Q4,2021-03-31,Microfinance,4345.73,11.463,498.15,5.158,224.15,0.55,23.72,1.293
NBFC003,Upper Layer,FY21Q4,2021-03-31,Retail (Gold),6518.59,1.985,129.39,0.893,58.21,0.55,22.27,1.4355
NBFC003,Upper Layer,FY21Q4,2021-03-31,Retail (Housing),23901.5,3.103,741.66,1.45,346.57,0.533,24.3,2.096
NBFC003,Upper Layer,FY21Q4,2021-03-31,Retail (Personal/Unsecured),10864.32,9.506,1032.76,4.278,464.78,0.55,26.85,1.729
NBFC003,Upper Layer,FY21Q4,2021-03-31,Retail (Vehicle),21728.64,6.177,1342.18,2.78,604.06,0.55,27.84,1.467
NBFC003,Upper Layer,FY21Q4,2021-03-31,Wholesale/Corporate,13037.18,6.27,817.43,2.821,367.78,0.55,22.21,0.926
NBFC003,Upper Layer,FY22Q2,2021-09-30,Infrastructure,16065.19,5.152,827.68,2.164,347.65,0.58,27.13,2.134
NBFC003,Upper Layer,FY22Q2,2021-09-30,MSME,13770.16,7.11,979.06,2.986,411.18,0.58,24.67,1.377
NBFC003,Upper Layer,FY22Q2,2021-09-30,Microfinance,4590.05,12.04,552.64,5.057,232.12,0.58,24.36,1.92
NBFC003,Upper Layer,FY22Q2,2021-09-30,Retail (Gold),6885.08,1.948,134.12,0.818,56.32,0.58,24.9,1.626
NBFC003,Upper Layer,FY22Q2,2021-09-30,Retail (Housing),25245.29,3.012,760.39,1.265,319.35,0.58,25.33,1.622
NBFC003,Upper Layer,FY22Q2,2021-09-30,Retail (Personal/Unsecured),11475.13,9.723,1115.73,4.084,468.64,0.58,23.23,2.098
NBFC003,Upper Layer,FY22Q2,2021-09-30,Retail (Vehicle),22950.27,6.314,1449.08,2.652,608.64,0.58,25.15,1.93
NBFC003,Upper Layer,FY22Q2,2021-09-30,Wholesale/Corporate,13770.16,6.388,879.64,2.683,369.45,0.58,25.36,1.87
NBFC003,Upper Layer,FY22Q4,2022-03-31,Infrastructure,16923.9,4.484,758.87,1.749,296.0,0.61,26.51,1.403
NBFC003,Upper Layer,FY22Q4,2022-03-31,MSME,14506.2,6.562,951.9,2.559,371.21,0.61,23.73,1.985
NBFC003,Upper Layer,FY22Q4,2022-03-31,Microfinance,4835.4,10.544,509.84,4.112,198.83,0.61,28.34,2.234
NBFC003,Upper Layer,FY22Q4,2022-03-31,Retail (Gold),7253.1,1.902,137.95,0.742,53.82,0.61,28.75,1.196
NBFC003,Upper Layer,FY22Q4,2022-03-31,Retail (Housing),26594.71,2.801,744.92,1.092,290.41,0.61,26.76,2.006
NBFC003,Upper Layer,FY22Q4,2022-03-31,Retail (Personal/Unsecured),12088.5,8.654,1046.14,3.375,407.99,0.61,25.91,1.289
NBFC003,Upper Layer,FY22Q4,2022-03-31,Retail (Vehicle),24177.01,5.2,1257.2,2.028,490.31,0.61,28.71,1.421
NBFC003,Upper Layer,FY22Q4,2022-03-31,Wholesale/Corporate,14506.2,5.96,864.57,2.324,337.12,0.61,25.7,1.475
NBFC003,Upper Layer,FY23Q2,2022-09-30,Infrastructure,18319.32,4.192,767.95,1.509,276.44,0.64,28.44,1.522
NBFC003,Upper Layer,FY23Q2,2022-09-30,Microfinance,5234.09,8.98,470.02,3.233,169.22,0.64,25.3,1.965
NBFC003,Upper Layer,FY23Q2,2022-09-30,Retail (Gold),7851.14,1.55,121.69,0.558,43.81,0.64,27.64,2.398
NBFC003,Upper Layer,FY23Q2,2022-09-30,Retail (Personal/Unsecured),13085.23,7.631,998.53,2.747,359.45,0.64,24.74,2.097
NBFC003,Upper Layer,FY23Q2,2022-09-30,Retail (Vehicle),26170.46,4.788,1253.04,1.724,451.18,0.64,24.48,2.223
NBFC003,Upper Layer,FY23Q2,2022-09-30,Wholesale/Corporate,15702.28,5.239,822.64,1.886,296.15,0.64,25.23,2.636
NBFC003,Upper Layer,FY23Q4,2023-03-31,Infrastructure,19786.3,3.314,655.72,1.094,216.46,0.67,25.56,2.69
NBFC003,Upper Layer,FY23Q4,2023-03-31,MSME,16959.68,4.58,776.75,1.5074999999999998,255.67,0.671,25.72,3.404
NBFC003,Upper Layer,FY23Q4,2023-03-31,Microfinance,5653.23,7.206,407.37,2.378,134.43,0.67,30.17,3.196
NBFC003,Upper Layer,FY23Q4,2023-03-31,Retail (Gold),8479.84,1.187,100.66,0.392,33.24,0.67,28.05,2.462
NBFC003,Upper Layer,FY23Q4,2023-03-31,Retail (Housing),31092.76,2.008,624.34,0.663,206.14,0.67,29.76,2.439
NBFC003,Upper Layer,FY23Q4,2023-03-31,Retail (Personal/Unsecured),14133.07,5.902,834.13,1.948,275.31,0.67,27.28,3.088
NBFC003,Upper Layer,FY23Q4,2023-03-31,Retail (Vehicle),28266.14,3.599,1017.3,1.188,335.8,0.67,25.23,2.544
NBFC003,Upper Layer,FY23Q4,2023-03-31,Wholesale/Corporate,16959.68,4.148,703.49,1.369,232.18,0.67,29.85,2.417
NBFC003,Upper Layer,FY24Q2,2023-09-30,Infrastructure,21575.29,2.883,622.02,0.865,186.63,0.7,30.13,2.773
NBFC003,Upper Layer,FY24Q2,2023-09-30,MSME,18493.11,4.247,785.4,1.274,235.6,0.7,27.95,3.146
NBFC003,Upper Layer,FY24Q2,2023-09-30,Microfinance,6164.37,7.191,443.28,2.157,132.97,0.7,26.05,3.52
NBFC003,Upper Layer,FY24Q2,2023-09-30,Retail (Gold),9246.55,1.208,111.7,0.362,33.47,0.7,30.41,2.816
NBFC003,Upper Layer,FY24Q2,2023-09-30,Retail (Housing),33904.03,1.824,618.41,0.547,185.46,0.7,26.9,3.24
NBFC003,Upper Layer,FY24Q2,2023-09-30,Retail (Personal/Unsecured),15410.92,5.96,918.49,1.788,275.55,0.7,26.93,3.075
NBFC003,Upper Layer,FY24Q2,2023-09-30,Retail (Vehicle),30821.85,3.555,1095.72,1.066,328.56,0.7,28.05,3.502
NBFC003,Upper Layer,FY24Q2,2023-09-30,Wholesale/Corporate,18493.11,3.999,739.54,1.2,221.92,0.7,30.16,2.946
NBFC003,Upper Layer,FY24Q4,2024-03-31,Infrastructure,24044.11,1.956,470.3,0.528,126.95,0.73,29.47,3.715
NBFC003,Upper Layer,FY24Q4,2024-03-31,MSME,20609.24,2.828,582.83,0.764,157.45,0.73,23.91,3.643
NBFC003,Upper Layer,FY24Q4,2024-03-31,Microfinance,6869.75,4.489,308.38,1.212,83.26,0.73,28.46,3.198
NBFC003,Upper Layer,FY24Q4,2024-03-31,Retail (Gold),10304.62,0.7675000000000001,79.09,0.219,22.57,0.715,26.99,2.732
NBFC003,Upper Layer,FY24Q4,2024-03-31,Retail (Housing),37783.6,1.166,440.56,0.315,119.02,0.73,26.34,2.765
NBFC003,Upper Layer,FY24Q4,2024-03-31,Retail (Personal/Unsecured),17174.36,3.847,660.7,1.039,178.44,0.73,23.79,3.511
NBFC003,Upper Layer,FY24Q4,2024-03-31,Retail (Vehicle),34348.73,2.301,790.36,0.655,224.98,0.715,26.41,3.233
NBFC003,Upper Layer,FY24Q4,2024-03-31,Wholesale/Corporate,20609.24,2.634,542.85,0.711,146.53,0.73,29.42,3.134
NBFC003,Upper Layer,FY25Q2,2024-09-30,Infrastructure,25689.99,2.804,720.35,0.673,172.89,0.76,23.19,3.0629999999999997
NBFC003,Upper Layer,FY25Q2,2024-09-30,MSME,22019.99,3.799,836.54,0.912,200.82,0.76,25.47,3.503
NBFC003,Upper Layer,FY25Q2,2024-09-30,Microfinance,7340.0,6.221,456.62,1.493,109.59,0.76,27.94,3.379
NBFC003,Upper Layer,FY25Q2,2024-09-30,Retail (Gold),11009.99,1.049,115.49,0.252,27.75,0.76,26.73,3.164
NBFC003,Upper Layer,FY25Q2,2024-09-30,Retail (Housing),40369.98,1.667,672.97,0.4,161.48,0.76,28.77,2.439
NBFC003,Upper Layer,FY25Q2,2024-09-30,Retail (Personal/Unsecured),18349.99,5.378,986.86,1.291,236.9,0.76,24.95,3.408
NBFC003,Upper Layer,FY25Q2,2024-09-30,Retail (Vehicle),36699.98,3.204,1175.87,0.769,282.22,0.76,26.17,3.585
NBFC003,Upper Layer,FY25Q2,2024-09-30,Wholesale/Corporate,22019.99,3.562,784.35,0.855,188.27,0.76,23.58,3.419
NBFC003,Upper Layer,FY25Q4,2025-03-31,Infrastructure,27335.86,2.562,700.34,0.538,147.07,0.79,27.57,3.167
NBFC003,Upper Layer,FY25Q4,2025-03-31,MSME,23430.74,3.395,795.47,0.713,167.06,0.79,26.41,2.233
NBFC003,Upper Layer,FY25Q4,2025-03-31,Microfinance,7810.25,5.858,457.52,1.23,96.07,0.79,27.98,2.7385
NBFC003,Upper Layer,FY25Q4,2025-03-31,Retail (Gold),11715.37,0.926,108.48,0.194,22.73,0.79,26.62,2.704
NBFC003,Upper Layer,FY25Q4,2025-03-31,Retail (Housing),42956.36,1.521,653.37,0.319,137.03,0.79,23.7,2.45
NBFC003,Upper Layer,FY25Q4,2025-03-31,Retail (Personal/Unsecured),19525.62,4.833,943.67,1.015,198.19,0.79,25.21,2.291
NBFC003,Upper Layer,FY25Q4,2025-03-31,Retail (Vehicle),39051.23,2.741,1070.39,0.576,224.94,0.79,27.18,2.293
NBFC003,Upper Layer,FY25Q4,2025-03-31,Wholesale/Corporate,23430.74,3.078,721.2,0.646,151.36,0.79,27.56,2.9515000000000002
NBFC004,Upper Layer,FY21Q4,2021-03-31,Infrastructure,8646.67,4.835,418.07,2.176,188.15,0.55,22.38,1.557
NBFC004,Upper Layer,FY21Q4,2021-03-31,MSME,7411.43,7.131,528.51,3.209,237.83,0.55,22.79,1.777
NBFC004,Upper Layer,FY21Q4,2021-03-31,Microfinance,2470.48,11.722,289.59,5.275,130.32,0.55,25.58,0.902
NBFC004,Upper Layer,FY21Q4,2021-03-31,Retail (Gold),3705.72,1.985,73.56,0.893,33.09,0.55,25.37,1.218
NBFC004,Upper Layer,FY21Q4,2021-03-31,Retail (Housing),13587.63,3.141,426.79,1.413,191.99,0.55,26.1,1.305
NBFC004,Upper Layer,FY21Q4,2021-03-31,Retail (Personal/Unsecured),6176.19,9.734,601.19,4.38,270.52,0.55,25.29,1.251
NBFC004,Upper Layer,FY21Q4,2021-03-31,Retail (Vehicle),12352.39,6.141,758.56,2.763,341.3,0.55,25.59,1.528
NBFC004,Upper Layer,FY21Q4,2021-03-31,Wholesale/Corporate,7411.43,6.72,498.05,3.024,224.12,0.55,24.1,1.664
NBFC004,Upper Layer,FY22Q2,2021-09-30,Infrastructure,9132.81,5.337,487.42,2.242,204.76,0.58,25.83,1.919
NBFC004,Upper Layer,FY22Q2,2021-09-30,MSME,7828.12,7.411,580.14,3.158,247.21,0.574,28.51,1.155
NBFC004,Upper Layer,FY22Q2,2021-09-30,Microfinance,2609.37,11.958,312.03,5.022,131.04,0.58,24.47,1.719
NBFC004,Upper Layer,FY22Q2,2021-09-30,Retail (Gold),3914.06,1.948,76.25,0.818,32.02,0.58,25.14,1.811
NBFC004,Upper Layer,FY22Q2,2021-09-30,Retail (Housing),14351.55,3.254,467.0,1.367,196.19,0.58,25.75,1.254
NBFC004,Upper Layer,FY22Q2,2021-09-30,Retail (Personal/Unsecured),6523.43,10.177,663.89,4.274,278.81,0.58,24.05,1.608
NBFC004,Upper Layer,FY22Q2,2021-09-30,Retail (Vehicle),13046.86,5.897,769.37,2.477,323.17,0.58,27.43,1.361
NBFC004,Upper Layer,FY22Q2,2021-09-30,Wholesale/Corporate,7828.12,6.386,499.9,2.682,209.95,0.58,24.98,2.033
NBFC004,Upper Layer,FY22Q4,2022-03-31,Infrastructure,9620.97,4.508,433.71,1.758,169.14,0.61,28.66,1.962
NBFC004,Upper Layer,FY22Q4,2022-03-31,MSME,8246.55,6.798,560.6,2.651,218.62,0.61,28.11,1.998
NBFC004,Upper Layer,FY22Q4,2022-03-31,Microfinance,2748.85,11.246,309.14,4.386,120.56,0.61,26.85,1.354
NBFC004,Upper Layer,FY22Q4,2022-03-31,Retail (Gold),4123.27,1.748,72.07,0.682,28.12,0.61,26.17,1.268
NBFC004,Upper Layer,FY22Q4,2022-03-31,Retail (Housing),15118.67,2.806,424.23,1.094,165.4,0.61,25.5,1.38
NBFC004,Upper Layer,FY22Q4,2022-03-31,Retail (Personal/Unsecured),6872.12,9.377,644.4,3.657,251.31,0.61,26.68,2.264
NBFC004,Upper Layer,FY22Q4,2022-03-31,Retail (Vehicle),13744.25,5.507,756.9,2.148,295.23,0.61,25.21,1.621
NBFC004,Upper Layer,FY22Q4,2022-03-31,Wholesale/Corporate,8246.55,6.002,494.96,2.341,193.05,0.61,29.47,1.983
NBFC004,Upper Layer,FY23Q2,2022-09-30,Infrastructure,10414.25,4.01,417.61,1.464,152.46,0.635,30.37,1.558
NBFC004,Upper Layer,FY23Q2,2022-09-30,MSME,8926.5,5.828,520.24,2.015,179.87,0.654,28.41,2.279
NBFC004,Upper Layer,FY23Q2,2022-09-30,Microfinance,2975.5,9.602,285.71,3.457,102.86,0.64,28.72,2.243
NBFC004,Upper Layer,FY23Q2,2022-09-30,Retail (Gold),4463.25,1.554,69.36,0.559,24.95,0.64,27.23,2.502
NBFC004,Upper Layer,FY23Q2,2022-09-30,Retail (Housing),16365.24,2.368,387.53,0.852,139.43,0.64,29.46,2.516
NBFC004,Upper Layer,FY23Q2,2022-09-30,Retail (Personal/Unsecured),7438.75,8.108,603.13,2.919,217.14,0.64,26.3,2.505
NBFC004,Upper Layer,FY23Q2,2022-09-30,Retail (Vehicle),14877.49,4.957,737.48,1.785,265.56,0.64,25.11,1.827
NBFC004,Upper Layer,FY23Q2,2022-09-30,Wholesale/Corporate,8926.5,5.246,468.28,1.889,168.62,0.64,25.02,2.013
NBFC004,Upper Layer,FY23Q4,2023-03-31,Infrastructure,11248.2,3.078,346.22,1.016,114.28,0.67,28.14,3.328
NBFC004,Upper Layer,FY23Q4,2023-03-31,MSME,9641.31,4.397,423.93,1.451,139.9,0.67,28.2,3.175
NBFC004,Upper Layer,FY23Q4,2023-03-31,Microfinance,3213.77,7.283,234.06,2.403,77.23,0.67,26.95,2.622
NBFC004,Upper Layer,FY23Q4,2023-03-31,Retail (Gold),4820.66,1.258,60.64,0.415,20.01,0.67,25.76,3.171
NBFC004,Upper Layer,FY23Q4,2023-03-31,Retail (Housing),17675.74,1.943,343.44,0.641,113.3,0.67,29.41,3.304
NBFC004,Upper Layer,FY23Q4,2023-03-31,Retail (Personal/Unsecured),8034.43,6.248,501.99,2.062,165.67,0.67,29.38,2.888
NBFC004,Upper Layer,FY23Q4,2023-03-31,Retail (Vehicle),16068.86,3.726,598.73,1.23,197.65,0.67,25.46,3.056
NBFC004,Upper Layer,FY23Q4,2023-03-31,Wholesale/Corporate,9641.31,4.077,393.08,1.376,132.66,0.663,26.87,2.563
NBFC004,Upper Layer,FY24Q2,2023-09-30,Infrastructure,12265.21,2.971,364.4,0.891,109.28,0.7,28.81,2.795
NBFC004,Upper Layer,FY24Q2,2023-09-30,MSME,10513.04,4.32,454.16,1.296,136.25,0.7,29.6,2.864
NBFC004,Upper Layer,FY24Q2,2023-09-30,Microfinance,3504.35,7.109,249.12,2.133,74.75,0.7,29.54,3.437
NBFC004,Upper Layer,FY24Q2,2023-09-30,Retail (Gold),5256.52,1.222,64.23,0.367,19.29,0.7,29.08,2.87
NBFC004,Upper Layer,FY24Q2,2023-09-30,Retail (Housing),19273.91,1.869,360.23,0.561,108.13,0.7,26.95,3.369
NBFC004,Upper Layer,FY24Q2,2023-09-30,Retail (Personal/Unsecured),8760.87,5.8934999999999995,516.32,1.795,157.26,0.695,27.95,2.728
NBFC004,Upper Layer,FY24Q2,2023-09-30,Retail (Vehicle),17521.74,3.671,643.22,1.101,192.91,0.7,28.07,3.259
NBFC004,Upper Layer,FY24Q2,2023-09-30,Wholesale/Corporate,10513.04,3.848,404.54,1.154,121.32,0.7,30.44,2.846
NBFC004,Upper Layer,FY24Q4,2024-03-31,Infrastructure,13668.7,2.056,281.03,0.555,75.86,0.73,24.45,3.262
NBFC004,Upper Layer,FY24Q4,2024-03-31,MSME,11716.03,2.735,320.43,0.738,86.46,0.73,27.67,2.999
NBFC004,Upper Layer,FY24Q4,2024-03-31,Microfinance,3905.34,4.773,186.4,1.289,50.34,0.73,27.22,3.14
NBFC004,Upper Layer,FY24Q4,2024-03-31,Retail (Gold),5858.01,0.788,46.16,0.213,12.48,0.73,27.29,2.86
NBFC004,Upper Layer,FY24Q4,2024-03-31,Retail (Housing),21479.38,1.208,259.47,0.313,67.23,0.741,26.68,3.618
NBFC004,Upper Layer,FY24Q4,2024-03-31,Retail (Personal/Unsecured),9763.36,3.855,376.38,1.041,101.64,0.73,25.43,3.667
NBFC004,Upper Layer,FY24Q4,2024-03-31,Retail (Vehicle),19526.71,2.301,449.31,0.626,122.24,0.728,28.51,3.25
NBFC004,Upper Layer,FY24Q4,2024-03-31,Wholesale/Corporate,11716.03,2.634,308.6,0.711,83.3,0.73,28.25,3.477
NBFC004,Upper Layer,FY25Q2,2024-09-30,Infrastructure,14604.35,2.689,392.71,0.655,95.66,0.756,25.16,2.581
NBFC004,Upper Layer,FY25Q2,2024-09-30,MSME,12518.02,3.803,476.06,0.913,114.29,0.76,26.23,3.249
NBFC004,Upper Layer,FY25Q2,2024-09-30,Microfinance,4172.67,6.565,273.94,1.576,65.76,0.76,25.64,2.938
NBFC004,Upper Layer,FY25Q2,2024-09-30,Retail (Gold),6259.01,1.0,62.59,0.24,15.02,0.76,27.8,3.059
NBFC004,Upper Layer,FY25Q2,2024-09-30,Retail (Housing),22949.7,1.592,365.36,0.382,87.67,0.76,23.66,3.109
NBFC004,Upper Layer,FY25Q2,2024-09-30,Retail (Personal/Unsecured),10431.68,5.297000000000001,552.57,1.31,136.66,0.753,23.28,2.931
NBFC004,Upper Layer,FY25Q2,2024-09-30,Retail (Vehicle),20863.36,3.212,670.13,0.771,160.86,0.76,28.87,2.883
NBFC004,Upper Layer,FY25Q2,2024-09-30,Wholesale/Corporate,12518.02,3.277,410.22,0.786,98.39,0.76,23.65,3.4
NBFC004,Upper Layer,FY25Q4,2025-03-31,Infrastructure,15540.01,2.412,374.83,0.507,78.79,0.79,25.24,3.132
NBFC004,Upper Layer,FY25Q4,2025-03-31,MSME,13320.01,3.543,471.93,0.744,99.1,0.79,26.84,2.484
NBFC004,Upper Layer,FY25Q4,2025-03-31,Microfinance,4440.0,5.478,243.22,1.15,51.06,0.79,28.39,2.553
NBFC004,Upper Layer,FY25Q4,2025-03-31,Retail (Gold),6660.0,0.946,63.0,0.199,13.25,0.79,27.26,2.668
NBFC004,Upper Layer,FY25Q4,2025-03-31,Retail (Housing),24420.01,1.488,363.37,0.312,76.19,0.79,23.17,2.828
NBFC004,Upper Layer,FY25Q4,2025-03-31,Retail (Personal/Unsecured),11100.0,4.757,528.03,0.999,110.89,0.79,23.03,3.184
NBFC004,Upper Layer,FY25Q4,2025-03-31,Retail (Vehicle),22200.01,2.898,643.36,0.609,135.2,0.79,23.98,2.512
NBFC004,Upper Layer,FY25Q4,2025-03-31,Wholesale/Corporate,13320.01,3.111,414.39,0.653,86.98,0.79,26.72,3.108
NBFC005,Upper Layer,FY21Q4,2021-03-31,Infrastructure,9540.41,4.831,460.9,2.174,207.41,0.55,24.43,1.083
NBFC005,Upper Layer,FY21Q4,2021-03-31,MSME,8177.5,7.228,591.07,3.253,266.01,0.55,23.61,1.318
NBFC005,Upper Layer,FY21Q4,2021-03-31,Microfinance,2725.83,11.265,307.06,5.069,138.17,0.55,24.46,2.001
NBFC005,Upper Layer,FY21Q4,2021-03-31,Retail (Gold),4088.75,1.936,79.16,0.871,35.61,0.55,23.07,1.45
NBFC005,Upper Layer,FY21Q4,2021-03-31,Retail (Housing),14992.07,3.112,466.55,1.4,209.89,0.55,24.65,1.357
NBFC005,Upper Layer,FY21Q4,2021-03-31,Retail (Personal/Unsecured),6814.58,10.103,688.48,4.546,309.79,0.55,24.68,1.472
NBFC005,Upper Layer,FY21Q4,2021-03-31,Retail (Vehicle),13629.16,5.894,803.3,2.652,361.45,0.55,25.29,1.583
NBFC005,Upper Layer,FY21Q4,2021-03-31,Wholesale/Corporate,8177.5,6.232,509.62,2.804,229.3,0.55,27.66,1.001
NBFC005,Upper Layer,FY22Q2,2021-09-30,Infrastructure,10076.79,5.314,535.48,2.1654999999999998,218.21,0.592,27.49,1.524
NBFC005,Upper Layer,FY22Q2,2021-09-30,MSME,8637.25,7.548,651.94,3.17,273.8,0.58,24.55,1.649
NBFC005,Upper Layer,FY22Q2,2021-09-30,Microfinance,2936.66,12.268,360.27,5.153,151.33,0.58,27.93,1.15
NBFC005,Upper Layer,FY22Q2,2021-09-30,Retail (Gold),4318.63,2.046,88.36,0.859,37.1,0.58,27.33,2.17
NBFC005,Upper Layer,FY22Q2,2021-09-30,Retail (Housing),15834.96,3.286,520.34,1.38,218.52,0.58,28.36,1.366
NBFC005,Upper Layer,FY22Q2,2021-09-30,Retail (Personal/Unsecured),7197.71,9.606,691.41,4.035,290.43,0.58,27.27,2.17
NBFC005,Upper Layer,FY22Q2,2021-09-30,Retail (Vehicle),14395.42,5.947,856.1,2.642,380.33,0.556,24.41,1.504
NBFC005,Upper Layer,FY22Q2,2021-09-30,Wholesale/Corporate,8637.25,6.421,554.6,2.697,232.95,0.58,23.53,1.336
NBFC005,Upper Layer,FY22Q4,2022-03-31,Infrastructure,10615.42,4.707,499.67,1.836,194.9,0.61,25.07,1.71
NBFC005,Upper Layer,FY22Q4,2022-03-31,MSME,9098.93,6.495,590.98,2.533,230.48,0.61,25.69,1.362
NBFC005,Upper Layer,FY22Q4,2022-03-31,Microfinance,3032.98,10.925,331.35,4.261,129.24,0.61,25.11,1.566
NBFC005,Upper Layer,FY22Q4,2022-03-31,Retail (Gold),4549.47,1.885,85.76,0.735,33.44,0.61,27.17,1.84
NBFC005,Upper Layer,FY22Q4,2022-03-31,Retail (Housing),16681.37,2.838,473.42,1.107,184.66,0.61,25.24,1.367
NBFC005,Upper Layer,FY22Q4,2022-03-31,Retail (Personal/Unsecured),7582.44,8.995,682.04,3.508,265.99,0.61,26.33,2.294
NBFC005,Upper Layer,FY22Q4,2022-03-31,Retail (Vehicle),15164.88,5.527,838.16,2.156,326.95,0.61,27.71,1.464
NBFC005,Upper Layer,FY22Q4,2022-03-31,Wholesale/Corporate,9098.93,6.136,558.31,2.393,217.74,0.61,26.93,1.328
NBFC005,Upper Layer,FY23Q2,2022-09-30,Infrastructure,11490.69,4.064,466.98,1.463,168.11,0.64,25.05,1.901
NBFC005,Upper Layer,FY23Q2,2022-09-30,MSME,9849.16,5.977,588.68,2.098,206.64,0.649,25.15,2.527
NBFC005,Upper Layer,FY23Q2,2022-09-30,Microfinance,3283.05,9.421,309.3,3.42,112.28,0.637,24.52,2.301
NBFC005,Upper Layer,FY23Q2,2022-09-30,Retail (Gold),4924.58,1.526,75.15,0.549,27.04,0.64,25.89,2.317
NBFC005,Upper Layer,FY23Q2,2022-09-30,Retail (Housing),18056.79,2.463,444.74,0.887,160.16,0.64,27.16,2.28
NBFC005,Upper Layer,FY23Q2,2022-09-30,Retail (Personal/Unsecured),8207.63,8.242,676.47,2.967,243.52,0.64,27.39,2.163
NBFC005,Upper Layer,FY23Q2,2022-09-30,Retail (Vehicle),16415.27,4.814,790.23,1.733,284.48,0.64,29.01,2.25
NBFC005,Upper Layer,FY23Q2,2022-09-30,Wholesale/Corporate,9849.16,4.958,488.32,1.785,175.81,0.64,28.55,2.25
NBFC005,Upper Layer,FY23Q4,2023-03-31,Infrastructure,12410.84,3.203,397.52,1.057,131.18,0.67,25.85,2.492
NBFC005,Upper Layer,FY23Q4,2023-03-31,MSME,10637.86,4.779,508.38,1.577,167.76,0.67,25.75,2.353
NBFC005,Upper Layer,FY23Q4,2023-03-31,Microfinance,3616.87,7.317,264.65,2.415,87.35,0.67,29.44,2.771
NBFC005,Upper Layer,FY23Q4,2023-03-31,Retail (Gold),5318.93,1.178,62.66,0.389,20.69,0.67,25.32,3.496
NBFC005,Upper Layer,FY23Q4,2023-03-31,Retail (Housing),19502.75,1.997,389.47,0.659,128.52,0.67,28.4,3.225
NBFC005,Upper Layer,FY23Q4,2023-03-31,Retail (Personal/Unsecured),8864.88,6.418,568.95,2.118,187.76,0.67,30.0,2.75
NBFC005,Upper Layer,FY23Q4,2023-03-31,Retail (Vehicle),17729.77,3.752,665.22,1.238,219.49,0.67,27.61,3.152
NBFC005,Upper Layer,FY23Q4,2023-03-31,Wholesale/Corporate,10637.86,4.074,433.39,1.344,142.97,0.67,26.87,3.193
NBFC005,Upper Layer,FY24Q2,2023-09-30,Infrastructure,13532.98,3.055,413.43,0.916,123.96,0.7,27.14,2.928
NBFC005,Upper Layer,FY24Q2,2023-09-30,MSME,11599.69,4.261,494.26,1.278,148.24,0.7,29.21,2.624
NBFC005,Upper Layer,FY24Q2,2023-09-30,Microfinance,3866.56,6.96,269.11,2.088,80.73,0.7,28.37,3.277
NBFC005,Upper Layer,FY24Q2,2023-09-30,Retail (Gold),5799.85,1.173,68.03,0.352,20.42,0.7,28.51,2.963
NBFC005,Upper Layer,FY24Q2,2023-09-30,Retail (Housing),21266.1,1.829,388.96,0.549,116.75,0.7,30.45,2.66
NBFC005,Upper Layer,FY24Q2,2023-09-30,Retail (Personal/Unsecured),9666.41,5.588,540.16,1.676,162.01,0.7,25.91,2.726
NBFC005,Upper Layer,FY24Q2,2023-09-30,Retail (Vehicle),19332.82,3.42,661.18,1.026,198.35,0.7,28.49,3.107
NBFC005,Upper Layer,FY24Q2,2023-09-30,Wholesale/Corporate,11599.69,3.973,460.86,1.192,138.27,0.7,25.61,3.638
NBFC005,Upper Layer,FY24Q4,2024-03-31,Infrastructure,15081.53,1.921,289.72,0.519,78.27,0.73,23.98,3.237
NBFC005,Upper Layer,FY24Q4,2024-03-31,MSME,12927.02,2.976,384.71,0.804,103.93,0.73,28.22,2.772
NBFC005,Upper Layer,FY24Q4,2024-03-31,Microfinance,4309.01,4.437,191.19,1.198,51.62,0.73,28.86,3.106
NBFC005,Upper Layer,FY24Q4,2024-03-31,Retail (Gold),6463.51,0.742,47.96,0.2,12.93,0.73,25.2,2.742
NBFC005,Upper Layer,FY24Q4,2024-03-31,Retail (Housing),23699.54,1.209,286.53,0.326,77.26,0.73,26.68,3.687
NBFC005,Upper Layer,FY24Q4,2024-03-31,Retail (Personal/Unsecured),10772.52,3.868,416.68,1.044,112.47,0.73,25.29,2.897
NBFC005,Upper Layer,FY24Q4,2024-03-31,Retail (Vehicle),21545.04,2.2,473.99,0.594,127.98,0.73,25.42,3.706
NBFC005,Upper Layer,FY24Q4,2024-03-31,Wholesale/Corporate,12927.02,2.577,333.13,0.696,89.97,0.73,28.23,3.243
NBFC005,Upper Layer,FY25Q2,2024-09-30,Infrastructure,16113.89,2.745,442.33,0.659,106.19,0.76,25.84,2.878
NBFC005,Upper Layer,FY25Q2,2024-09-30,MSME,13811.91,3.75,517.95,0.9,124.31,0.76,28.33,3.417
NBFC005,Upper Layer,FY25Q2,2024-09-30,Microfinance,4603.97,6.546,301.38,1.571,72.33,0.76,27.93,2.909
NBFC005,Upper Layer,FY25Q2,2024-09-30,Retail (Housing),25321.83,1.68,425.41,0.403,102.05,0.76,27.66,2.642
NBFC005,Upper Layer,FY25Q2,2024-09-30,Retail (Personal/Unsecured),11509.92,5.399,621.42,1.296,149.17,0.76,23.89,3.41
NBFC005,Upper Layer,FY25Q2,2024-09-30,Retail (Vehicle),23019.85,3.11,715.92,0.746,171.73,0.76,25.51,3.252
NBFC005,Upper Layer,FY25Q2,2024-09-30,Wholesale/Corporate,13811.91,3.4,469.6,0.816,112.71,0.76,25.26,3.592
NBFC005,Upper Layer,FY25Q4,2025-03-31,Infrastructure,17146.26,2.499,428.49,0.525,90.02,0.79,25.08,2.79
NBFC005,Upper Layer,FY25Q4,2025-03-31,MSME,14696.79,3.699,543.63,0.777,114.19,0.79,24.56,2.446
NBFC005,Upper Layer,FY25Q4,2025-03-31,Microfinance,4898.93,5.589,273.8,1.174,57.51,0.79,28.33,3.367
NBFC005,Upper Layer,FY25Q4,2025-03-31,Retail (Gold),7348.4,0.98,72.01,0.206,15.14,0.79,25.68,2.25
NBFC005,Upper Layer,FY25Q4,2025-03-31,Retail (Housing),26944.12,1.485,400.12,0.312,84.07,0.79,26.53,2.277
NBFC005,Upper Layer,FY25Q4,2025-03-31,Retail (Personal/Unsecured),12247.33,5.036,616.78,1.058,129.58,0.79,22.7,3.316
NBFC005,Upper Layer,FY25Q4,2025-03-31,Retail (Vehicle),24494.65,2.785,682.18,0.585,143.29,0.79,23.49,3.044
NBFC005,Upper Layer,FY25Q4,2025-03-31,Wholesale/Corporate,14990.73,3.03,454.22,0.636,95.34,0.79,28.34,2.756
NBFC006,Upper Layer,FY21Q4,2021-03-31,Infrastructure,16376.93,5.114,837.52,2.301,376.83,0.55,22.2,1.368
NBFC006,Upper Layer,FY21Q4,2021-03-31,MSME,14037.37,7.207,1011.67,3.243,455.23,0.55,22.48,1.0
NBFC006,Upper Layer,FY21Q4,2021-03-31,Microfinance,4679.12,12.268,574.03,5.521,258.33,0.55,22.17,1.691
NBFC006,Upper Layer,FY21Q4,2021-03-31,Retail (Gold),7018.68,1.957,137.36,0.881,61.83,0.55,23.43,1.599
NBFC006,Upper Layer,FY21Q4,2021-03-31,Retail (Housing),25735.17,3.146,809.63,1.416,364.41,0.55,24.88,1.587
NBFC006,Upper Layer,FY21Q4,2021-03-31,Retail (Personal/Unsecured),11697.8,9.879,1155.63,4.446,520.08,0.55,24.02,1.773
NBFC006,Upper Layer,FY21Q4,2021-03-31,Retail (Vehicle),23395.61,6.19,1448.19,2.786,651.8,0.55,22.28,1.305
NBFC006,Upper Layer,FY21Q4,2021-03-31,Wholesale/Corporate,14037.37,6.596,925.9,2.968,416.63,0.55,22.75,1.344
NBFC006,Upper Layer,FY22Q2,2021-09-30,Infrastructure,17297.67,5.388,932.0,2.263,391.45,0.58,28.74,1.366
NBFC006,Upper Layer,FY22Q2,2021-09-30,MSME,14826.58,7.72,1144.61,3.242,480.68,0.58,27.12,1.789
NBFC006,Upper Layer,FY22Q2,2021-09-30,Microfinance,4942.19,12.0605,596.05,4.833,238.86,0.599,25.22,2.036
NBFC006,Upper Layer,FY22Q2,2021-09-30,Retail (Gold),7413.29,1.934,143.37,0.812,60.2,0.58,27.07,1.44
NBFC006,Upper Layer,FY22Q2,2021-09-30,Retail (Housing),27182.06,3.284,892.66,1.379,374.84,0.58,25.03,1.802
NBFC006,Upper Layer,FY22Q2,2021-09-30,Retail (Personal/Unsecured),12355.48,9.874,1219.98,4.147,512.38,0.58,24.46,1.369
NBFC006,Upper Layer,FY22Q2,2021-09-30,Retail (Vehicle),24710.96,6.309,1559.01,2.65,654.84,0.58,27.09,1.623
NBFC006,Upper Layer,FY22Q2,2021-09-30,Wholesale/Corporate,14826.58,6.934,1028.08,2.912,431.75,0.58,25.14,1.187
NBFC006,Upper Layer,FY22Q4,2022-03-31,Infrastructure,18222.27,4.808,876.13,1.875,341.67,0.61,27.18,1.6644999999999999
NBFC006,Upper Layer,FY22Q4,2022-03-31,MSME,15619.09,6.699,1046.32,2.613,408.13,0.61,29.53,1.291
NBFC006,Upper Layer,FY22Q4,2022-03-31,Microfinance,5206.36,10.83,563.85,4.224,219.92,0.61,25.35,1.872
NBFC006,Upper Layer,FY22Q4,2022-03-31,Retail (Gold),7809.54,1.908,149.01,0.709,55.37,0.628,26.17,1.391
NBFC006,Upper Layer,FY22Q4,2022-03-31,Retail (Housing),28634.99,2.789,798.63,1.088,311.55,0.61,26.96,1.982
NBFC006,Upper Layer,FY22Q4,2022-03-31,Retail (Personal/Unsecured),13015.91,9.295,1209.83,3.625,471.83,0.61,23.74,1.638
NBFC006,Upper Layer,FY22Q4,2022-03-31,Retail (Vehicle),26031.81,5.583,1453.36,2.177,566.71,0.61,24.1,1.516
NBFC006,Upper Layer,FY22Q4,2022-03-31,Wholesale/Corporate,15619.09,5.783,903.25,2.255,352.21,0.61,24.09,2.258
NBFC006,Upper Layer,FY23Q2,2022-09-30,Infrastructure,19724.74,3.994,787.81,1.438,283.64,0.64,30.07,1.89
NBFC006,Upper Layer,FY23Q2,2022-09-30,MSME,16906.92,5.745,971.3,2.068,349.64,0.64,26.49,2.173
NBFC006,Upper Layer,FY23Q2,2022-09-30,Microfinance,5635.64,9.369,528.0,3.373,190.09,0.64,27.75,2.33
NBFC006,Upper Layer,FY23Q2,2022-09-30,Retail (Gold),8453.46,1.526,129.0,0.549,46.41,0.64,26.24,2.478
NBFC006,Upper Layer,FY23Q2,2022-09-30,Retail (Housing),30996.02,2.367,733.68,0.852,264.09,0.64,25.86,2.457
NBFC006,Upper Layer,FY23Q2,2022-09-30,Retail (Personal/Unsecured),14089.1,7.639,1076.27,2.75,387.45,0.64,29.04,2.326
NBFC006,Upper Layer,FY23Q2,2022-09-30,Retail (Vehicle),28178.2,4.6,1296.2,1.656,466.63,0.64,28.65,1.559
NBFC006,Upper Layer,FY23Q2,2022-09-30,Wholesale/Corporate,16906.92,5.174,874.76,1.922,324.95,0.629,27.67,2.456
NBFC006,Upper Layer,FY23Q4,2023-03-31,Infrastructure,21304.26,3.039,647.44,1.003,213.68,0.67,29.02,2.826
NBFC006,Upper Layer,FY23Q4,2023-03-31,MSME,18260.79,4.518,825.02,1.491,272.27,0.67,28.75,3.208
NBFC006,Upper Layer,FY23Q4,2023-03-31,Microfinance,6086.93,7.482,455.42,2.469,150.29,0.67,25.67,2.732
NBFC006,Upper Layer,FY23Q4,2023-03-31,Retail (Gold),9130.4,1.256,114.68,0.414,37.8,0.67,26.39,2.683
NBFC006,Upper Layer,FY23Q4,2023-03-31,Retail (Housing),33478.12,1.964,657.51,0.648,216.94,0.67,27.6,3.394
NBFC006,Upper Layer,FY23Q4,2023-03-31,Retail (Personal/Unsecured),15217.33,5.959,906.8,1.966,299.17,0.67,29.11,3.256
NBFC006,Upper Layer,FY23Q4,2023-03-31,Retail (Vehicle),30434.66,3.82,1162.6,1.261,383.78,0.67,29.13,2.627
NBFC006,Upper Layer,FY23Q4,2023-03-31,Wholesale/Corporate,18260.79,3.906,713.27,1.289,235.38,0.67,25.11,2.553
NBFC006,Upper Layer,FY24Q2,2023-09-30,Infrastructure,23230.5,3.149,731.53,0.945,219.53,0.7,29.81,3.654
NBFC006,Upper Layer,FY24Q2,2023-09-30,MSME,19911.86,4.505,897.03,1.351,269.01,0.7,30.43,3.641
NBFC006,Upper Layer,FY24Q2,2023-09-30,Microfinance,6637.29,6.948,461.16,2.084,138.32,0.7,29.87,2.604
NBFC006,Upper Layer,FY24Q2,2023-09-30,Retail (Gold),9955.93,1.186,118.08,0.356,35.44,0.7,25.85,2.774
NBFC006,Upper Layer,FY24Q2,2023-09-30,Retail (Housing),36505.08,1.873,683.74,0.562,205.16,0.7,29.29,3.57
NBFC006,Upper Layer,FY24Q2,2023-09-30,Retail (Personal/Unsecured),16593.22,5.72,949.13,1.716,284.74,0.7,24.67,3.443
NBFC006,Upper Layer,FY24Q2,2023-09-30,Retail (Vehicle),33186.43,3.558,1180.77,1.067,354.1,0.7,26.71,3.05
NBFC006,Upper Layer,FY24Q2,2023-09-30,Wholesale/Corporate,19911.86,3.73,742.71,1.119,222.81,0.7,29.41,3.1254999999999997
NBFC006,Upper Layer,FY24Q4,2024-03-31,Infrastructure,25888.72,1.949,504.57,0.526,136.17,0.73,29.14,3.593
NBFC006,Upper Layer,FY24Q4,2024-03-31,MSME,22190.33,2.794,620.0,0.754,167.32,0.73,25.87,2.748
NBFC006,Upper Layer,FY24Q4,2024-03-31,Microfinance,7396.78,4.637,342.99,1.192,88.17,0.743,27.79,2.768
NBFC006,Upper Layer,FY24Q4,2024-03-31,Retail (Gold),11095.17,0.749,83.1,0.202,22.41,0.73,27.75,2.987
NBFC006,Upper Layer,FY24Q4,2024-03-31,Retail (Housing),40682.27,1.19,484.12,0.321,130.59,0.73,27.82,3.12
NBFC006,Upper Layer,FY24Q4,2024-03-31,Retail (Personal/Unsecured),18491.94,4.016,742.64,1.084,200.45,0.73,25.18,3.407
NBFC006,Upper Layer,FY24Q4,2024-03-31,Retail (Vehicle),36983.89,2.349,868.75,0.634,234.48,0.73,29.15,3.328
NBFC006,Upper Layer,FY24Q4,2024-03-31,Wholesale/Corporate,22190.33,2.555,566.96,0.69,153.11,0.73,27.83,2.929
NBFC006,Upper Layer,FY25Q2,2024-09-30,Infrastructure,27660.86,2.575,712.27,0.618,170.94,0.76,24.98,2.494
NBFC006,Upper Layer,FY25Q2,2024-09-30,MSME,23709.31,3.699,877.01,0.888,210.54,0.76,26.96,3.343
NBFC006,Upper Layer,FY25Q2,2024-09-30,Microfinance,7903.1,6.453,509.99,1.549,122.42,0.76,28.92,2.609
NBFC006,Upper Layer,FY25Q2,2024-09-30,Retail (Gold),11854.66,1.046,124.0,0.251,29.76,0.76,25.35,2.861
NBFC006,Upper Layer,FY25Q2,2024-09-30,Retail (Housing),43467.07,1.622,705.04,0.389,169.09,0.76,23.52,3.58
NBFC006,Upper Layer,FY25Q2,2024-09-30,Retail (Personal/Unsecured),19757.76,5.446,1076.01,1.307,258.23,0.76,23.78,2.905
NBFC006,Upper Layer,FY25Q2,2024-09-30,Retail (Vehicle),39515.52,3.041,1201.67,0.73,288.46,0.76,23.21,2.869
NBFC006,Upper Layer,FY25Q2,2024-09-30,Wholesale/Corporate,23709.31,3.612,856.38,0.867,205.56,0.76,26.61,3.338
NBFC006,Upper Layer,FY25Q4,2025-03-31,Infrastructure,29433.01,2.568,755.84,0.539,158.64,0.79,28.02,2.291
NBFC006,Upper Layer,FY25Q4,2025-03-31,MSME,25228.29,3.642,918.81,0.765,193.0,0.79,25.76,2.447
NBFC006,Upper Layer,FY25Q4,2025-03-31,Microfinance,8409.43,5.854,492.29,1.229,103.35,0.79,26.66,2.731
NBFC006,Upper Layer,FY25Q4,2025-03-31,Retail (Gold),12614.15,0.935,117.94,0.196,24.72,0.79,28.58,2.504
NBFC006,Upper Layer,FY25Q4,2025-03-31,Retail (Housing),46251.87,1.568,725.23,0.329,152.17,0.79,25.01,2.294
NBFC006,Upper Layer,FY25Q4,2025-03-31,Retail (Personal/Unsecured),21023.58,4.614,970.03,0.969,203.72,0.79,22.9,3.353
NBFC006,Upper Layer,FY25Q4,2025-03-31,Retail (Vehicle),42047.16,2.742,1152.93,0.576,242.19,0.79,27.48,2.54
NBFC006,Upper Layer,FY25Q4,2025-03-31,Wholesale/Corporate,25228.29,3.157,796.46,0.663,167.26,0.79,22.81,2.975
NBFC007,Upper Layer,FY21Q4,2021-03-31,Infrastructure,6024.3,4.818,290.25,2.168,130.61,0.55,27.71,1.832
NBFC007,Upper Layer,FY21Q4,2021-03-31,MSME,5163.68,7.639,394.45,3.438,177.53,0.55,26.15,1.043
NBFC007,Upper Layer,FY21Q4,2021-03-31,Microfinance,1721.23,11.414,196.46,5.136,88.4,0.55,23.62,1.536
NBFC007,Upper Layer,FY21Q4,2021-03-31,Retail (Gold),2581.84,2.023,52.23,0.91,23.49,0.55,27.32,1.83
NBFC007,Upper Layer,FY21Q4,2021-03-31,Retail (Housing),9466.75,3.103,293.75,1.396,132.16,0.55,22.47,1.606
NBFC007,Upper Layer,FY21Q4,2021-03-31,Retail (Personal/Unsecured),4303.07,10.259,441.45,4.617,198.67,0.55,26.82,0.951
NBFC007,Upper Layer,FY21Q4,2021-03-31,Retail (Vehicle),8606.14,5.828,501.57,2.623,225.74,0.55,25.9,1.035
NBFC007,Upper Layer,FY21Q4,2021-03-31,Wholesale/Corporate,5163.68,6.64,342.87,2.988,154.29,0.55,22.7,1.57
NBFC007,Upper Layer,FY22Q2,2021-09-30,Infrastructure,6362.99,5.088,323.75,2.137,135.98,0.58,24.11,2.089
NBFC007,Upper Layer,FY22Q2,2021-09-30,MSME,5454.0,7.553,411.94,3.172,173.0,0.58,25.17,1.006
NBFC007,Upper Layer,FY22Q2,2021-09-30,Microfinance,1818.0,12.617,229.38,5.299,96.34,0.58,23.2,1.727
NBFC007,Upper Layer,FY22Q2,2021-09-30,Retail (Gold),2727.0,2.048,55.85,0.86,23.45,0.58,27.13,1.997
NBFC007,Upper Layer,FY22Q2,2021-09-30,Retail (Housing),9998.99,3.214,321.37,1.35,134.99,0.58,23.85,2.127
NBFC007,Upper Layer,FY22Q2,2021-09-30,Retail (Personal/Unsecured),4545.0,10.13,460.41,4.255,193.39,0.58,28.47,1.252
NBFC007,Upper Layer,FY22Q2,2021-09-30,Retail (Vehicle),9089.99,6.103,554.76,2.563,232.98,0.58,24.11,1.462
NBFC007,Upper Layer,FY22Q2,2021-09-30,Wholesale/Corporate,5454.0,6.619,361.0,2.78,151.62,0.58,28.83,1.4545
NBFC007,Upper Layer,FY22Q4,2022-03-31,Infrastructure,6703.11,4.577,306.8,1.785,119.65,0.61,28.63,1.235
NBFC007,Upper Layer,FY22Q4,2022-03-31,MSME,5745.52,6.732,386.79,2.625,150.82,0.61,26.96,1.388
NBFC007,Upper Layer,FY22Q4,2022-03-31,Microfinance,1915.17,10.879,208.35,4.243,81.26,0.61,24.98,1.23
NBFC007,Upper Layer,FY22Q4,2022-03-31,Retail (Gold),2872.76,1.822,52.34,0.711,20.43,0.61,24.51,1.787
NBFC007,Upper Layer,FY22Q4,2022-03-31,Retail (Housing),10533.46,2.921,307.68,1.139,119.98,0.61,27.92,2.162
NBFC007,Upper Layer,FY22Q4,2022-03-31,Retail (Personal/Unsecured),4787.94,9.434,451.69,3.679,176.15,0.61,26.12,1.705
NBFC007,Upper Layer,FY22Q4,2022-03-31,Retail (Vehicle),9575.87,5.533,529.83,2.158,206.65,0.61,27.17,2.141
NBFC007,Upper Layer,FY22Q4,2022-03-31,Wholesale/Corporate,5745.52,6.227,357.77,2.429,139.56,0.61,25.14,1.739
NBFC007,Upper Layer,FY23Q2,2022-09-30,Infrastructure,7255.8,4.067,295.09,1.464,106.22,0.64,29.74,1.704
NBFC007,Upper Layer,FY23Q2,2022-09-30,MSME,6219.26,5.714,355.37,2.057,127.93,0.64,28.31,2.26
NBFC007,Upper Layer,FY23Q2,2022-09-30,Microfinance,2073.09,9.392,194.7,3.381,70.09,0.64,29.13,2.102
NBFC007,Upper Layer,FY23Q2,2022-09-30,Retail (Gold),3109.63,1.623,50.47,0.584,18.16,0.64,24.65,1.629
NBFC007,Upper Layer,FY23Q2,2022-09-30,Retail (Housing),11401.97,2.377,271.02,0.856,97.6,0.64,28.06,2.198
NBFC007,Upper Layer,FY23Q2,2022-09-30,Retail (Personal/Unsecured),5182.71,7.901,409.49,2.844,147.4,0.64,27.665,2.395
NBFC007,Upper Layer,FY23Q2,2022-09-30,Retail (Vehicle),10365.43,4.499,466.34,1.693,175.49,0.624,27.63,1.658
NBFC007,Upper Layer,FY23Q2,2022-09-30,Wholesale/Corporate,6219.26,5.174,321.78,1.811,112.63,0.65,26.26,1.999
NBFC007,Upper Layer,FY23Q4,2023-03-31,Infrastructure,7836.83,3.114,244.04,1.028,80.56,0.67,25.28,2.306
NBFC007,Upper Layer,FY23Q4,2023-03-31,Microfinance,2239.09,7.044,157.72,2.325,52.06,0.67,27.26,3.406
NBFC007,Upper Layer,FY23Q4,2023-03-31,Retail (Gold),3358.64,1.267,42.55,0.418,14.04,0.67,30.33,2.443
NBFC007,Upper Layer,FY23Q4,2023-03-31,Retail (Housing),12315.02,1.893,233.12,0.625,76.97,0.67,28.06,2.644
NBFC007,Upper Layer,FY23Q4,2023-03-31,Retail (Personal/Unsecured),5597.73,5.937,332.34,1.959,109.66,0.67,26.29,3.341
NBFC007,Upper Layer,FY23Q4,2023-03-31,Retail (Vehicle),11195.47,3.695,413.67,1.219,136.47,0.67,27.92,2.547
NBFC007,Upper Layer,FY23Q4,2023-03-31,Wholesale/Corporate,6717.28,4.059,272.65,1.339,89.94,0.67,29.88,3.359
NBFC007,Upper Layer,FY24Q2,2023-09-30,Infrastructure,8545.4,3.137,268.07,0.941,80.41,0.7,28.76,3.437
NBFC007,Upper Layer,FY24Q2,2023-09-30,MSME,7324.63,4.396,321.99,1.308,95.81,0.702,25.83,2.804
NBFC007,Upper Layer,FY24Q2,2023-09-30,Microfinance,2441.54,7.258,177.21,2.177,53.15,0.7,26.57,3.432
NBFC007,Upper Layer,FY24Q2,2023-09-30,Retail (Gold),3662.32,1.215,44.5,0.364,13.33,0.7,28.51,3.465
NBFC007,Upper Layer,FY24Q2,2023-09-30,Retail (Housing),13428.49,1.928,258.9,0.578,77.62,0.7,27.91,3.409
NBFC007,Upper Layer,FY24Q2,2023-09-30,Retail (Personal/Unsecured),6103.86,5.8934999999999995,359.73,1.778,108.53,0.698,29.08,3.285
NBFC007,Upper Layer,FY24Q2,2023-09-30,Retail (Vehicle),12207.72,3.345,408.35,1.003,122.44,0.7,28.98,2.743
NBFC007,Upper Layer,FY24Q2,2023-09-30,Wholesale/Corporate,7324.63,3.754,274.97,1.126,82.48,0.7,28.22,2.77
NBFC007,Upper Layer,FY24Q4,2024-03-31,Infrastructure,9523.23,1.945,185.23,0.525,50.0,0.73,28.22,3.185
NBFC007,Upper Layer,FY24Q4,2024-03-31,MSME,8162.77,2.862,233.62,0.773,63.1,0.73,23.68,3.468
NBFC007,Upper Layer,FY24Q4,2024-03-31,Microfinance,2720.92,4.722,128.48,1.275,34.69,0.73,24.89,3.496
NBFC007,Upper Layer,FY24Q4,2024-03-31,Retail (Gold),4081.39,0.777,31.71,0.21,8.57,0.73,26.755000000000003,3.39
NBFC007,Upper Layer,FY24Q4,2024-03-31,Retail (Housing),14965.08,1.165,174.34,0.315,47.14,0.73,28.9,2.996
NBFC007,Upper Layer,FY24Q4,2024-03-31,Retail (Vehicle),13604.62,2.284,310.73,0.617,83.94,0.73,25.54,2.891
NBFC007,Upper Layer,FY24Q4,2024-03-31,Wholesale/Corporate,8162.77,2.41,196.72,0.651,53.14,0.73,24.12,3.812
NBFC007,Upper Layer,FY25Q2,2024-09-30,Infrastructure,10175.12,2.627,267.3,0.63,64.1,0.76,27.38,3.508
NBFC007,Upper Layer,FY25Q2,2024-09-30,MSME,8721.53,3.927,342.49,0.942,82.16,0.76,25.94,2.672
NBFC007,Upper Layer,FY25Q2,2024-09-30,Microfinance,2907.18,6.322,183.79,1.517,44.1,0.76,24.19,3.018
NBFC007,Upper Layer,FY25Q2,2024-09-30,Retail (Gold),4360.77,1.032,45.0,0.248,10.81,0.76,26.1,3.145
NBFC007,Upper Layer,FY25Q2,2024-09-30,Retail (Housing),15989.48,1.665,266.22,0.4,63.96,0.76,28.6,3.433
NBFC007,Upper Layer,FY25Q2,2024-09-30,Retail (Personal/Unsecured),7267.94,5.412,393.34,1.299,94.41,0.76,27.3,3.536
NBFC007,Upper Layer,FY25Q2,2024-09-30,Retail (Vehicle),14535.89,3.161,459.48,0.759,110.33,0.76,24.11,2.998
NBFC007,Upper Layer,FY25Q2,2024-09-30,Wholesale/Corporate,8721.53,3.538,308.57,0.849,74.05,0.76,25.42,3.473
NBFC007,Upper Layer,FY25Q4,2025-03-31,Infrastructure,10827.01,2.442,264.4,0.513,55.54,0.79,23.56,2.313
NBFC007,Upper Layer,FY25Q4,2025-03-31,MSME,9280.3,3.568,331.12,0.718,66.63,0.799,28.14,2.966
NBFC007,Upper Layer,FY25Q4,2025-03-31,Microfinance,3093.43,6.019,186.19,1.264,39.1,0.79,27.79,2.355
NBFC007,Upper Layer,FY25Q4,2025-03-31,Retail (Gold),4640.15,0.932,43.25,0.196,9.09,0.79,23.14,3.105
NBFC007,Upper Layer,FY25Q4,2025-03-31,Retail (Housing),17013.87,1.482,252.15,0.311,52.91,0.79,25.57,2.502
NBFC007,Upper Layer,FY25Q4,2025-03-31,Retail (Personal/Unsecured),7733.58,4.868,376.47,1.022,79.04,0.79,26.57,2.226
NBFC007,Upper Layer,FY25Q4,2025-03-31,Retail (Vehicle),15467.16,2.87,443.91,0.594,91.87,0.793,24.63,3.209
NBFC007,Upper Layer,FY25Q4,2025-03-31,Wholesale/Corporate,9280.3,3.11,288.62,0.653,60.6,0.79,25.74,2.758
NBFC008,Upper Layer,FY21Q4,2021-03-31,Infrastructure,15753.05,5.217,821.84,2.348,369.88,0.55,23.19,2.014
NBFC008,Upper Layer,FY21Q4,2021-03-31,MSME,13502.62,7.415,1001.22,3.337,450.58,0.55,25.88,1.385
NBFC008,Upper Layer,FY21Q4,2021-03-31,Microfinance,4500.87,11.252,506.44,5.063,227.88,0.55,22.52,1.701
NBFC008,Upper Layer,FY21Q4,2021-03-31,Retail (Gold),6751.31,1.955,131.99,0.88,59.41,0.55,23.86,1.189
NBFC008,Upper Layer,FY21Q4,2021-03-31,Retail (Housing),24754.8,3.103,768.14,1.343,332.46,0.567,24.65,1.519
NBFC008,Upper Layer,FY21Q4,2021-03-31,Retail (Personal/Unsecured),11252.18,10.166,1143.9,4.4585,501.68,0.561,23.73,1.149
NBFC008,Upper Layer,FY21Q4,2021-03-31,Retail (Vehicle),22504.36,6.097,1372.09,2.744,617.52,0.55,25.36,0.979
NBFC008,Upper Layer,FY21Q4,2021-03-31,Wholesale/Corporate,13502.62,6.485,875.64,2.918,394.01,0.55,24.54,2.0
NBFC008,Upper Layer,FY22Q2,2021-09-30,Infrastructure,16638.72,5.089,846.74,2.137,355.57,0.58,25.55,1.006
NBFC008,Upper Layer,FY22Q2,2021-09-30,MSME,14261.76,7.664,1093.02,3.219,459.09,0.58,23.79,1.452
NBFC008,Upper Layer,FY22Q2,2021-09-30,Microfinance,4753.92,12.496,594.05,5.248,249.49,0.58,27.74,1.82
NBFC008,Upper Layer,FY22Q2,2021-09-30,Retail (Housing),26146.56,3.232,845.06,1.357,354.81,0.58,23.51,1.411
NBFC008,Upper Layer,FY22Q2,2021-09-30,Retail (Personal/Unsecured),11884.8,9.98,1186.1,4.192,498.21,0.58,29.09,1.223
NBFC008,Upper Layer,FY22Q2,2021-09-30,Retail (Vehicle),23769.6,5.745,1365.56,2.413,573.56,0.58,23.89,1.26
NBFC008,Upper Layer,FY22Q2,2021-09-30,Wholesale/Corporate,14261.76,6.331,902.91,2.659,379.22,0.58,26.22,1.264
NBFC008,Upper Layer,FY22Q4,2022-03-31,Infrastructure,17528.1,4.909,860.45,1.915,335.66,0.61,28.3,1.371
NBFC008,Upper Layer,FY22Q4,2022-03-31,MSME,15024.08,6.438,967.25,2.511,377.25,0.61,28.56,1.115
NBFC008,Upper Layer,FY22Q4,2022-03-31,Microfinance,5008.03,11.402,571.02,4.447,222.71,0.61,26.86,1.269
NBFC008,Upper Layer,FY22Q4,2022-03-31,Retail (Gold),7512.04,1.802,135.37,0.703,52.81,0.61,27.39,1.219
NBFC008,Upper Layer,FY22Q4,2022-03-31,Retail (Housing),27544.15,2.914,802.64,1.136,312.9,0.61,24.53,1.733
NBFC008,Upper Layer,FY22Q4,2022-03-31,Retail (Personal/Unsecured),12520.07,9.491,1188.28,3.701,463.37,0.61,24.12,1.789
NBFC008,Upper Layer,FY22Q4,2022-03-31,Retail (Vehicle),25040.14,5.357,1341.4,2.089,523.09,0.61,24.54,1.623
NBFC008,Upper Layer,FY22Q4,2022-03-31,Wholesale/Corporate,15024.08,6.039,907.3,2.355,353.82,0.61,27.72,2.064
NBFC008,Upper Layer,FY23Q2,2022-09-30,Infrastructure,18973.33,4.113,780.37,1.481,281.0,0.64,27.03,2.387
NBFC008,Upper Layer,FY23Q2,2022-09-30,MSME,16262.86,5.732,932.19,2.064,335.67,0.64,25.38,1.63
NBFC008,Upper Layer,FY23Q2,2022-09-30,Microfinance,5420.95,9.816,532.12,3.534,191.58,0.64,25.59,1.93
NBFC008,Upper Layer,FY23Q2,2022-09-30,Retail (Gold),8131.43,1.547,125.79,0.557,45.29,0.64,27.155,2.368
NBFC008,Upper Layer,FY23Q2,2022-09-30,Retail (Housing),29815.24,2.555,761.78,0.92,274.3,0.64,25.81,2.029
NBFC008,Upper Layer,FY23Q2,2022-09-30,Retail (Personal/Unsecured),13552.38,7.5,1016.43,2.7,365.91,0.64,24.95,1.602
NBFC008,Upper Layer,FY23Q2,2022-09-30,Retail (Vehicle),27104.76,4.894,1326.51,1.762,477.59,0.64,27.25,2.292
NBFC008,Upper Layer,FY23Q2,2022-09-30,Wholesale/Corporate,16262.86,5.36,871.69,1.93,313.87,0.64,26.87,1.974
NBFC008,Upper Layer,FY23Q4,2023-03-31,Infrastructure,20492.68,3.329,682.2,1.0465,214.46,0.686,28.67,2.522
NBFC008,Upper Layer,FY23Q4,2023-03-31,MSME,17565.16,4.5685,802.46,1.564,274.72,0.658,25.74,2.767
NBFC008,Upper Layer,FY23Q4,2023-03-31,Microfinance,5855.05,7.063,413.54,2.331,136.48,0.67,25.98,2.657
NBFC008,Upper Layer,FY23Q4,2023-03-31,Retail (Gold),8782.58,1.222,107.32,0.403,35.39,0.67,30.47,3.057
NBFC008,Upper Layer,FY23Q4,2023-03-31,Retail (Housing),32202.78,1.883,606.38,0.621,199.98,0.67,26.56,3.311
NBFC008,Upper Layer,FY23Q4,2023-03-31,Retail (Personal/Unsecured),14637.63,6.349,929.34,2.095,306.66,0.67,26.84,2.549
NBFC008,Upper Layer,FY23Q4,2023-03-31,Retail (Vehicle),29275.26,3.595,1052.45,1.186,347.2,0.67,26.69,3.253
NBFC008,Upper Layer,FY23Q4,2023-03-31,Wholesale/Corporate,17565.16,4.079,716.48,1.346,236.43,0.67,28.32,2.333
NBFC008,Upper Layer,FY24Q2,2023-09-30,Infrastructure,22345.55,3.107,694.28,0.932,208.26,0.7,28.15,3.09
NBFC008,Upper Layer,FY24Q2,2023-09-30,MSME,19153.32,4.446,851.56,1.334,255.51,0.7,25.44,2.574
NBFC008,Upper Layer,FY24Q2,2023-09-30,Microfinance,6384.44,6.868,438.48,2.06,131.52,0.7,24.69,3.562
NBFC008,Upper Layer,FY24Q2,2023-09-30,Retail (Gold),9576.66,1.139,109.08,0.342,32.75,0.7,27.08,2.756
NBFC008,Upper Layer,FY24Q2,2023-09-30,Retail (Housing),35816.72,1.874,671.21,0.562,201.29,0.7,27.09,2.975
NBFC008,Upper Layer,FY24Q2,2023-09-30,Retail (Personal/Unsecured),15961.1,5.988,955.75,1.796,286.66,0.7,25.33,2.809
NBFC008,Upper Layer,FY24Q2,2023-09-30,Retail (Vehicle),31922.21,3.498,1116.64,1.049,334.86,0.7,30.54,3.107
NBFC008,Upper Layer,FY24Q2,2023-09-30,Wholesale/Corporate,19153.32,3.823,732.23,1.147,219.69,0.7,30.38,3.079
NBFC008,Upper Layer,FY24Q4,2024-03-31,Infrastructure,24902.5,2.027,504.77,0.547,136.22,0.73,27.03,3.243
NBFC008,Upper Layer,FY24Q4,2024-03-31,MSME,21345.0,2.955,630.74,0.798,170.33,0.73,26.72,2.93
NBFC008,Upper Layer,FY24Q4,2024-03-31,Microfinance,7115.0,4.49,319.46,1.212,86.23,0.73,24.0,3.554
NBFC008,Upper Layer,FY24Q4,2024-03-31,Retail (Gold),10672.5,0.767,81.86,0.207,22.09,0.73,25.43,2.975
NBFC008,Upper Layer,FY24Q4,2024-03-31,Retail (Housing),39132.5,1.228,480.55,0.332,129.92,0.73,28.02,2.866
NBFC008,Upper Layer,FY24Q4,2024-03-31,Retail (Personal/Unsecured),17787.5,3.8535,685.44,1.041,185.17,0.73,25.32,2.831
NBFC008,Upper Layer,FY24Q4,2024-03-31,Retail (Vehicle),35575.0,2.321,825.7,0.627,223.06,0.73,25.25,3.607
NBFC008,Upper Layer,FY24Q4,2024-03-31,Wholesale/Corporate,21345.0,2.635,562.44,0.711,151.76,0.73,24.43,2.811
NBFC008,Upper Layer,FY25Q2,2024-09-30,Infrastructure,26607.13,2.6,691.79,0.624,166.03,0.76,28.4,2.929
NBFC008,Upper Layer,FY25Q2,2024-09-30,MSME,22806.11,3.814,869.83,0.915,208.68,0.76,26.46,3.192
NBFC008,Upper Layer,FY25Q2,2024-09-30,Microfinance,7602.04,6.156,467.98,1.477,112.28,0.76,28.98,3.375
NBFC008,Upper Layer,FY25Q2,2024-09-30,Retail (Gold),11403.06,1.058,120.64,0.254,28.96,0.76,28.04,2.716
NBFC008,Upper Layer,FY25Q2,2024-09-30,Retail (Housing),41811.21,1.587,663.54,0.381,159.3,0.76,25.91,3.12
NBFC008,Upper Layer,FY25Q2,2024-09-30,Retail (Personal/Unsecured),19005.1,5.413,1028.75,1.299,246.88,0.76,25.87,2.421
NBFC008,Upper Layer,FY25Q2,2024-09-30,Retail (Vehicle),38010.19,3.053,1160.45,0.733,278.61,0.76,23.49,2.8885
NBFC008,Upper Layer,FY25Q2,2024-09-30,Wholesale/Corporate,22806.11,3.478,793.2,0.835,190.43,0.76,23.3,3.017
NBFC008,Upper Layer,FY25Q4,2025-03-31,Infrastructure,28311.77,2.414,683.45,0.507,143.54,0.79,28.08,2.538
NBFC008,Upper Layer,FY25Q4,2025-03-31,MSME,24267.23,3.711,900.56,0.779,189.04,0.79,26.35,2.983
NBFC008,Upper Layer,FY25Q4,2025-03-31,Microfinance,8089.08,5.895,476.85,1.238,100.14,0.79,28.15,3.149
NBFC008,Upper Layer,FY25Q4,2025-03-31,Retail (Gold),12133.62,1.007,122.19,0.211,25.6,0.79,26.93,3.187
NBFC008,Upper Layer,FY25Q4,2025-03-31,Retail (Housing),44489.92,1.524,678.03,0.32,142.37,0.79,23.13,2.234
NBFC008,Upper Layer,FY25Q4,2025-03-31,Retail (Personal/Unsecured),20222.69,4.696,949.66,0.986,199.4,0.79,24.42,3.086
NBFC008,Upper Layer,FY25Q4,2025-03-31,Retail (Vehicle),40445.38,2.761,1116.7,0.58,234.58,0.79,28.61,2.781
NBFC008,Upper Layer,FY25Q4,2025-03-31,Wholesale/Corporate,24267.23,3.289,798.15,0.691,167.69,0.79,25.45,3.034
NBFC009,Upper Layer,FY21Q4,2021-03-31,Infrastructure,15465.01,5.296,819.03,2.383,368.53,0.55,23.33,1.939
NBFC009,Upper Layer,FY21Q4,2021-03-31,MSME,13255.72,7.209,955.6,3.244,430.02,0.55,25.42,1.331
NBFC009,Upper Layer,FY21Q4,2021-03-31,Microfinance,4418.57,11.448,505.84,5.152,227.64,0.55,25.5,1.831
NBFC009,Upper Layer,FY21Q4,2021-03-31,Retail (Gold),6627.86,1.912,126.72,0.86,57.0,0.55,23.9,1.986
NBFC009,Upper Layer,FY21Q4,2021-03-31,Retail (Housing),24302.15,3.013,732.22,1.356,329.54,0.55,24.09,1.392
NBFC009,Upper Layer,FY21Q4,2021-03-31,Retail (Personal/Unsecured),11046.43,9.721,1073.82,4.374,483.17,0.55,27.59,0.986
NBFC009,Upper Layer,FY21Q4,2021-03-31,Retail (Vehicle),22092.86,6.047,1335.96,2.721,601.15,0.55,27.57,1.924
NBFC009,Upper Layer,FY21Q4,2021-03-31,Wholesale/Corporate,13255.72,6.524,864.8,2.936,389.19,0.55,25.85,0.936
NBFC009,Upper Layer,FY22Q2,2021-09-30,Infrastructure,16334.48,5.38,878.8,2.26,369.16,0.58,27.1,1.782
NBFC009,Upper Layer,FY22Q2,2021-09-30,MSME,14000.98,7.307,1023.05,3.069,429.69,0.58,26.36,1.764
NBFC009,Upper Layer,FY22Q2,2021-09-30,Microfinance,4666.99,12.588,587.48,5.287,246.74,0.58,27.77,1.766
NBFC009,Upper Layer,FY22Q2,2021-09-30,Retail (Housing),25668.47,3.062,785.97,1.286,330.1,0.58,27.62,1.842
NBFC009,Upper Layer,FY22Q2,2021-09-30,Retail (Personal/Unsecured),11667.49,10.007,1167.57,4.203,490.38,0.58,25.82,1.66
NBFC009,Upper Layer,FY22Q2,2021-09-30,Retail (Vehicle),23334.97,5.814,1356.7,2.442,569.84,0.58,28.49,1.793
NBFC009,Upper Layer,FY22Q2,2021-09-30,Wholesale/Corporate,14000.98,6.73,942.27,2.827,395.81,0.58,28.9,1.936
NBFC009,Upper Layer,FY22Q4,2022-03-31,Infrastructure,17207.59,4.586,789.14,1.789,307.84,0.61,29.41,1.675
NBFC009,Upper Layer,FY22Q4,2022-03-31,MSME,14749.36,6.667,983.34,2.6,383.48,0.61,24.51,1.49
NBFC009,Upper Layer,FY22Q4,2022-03-31,Microfinance,4916.45,10.57,519.67,4.122,202.66,0.61,24.61,1.112
NBFC009,Upper Layer,FY22Q4,2022-03-31,Retail (Gold),7374.68,1.737,128.1,0.677,49.93,0.61,25.16,1.37
NBFC009,Upper Layer,FY22Q4,2022-03-31,Retail (Housing),27040.5,2.857,772.55,1.114,301.23,0.61,26.29,1.721
NBFC009,Upper Layer,FY22Q4,2022-03-31,Retail (Personal/Unsecured),12291.14,9.139,1123.29,3.564,438.06,0.61,26.79,1.661
NBFC009,Upper Layer,FY22Q4,2022-03-31,Retail (Vehicle),24582.27,5.224,1284.18,2.037,500.74,0.61,23.77,1.889
NBFC009,Upper Layer,FY22Q4,2022-03-31,Wholesale/Corporate,14749.36,6.038,890.57,2.355,347.35,0.61,28.98,1.21
NBFC009,Upper Layer,FY23Q2,2022-09-30,Infrastructure,18626.4,4.042,752.88,1.455,271.01,0.64,27.42,1.606
NBFC009,Upper Layer,FY23Q2,2022-09-30,MSME,15965.49,5.712,911.95,2.056,328.25,0.64,26.26,2.599
NBFC009,Upper Layer,FY23Q2,2022-09-30,Microfinance,5321.83,9.413,500.94,3.389,180.36,0.64,27.21,2.465
NBFC009,Upper Layer,FY23Q2,2022-09-30,Retail (Gold),7982.74,1.573,125.57,0.566,45.18,0.64,27.64,1.545
NBFC009,Upper Layer,FY23Q2,2022-09-30,Retail (Housing),29270.06,2.565,750.78,0.923,270.16,0.64,29.07,2.408
NBFC009,Upper Layer,FY23Q2,2022-09-30,Retail (Personal/Unsecured),13304.57,8.144,1083.52,2.932,390.09,0.64,28.34,2.245
NBFC009,Upper Layer,FY23Q2,2022-09-30,Retail (Vehicle),26609.14,4.866,1294.8,1.752,466.19,0.64,28.98,2.398
NBFC009,Upper Layer,FY23Q2,2022-09-30,Wholesale/Corporate,15965.49,5.09,812.64,1.832,292.49,0.64,28.19,1.611
NBFC009,Upper Layer,FY23Q4,2023-03-31,Infrastructure,20117.97,3.264,656.65,1.077,216.67,0.67,29.98,2.348
NBFC009,Upper Layer,FY23Q4,2023-03-31,MSME,17243.97,4.356,751.15,1.437,247.8,0.67,28.19,3.202
NBFC009,Upper Layer,FY23Q4,2023-03-31,Microfinance,5747.99,7.665,440.58,2.529,145.37,0.67,28.395,3.329
NBFC009,Upper Layer,FY23Q4,2023-03-31,Retail (Gold),8621.99,1.195,103.03,0.394,33.97,0.67,26.22,3.03
NBFC009,Upper Layer,FY23Q4,2023-03-31,Retail (Housing),31613.95,1.888,596.87,0.623,196.95,0.67,27.47,3.082
NBFC009,Upper Layer,FY23Q4,2023-03-31,Retail (Personal/Unsecured),14369.98,6.061,870.96,2.0,287.4,0.67,29.52,2.429
NBFC009,Upper Layer,FY23Q4,2023-03-31,Retail (Vehicle),28739.95,3.65,1049.01,1.204,346.03,0.67,25.93,3.444
NBFC009,Upper Layer,FY23Q4,2023-03-31,Wholesale/Corporate,17243.97,4.123,710.97,1.361,234.69,0.67,25.93,2.541
NBFC009,Upper Layer,FY24Q2,2023-09-30,Infrastructure,21936.95,3.149,690.79,0.945,207.3,0.7,25.49,2.775
NBFC009,Upper Layer,FY24Q2,2023-09-30,MSME,18803.1,4.447,836.17,1.334,250.83,0.7,29.93,2.806
NBFC009,Upper Layer,FY24Q2,2023-09-30,Microfinance,6267.7,6.763,423.88,2.029,127.17,0.7,24.87,2.811
NBFC009,Upper Layer,FY24Q2,2023-09-30,Retail (Gold),9401.55,1.203,113.1,0.361,33.94,0.7,28.69,3.024
NBFC009,Upper Layer,FY24Q2,2023-09-30,Retail (Housing),34472.35,1.867,643.6,0.56,193.05,0.7,25.56,2.6
NBFC009,Upper Layer,FY24Q2,2023-09-30,Retail (Personal/Unsecured),15669.25,5.581,874.5,1.674,262.3,0.7,26.41,2.93
NBFC009,Upper Layer,FY24Q2,2023-09-30,Retail (Vehicle),31338.5,3.69,1156.39,1.107,346.92,0.7,25.28,2.633
NBFC009,Upper Layer,FY24Q2,2023-09-30,Wholesale/Corporate,18803.1,3.902,733.7,1.171,220.18,0.7,27.22,3.1254999999999997
NBFC009,Upper Layer,FY24Q4,2024-03-31,Infrastructure,24447.15,2.002,489.43,0.541,132.26,0.73,24.27,2.722
NBFC009,Upper Layer,FY24Q4,2024-03-31,MSME,20954.7,2.994,627.38,0.808,169.31,0.73,28.1,2.928
NBFC009,Upper Layer,FY24Q4,2024-03-31,Microfinance,6984.9,4.71,328.99,1.272,88.85,0.73,28.99,3.135
NBFC009,Upper Layer,FY24Q4,2024-03-31,Retail (Gold),10477.35,0.804,84.24,0.217,22.74,0.73,25.5,3.498
NBFC009,Upper Layer,FY24Q4,2024-03-31,Retail (Personal/Unsecured),17462.25,3.819,666.88,1.031,180.04,0.73,24.7,3.538
NBFC009,Upper Layer,FY24Q4,2024-03-31,Retail (Vehicle),34924.5,2.412,842.38,0.651,227.36,0.73,29.38,3.752
NBFC009,Upper Layer,FY24Q4,2024-03-31,Wholesale/Corporate,20954.7,2.567,537.91,0.69,144.59,0.731,23.93,3.192
NBFC009,Upper Layer,FY25Q2,2024-09-30,Infrastructure,26120.62,2.633,687.76,0.632,165.08,0.76,24.94,3.573
NBFC009,Upper Layer,FY25Q2,2024-09-30,MSME,22389.1,3.903,873.85,0.937,209.79,0.76,26.02,2.651
NBFC009,Upper Layer,FY25Q2,2024-09-30,Microfinance,7463.03,6.039,450.69,1.449,108.14,0.76,23.65,3.586
NBFC009,Upper Layer,FY25Q2,2024-09-30,Retail (Gold),11194.55,1.051,117.65,0.252,28.21,0.76,25.25,2.425
NBFC009,Upper Layer,FY25Q2,2024-09-30,Retail (Housing),41046.68,1.641,673.58,0.38,155.98,0.768,26.16,2.677
NBFC009,Upper Layer,FY25Q2,2024-09-30,Retail (Personal/Unsecured),18657.58,5.259,981.2,1.2755,237.98,0.757,28.51,2.513
NBFC009,Upper Layer,FY25Q2,2024-09-30,Retail (Vehicle),37315.17,3.228,1204.53,0.775,289.19,0.76,26.89,3.346
NBFC009,Upper Layer,FY25Q2,2024-09-30,Wholesale/Corporate,22389.1,3.339,747.57,0.801,179.34,0.76,28.86,2.434
NBFC009,Upper Layer,FY25Q4,2025-03-31,Infrastructure,27794.08,2.547,707.92,0.535,148.7,0.79,26.26,2.579
NBFC009,Upper Layer,FY25Q4,2025-03-31,MSME,23823.5,3.709,883.61,0.779,185.59,0.79,26.19,2.755
NBFC009,Upper Layer,FY25Q4,2025-03-31,Microfinance,7941.17,5.534,439.46,1.162,92.28,0.79,27.15,3.297
NBFC009,Upper Layer,FY25Q4,2025-03-31,Retail (Gold),11911.75,0.931,110.9,0.196,23.35,0.789,23.35,3.103
NBFC009,Upper Layer,FY25Q4,2025-03-31,Retail (Housing),43676.41,1.532,669.12,0.322,140.64,0.79,25.22,2.948
NBFC009,Upper Layer,FY25Q4,2025-03-31,Retail (Personal/Unsecured),19852.92,4.696,932.29,0.986,195.75,0.79,25.15,2.547
NBFC009,Upper Layer,FY25Q4,2025-03-31,Retail (Vehicle),39705.83,2.954,1172.91,0.62,246.18,0.79,26.33,2.886
NBFC009,Upper Layer,FY25Q4,2025-03-31,Wholesale/Corporate,23823.5,3.026,720.9,0.635,151.28,0.79,24.38,2.833
NBFC010,Upper Layer,FY21Q4,2021-03-31,Infrastructure,11540.72,5.079,586.15,2.286,263.82,0.55,27.75,1.515
NBFC010,Upper Layer,FY21Q4,2021-03-31,MSME,9892.05,7.333,725.38,3.3,326.44,0.55,26.15,1.733
NBFC010,Upper Layer,FY21Q4,2021-03-31,Microfinance,3297.35,12.395,408.71,5.578,183.93,0.55,27.27,1.067
NBFC010,Upper Layer,FY21Q4,2021-03-31,Retail (Gold),4946.02,2.06,101.89,0.927,45.85,0.55,24.39,1.254
NBFC010,Upper Layer,FY21Q4,2021-03-31,Retail (Housing),18135.42,3.027,548.96,1.362,247.0,0.55,25.26,0.984
NBFC010,Upper Layer,FY21Q4,2021-03-31,Retail (Personal/Unsecured),8243.37,9.801,807.93,4.41,363.53,0.55,22.49,1.578
NBFC010,Upper Layer,FY21Q4,2021-03-31,Retail (Vehicle),16486.75,5.819,959.36,2.619,431.79,0.55,24.28,1.59
NBFC010,Upper Layer,FY21Q4,2021-03-31,Wholesale/Corporate,9892.05,6.733,666.03,3.03,299.73,0.55,23.84,1.168
NBFC010,Upper Layer,FY22Q2,2021-09-30,Infrastructure,12189.57,5.328,649.46,2.238,272.8,0.58,26.94,1.762
NBFC010,Upper Layer,FY22Q2,2021-09-30,MSME,10448.2,7.206,752.9,3.027,316.27,0.58,24.1,1.411
NBFC010,Upper Layer,FY22Q2,2021-09-30,Microfinance,3482.73,11.764,409.71,4.941,172.08,0.58,24.06,1.782
NBFC010,Upper Layer,FY22Q2,2021-09-30,Retail (Gold),5224.1,1.912,99.88,0.803,41.95,0.58,26.53,1.53
NBFC010,Upper Layer,FY22Q2,2021-09-30,Retail (Housing),19155.03,3.131,599.74,1.315,251.89,0.58,28.12,2.021
NBFC010,Upper Layer,FY22Q2,2021-09-30,Retail (Personal/Unsecured),8706.83,10.348,900.98,4.346,378.4,0.58,24.95,1.608
NBFC010,Upper Layer,FY22Q2,2021-09-30,Retail (Vehicle),17413.67,6.249,1088.18,2.625,457.11,0.58,28.97,1.402
NBFC010,Upper Layer,FY22Q2,2021-09-30,Wholesale/Corporate,10448.2,6.734,703.58,2.828,295.48,0.58,27.74,1.448
NBFC010,Upper Layer,FY22Q4,2022-03-31,Infrastructure,12841.12,4.893,628.32,1.908,245.01,0.61,26.5,1.168
NBFC010,Upper Layer,FY22Q4,2022-03-31,MSME,11006.68,6.67,734.15,2.601,286.28,0.61,29.34,2.176
NBFC010,Upper Layer,FY22Q4,2022-03-31,Microfinance,3668.89,10.374,380.61,4.046,148.44,0.61,29.66,1.686
NBFC010,Upper Layer,FY22Q4,2022-03-31,Retail (Gold),5503.34,1.788,98.4,0.697,38.36,0.61,24.1,1.165
NBFC010,Upper Layer,FY22Q4,2022-03-31,Retail (Housing),20178.91,2.983,601.94,1.163,234.68,0.61,28.67,1.631
NBFC010,Upper Layer,FY22Q4,2022-03-31,Retail (Personal/Unsecured),9172.23,9.158,839.99,3.572,327.63,0.61,26.79,1.277
NBFC010,Upper Layer,FY22Q4,2022-03-31,Retail (Vehicle),18344.46,5.463,1002.16,2.197,403.03,0.598,24.29,1.796
NBFC010,Upper Layer,FY22Q4,2022-03-31,Wholesale/Corporate,11006.68,5.749,632.77,2.242,246.77,0.61,27.91,1.775
NBFC010,Upper Layer,FY23Q2,2022-09-30,Infrastructure,13899.91,4.235,588.66,1.525,211.97,0.64,29.5,2.393
NBFC010,Upper Layer,FY23Q2,2022-09-30,MSME,11914.21,5.828,694.36,2.098,249.96,0.64,28.13,1.517
NBFC010,Upper Layer,FY23Q2,2022-09-30,Microfinance,3971.4,9.34,370.93,3.362,133.52,0.64,24.95,2.355
NBFC010,Upper Layer,FY23Q2,2022-09-30,Retail (Gold),5957.1,1.518,90.43,0.546,32.53,0.64,24.8,1.634
NBFC010,Upper Layer,FY23Q2,2022-09-30,Retail (Housing),21842.71,2.557,558.52,0.921,201.17,0.64,29.3,2.4
NBFC010,Upper Layer,FY23Q2,2022-09-30,Retail (Personal/Unsecured),9928.5,7.61,755.56,2.74,272.04,0.64,28.24,2.696
NBFC010,Upper Layer,FY23Q2,2022-09-30,Retail (Vehicle),19857.01,4.851,963.26,1.746,346.7,0.64,30.13,2.032
NBFC010,Upper Layer,FY23Q2,2022-09-30,Wholesale/Corporate,11914.21,5.403,643.72,1.945,231.73,0.64,28.6,2.016
NBFC010,Upper Layer,FY23Q4,2023-03-31,Infrastructure,15012.98,3.081,462.55,1.017,152.68,0.67,28.05,3.239
NBFC010,Upper Layer,FY23Q4,2023-03-31,MSME,12868.27,4.749,611.11,1.567,201.65,0.67,28.84,3.229
NBFC010,Upper Layer,FY23Q4,2023-03-31,Microfinance,4289.42,7.266,311.67,2.398,102.86,0.67,28.67,2.471
NBFC010,Upper Layer,FY23Q4,2023-03-31,Retail (Gold),6434.14,1.263,81.26,0.417,26.83,0.67,28.34,2.328
NBFC010,Upper Layer,FY23Q4,2023-03-31,Retail (Housing),23591.83,1.856,437.86,0.612,144.38,0.67,27.41,2.368
NBFC010,Upper Layer,FY23Q4,2023-03-31,Retail (Personal/Unsecured),10723.56,6.125,656.82,2.071,222.08,0.662,26.13,2.442
NBFC010,Upper Layer,FY23Q4,2023-03-31,Retail (Vehicle),21447.12,3.524,755.8,1.163,249.43,0.67,30.21,3.193
NBFC010,Upper Layer,FY23Q4,2023-03-31,Wholesale/Corporate,12868.27,4.025,517.95,1.328,170.89,0.67,29.68,2.986
NBFC010,Upper Layer,FY24Q2,2023-09-30,Infrastructure,16370.4,3.077,503.72,0.923,151.1,0.7,28.46,3.279
NBFC010,Upper Layer,FY24Q2,2023-09-30,MSME,14031.77,4.324,606.73,1.297,181.99,0.7,25.08,2.652
NBFC010,Upper Layer,FY24Q2,2023-09-30,Microfinance,4677.26,7.126,333.3,2.138,100.0,0.7,25.49,2.869
NBFC010,Upper Layer,FY24Q2,2023-09-30,Retail (Gold),7015.88,1.1724999999999999,82.26,0.365,25.61,0.689,30.33,2.98
NBFC010,Upper Layer,FY24Q2,2023-09-30,Retail (Housing),25724.91,1.761,453.02,0.528,135.83,0.7,29.28,2.868
NBFC010,Upper Layer,FY24Q2,2023-09-30,Retail (Personal/Unsecured),11693.14,6.084,711.41,1.825,213.4,0.7,28.16,3.337
NBFC010,Upper Layer,FY24Q2,2023-09-30,Retail (Vehicle),23386.28,3.663,856.64,1.099,257.02,0.7,29.13,3.673
NBFC010,Upper Layer,FY24Q2,2023-09-30,Wholesale/Corporate,14031.77,3.754,526.75,1.126,158.0,0.7,27.81,2.926
NBFC010,Upper Layer,FY24Q4,2024-03-31,Infrastructure,18243.63,2.011,366.88,0.543,99.06,0.73,27.17,3.602
NBFC010,Upper Layer,FY24Q4,2024-03-31,MSME,15637.39,3.0,469.12,0.7745,121.11,0.742,26.38,3.056
NBFC010,Upper Layer,FY24Q4,2024-03-31,Microfinance,5212.46,4.571,238.26,1.234,64.32,0.73,26.53,2.788
NBFC010,Upper Layer,FY24Q4,2024-03-31,Retail (Gold),7818.7,0.7675000000000001,60.01,0.203,15.87,0.736,28.08,2.933
NBFC010,Upper Layer,FY24Q4,2024-03-31,Retail (Housing),28668.56,1.224,350.9,0.33,94.61,0.73,28.04,2.733
NBFC010,Upper Layer,FY24Q4,2024-03-31,Retail (Personal/Unsecured),13031.16,3.813,496.88,1.03,134.22,0.73,27.4,3.332
NBFC010,Upper Layer,FY24Q4,2024-03-31,Retail (Vehicle),26062.32,2.214,577.02,0.598,155.85,0.73,24.1,3.79
NBFC010,Upper Layer,FY24Q4,2024-03-31,Wholesale/Corporate,15637.39,2.591,405.16,0.7,109.46,0.73,24.25,2.957
NBFC010,Upper Layer,FY25Q2,2024-09-30,Infrastructure,19492.45,2.793,544.42,0.67,130.6,0.76,28.34,3.401
NBFC010,Upper Layer,FY25Q2,2024-09-30,Microfinance,5569.27,6.226,346.74,1.494,83.2,0.76,24.18,3.081
NBFC010,Upper Layer,FY25Q2,2024-09-30,Retail (Gold),8353.91,1.031,86.13,0.247,20.63,0.76,23.87,2.994
NBFC010,Upper Layer,FY25Q2,2024-09-30,Retail (Housing),30630.99,1.579,483.66,0.379,116.09,0.76,24.3,3.032
NBFC010,Upper Layer,FY25Q2,2024-09-30,Retail (Personal/Unsecured),13923.18,5.301,738.07,1.272,177.1,0.76,23.24,2.4
NBFC010,Upper Layer,FY25Q2,2024-09-30,Retail (Vehicle),27846.35,3.296,917.82,0.791,220.26,0.76,27.79,3.207
NBFC010,Upper Layer,FY25Q2,2024-09-30,Wholesale/Corporate,16707.81,3.353,560.21,0.805,134.5,0.76,27.9,3.397
NBFC010,Upper Layer,FY25Q4,2025-03-31,Infrastructure,20741.27,2.372,491.98,0.498,103.29,0.79,24.46,2.847
NBFC010,Upper Layer,FY25Q4,2025-03-31,MSME,17778.23,3.649,648.73,0.766,136.18,0.79,25.72,3.349
NBFC010,Upper Layer,FY25Q4,2025-03-31,Microfinance,5926.08,6.021,356.81,1.264,74.91,0.79,25.32,3.008
NBFC010,Upper Layer,FY25Q4,2025-03-31,Retail (Gold),8889.11,0.986,87.65,0.207,18.4,0.79,28.16,2.314
NBFC010,Upper Layer,FY25Q4,2025-03-31,Retail (Housing),32593.42,1.466,477.82,0.308,100.39,0.79,25.555,3.046
NBFC010,Upper Layer,FY25Q4,2025-03-31,Retail (Personal/Unsecured),14815.19,4.838,716.76,1.016,150.52,0.79,27.97,2.531
NBFC010,Upper Layer,FY25Q4,2025-03-31,Retail (Vehicle),29630.38,2.891,856.61,0.607,179.86,0.79,25.75,3.368
NBFC010,Upper Layer,FY25Q4,2025-03-31,Wholesale/Corporate,17778.23,3.116,553.97,0.654,116.27,0.79,26.1,2.849
NBFC011,Upper Layer,FY21Q4,2021-03-31,Infrastructure,9574.58,4.85,464.37,2.182,208.92,0.55,23.76,2.03
NBFC011,Upper Layer,FY21Q4,2021-03-31,MSME,8206.79,7.631,626.26,3.434,281.82,0.55,23.59,1.992
NBFC011,Upper Layer,FY21Q4,2021-03-31,Microfinance,2735.6,11.722,320.67,5.275,144.3,0.55,23.1,1.758
NBFC011,Upper Layer,FY21Q4,2021-03-31,Retail (Gold),4103.39,1.957,80.3,0.881,36.15,0.55,23.83,0.94
NBFC011,Upper Layer,FY21Q4,2021-03-31,Retail (Housing),15045.78,3.123,469.88,1.405,211.39,0.55,22.81,1.435
NBFC011,Upper Layer,FY21Q4,2021-03-31,Retail (Personal/Unsecured),6838.99,10.228,699.49,4.603,314.8,0.55,23.95,1.751
NBFC011,Upper Layer,FY21Q4,2021-03-31,Retail (Vehicle),13677.98,6.057,828.48,2.726,372.86,0.55,23.69,1.545
NBFC011,Upper Layer,FY21Q4,2021-03-31,Wholesale/Corporate,8206.79,6.431,527.78,2.894,237.5,0.55,27.15,1.344
NBFC011,Upper Layer,FY22Q2,2021-09-30,Infrastructure,10112.89,5.336,539.62,2.241,226.63,0.58,28.78,1.949
NBFC011,Upper Layer,FY22Q2,2021-09-30,MSME,8668.19,7.196,623.76,3.022,261.95,0.58,26.36,1.28
NBFC011,Upper Layer,FY22Q2,2021-09-30,Microfinance,2889.4,12.316,355.86,5.173,149.47,0.58,24.28,1.804
NBFC011,Upper Layer,FY22Q2,2021-09-30,Retail (Gold),4334.09,2.1,91.02,0.882,38.23,0.58,24.83,1.85
NBFC011,Upper Layer,FY22Q2,2021-09-30,Retail (Housing),15891.68,3.088,490.74,1.297,206.12,0.58,28.58,1.666
NBFC011,Upper Layer,FY22Q2,2021-09-30,Retail (Personal/Unsecured),7367.96,9.827,724.05,4.127,304.08,0.58,25.11,1.356
NBFC011,Upper Layer,FY22Q2,2021-09-30,Retail (Vehicle),14446.98,5.862,846.88,2.462,355.68,0.58,28.25,1.597
NBFC011,Upper Layer,FY22Q2,2021-09-30,Wholesale/Corporate,8668.19,6.358,551.12,2.67,231.44,0.58,27.65,1.4545
NBFC011,Upper Layer,FY22Q4,2022-03-31,Infrastructure,10653.44,4.482,477.49,1.748,186.22,0.61,27.05,2.278
NBFC011,Upper Layer,FY22Q4,2022-03-31,MSME,9131.52,7.023,641.31,2.739,250.11,0.61,27.48,1.642
NBFC011,Upper Layer,FY22Q4,2022-03-31,Microfinance,3043.84,10.684,325.2,4.167,126.84,0.61,24.57,1.441
NBFC011,Upper Layer,FY22Q4,2022-03-31,Retail (Gold),4565.76,1.781,81.32,0.695,31.73,0.61,25.6,2.207
NBFC011,Upper Layer,FY22Q4,2022-03-31,Retail (Housing),16741.12,2.902,485.83,1.132,189.51,0.61,28.79,1.566
NBFC011,Upper Layer,FY22Q4,2022-03-31,Retail (Personal/Unsecured),7609.6,9.348,711.35,3.646,277.45,0.61,24.94,1.856
NBFC011,Upper Layer,FY22Q4,2022-03-31,Retail (Vehicle),15219.2,5.659,861.25,2.207,335.89,0.61,26.0,1.441
NBFC011,Upper Layer,FY22Q4,2022-03-31,Wholesale/Corporate,9131.52,5.749,524.97,2.242,204.73,0.61,29.12,2.141
NBFC011,Upper Layer,FY23Q2,2022-09-30,Infrastructure,11531.84,4.185,482.61,1.507,173.78,0.64,26.54,1.572
NBFC011,Upper Layer,FY23Q2,2022-09-30,MSME,9884.44,5.559,549.48,2.001,197.79,0.64,28.82,1.718
NBFC011,Upper Layer,FY23Q2,2022-09-30,Microfinance,3294.81,9.329,307.37,3.358,110.64,0.64,28.66,1.804
NBFC011,Upper Layer,FY23Q2,2022-09-30,Retail (Gold),4942.22,1.603,79.22,0.577,28.52,0.64,25.57,2.358
NBFC011,Upper Layer,FY23Q2,2022-09-30,Retail (Housing),18121.47,2.532,458.84,0.912,165.27,0.64,26.94,2.295
NBFC011,Upper Layer,FY23Q2,2022-09-30,Retail (Personal/Unsecured),8237.03,7.694,633.76,2.77,228.17,0.64,28.36,2.245
NBFC011,Upper Layer,FY23Q2,2022-09-30,Retail (Vehicle),16474.06,4.945,814.64,1.78,293.24,0.64,25.12,1.711
NBFC011,Upper Layer,FY23Q2,2022-09-30,Wholesale/Corporate,9884.44,5.059,500.05,1.821,180.0,0.64,27.99,1.701
NBFC011,Upper Layer,FY23Q4,2023-03-31,Infrastructure,12455.29,3.171,394.96,1.064,132.52,0.664,24.75,2.979
NBFC011,Upper Layer,FY23Q4,2023-03-31,MSME,10675.97,4.584,489.39,1.513,161.53,0.67,28.09,3.135
NBFC011,Upper Layer,FY23Q4,2023-03-31,Microfinance,3558.66,7.602,270.53,2.443,86.94,0.679,28.19,2.527
NBFC011,Upper Layer,FY23Q4,2023-03-31,Retail (Gold),5337.98,1.183,63.15,0.39,20.82,0.67,29.98,3.061
NBFC011,Upper Layer,FY23Q4,2023-03-31,Retail (Housing),19572.6,1.968,385.19,0.649,127.03,0.67,24.59,3.241
NBFC011,Upper Layer,FY23Q4,2023-03-31,Retail (Personal/Unsecured),8896.64,5.973,531.4,1.971,175.35,0.67,27.71,2.373
NBFC011,Upper Layer,FY23Q4,2023-03-31,Retail (Vehicle),17793.28,3.56,633.44,1.175,209.07,0.67,27.33,2.666
NBFC011,Upper Layer,FY23Q4,2023-03-31,Wholesale/Corporate,10675.97,4.15,443.05,1.37,146.26,0.67,26.23,2.773
NBFC011,Upper Layer,FY24Q2,2023-09-30,Infrastructure,13581.45,3.116,423.2,0.935,126.99,0.7,29.12,3.499
NBFC011,Upper Layer,FY24Q2,2023-09-30,MSME,11641.24,4.222,491.49,1.267,147.49,0.7,26.71,3.075
NBFC011,Upper Layer,FY24Q2,2023-09-30,Microfinance,3880.41,6.685,259.41,2.005,77.8,0.7,26.73,3.57
NBFC011,Upper Layer,FY24Q2,2023-09-30,Retail (Gold),5820.62,1.177,68.51,0.353,20.55,0.7,26.7,3.555
NBFC011,Upper Layer,FY24Q2,2023-09-30,Retail (Housing),21342.28,1.878,400.81,0.563,120.16,0.7,25.59,2.894
NBFC011,Upper Layer,FY24Q2,2023-09-30,Retail (Personal/Unsecured),9701.04,5.722,555.09,1.717,166.57,0.7,26.33,2.564
NBFC011,Upper Layer,FY24Q2,2023-09-30,Retail (Vehicle),19402.07,3.576,693.82,1.073,208.18,0.7,26.1,2.505
NBFC011,Upper Layer,FY24Q2,2023-09-30,Wholesale/Corporate,11641.24,3.742,435.62,1.123,130.73,0.7,27.37,3.173
NBFC011,Upper Layer,FY24Q4,2024-03-31,Infrastructure,15135.55,1.961,296.81,0.529,80.07,0.73,29.29,3.4530000000000003
NBFC011,Upper Layer,FY24Q4,2024-03-31,MSME,12973.33,2.844,368.96,0.768,99.64,0.73,26.72,3.408
NBFC011,Upper Layer,FY24Q4,2024-03-31,Microfinance,4324.44,4.837,209.17,1.306,56.48,0.73,24.89,3.839
NBFC011,Upper Layer,FY24Q4,2024-03-31,Retail (Gold),6486.66,0.8,51.89,0.216,14.01,0.73,27.68,2.947
NBFC011,Upper Layer,FY24Q4,2024-03-31,Retail (Housing),23784.43,1.188,282.56,0.321,76.35,0.73,28.27,3.038
NBFC011,Upper Layer,FY24Q4,2024-03-31,Retail (Personal/Unsecured),10811.1,3.71,401.09,1.002,108.33,0.73,25.01,3.668
NBFC011,Upper Layer,FY24Q4,2024-03-31,Retail (Vehicle),21622.21,2.238,483.91,0.604,130.6,0.73,28.37,3.066
NBFC011,Upper Layer,FY24Q4,2024-03-31,Wholesale/Corporate,12973.33,2.538,329.26,0.685,88.87,0.73,28.09,2.992
NBFC011,Upper Layer,FY25Q2,2024-09-30,Infrastructure,16171.61,2.788,450.86,0.669,108.19,0.76,26.59,2.497
NBFC011,Upper Layer,FY25Q2,2024-09-30,MSME,13861.38,3.986,552.51,0.957,132.65,0.76,24.19,3.49
NBFC011,Upper Layer,FY25Q2,2024-09-30,Microfinance,4620.46,6.23,287.85,1.495,69.08,0.76,23.13,3.443
NBFC011,Upper Layer,FY25Q2,2024-09-30,Retail (Gold),6930.69,1.097,76.03,0.263,18.23,0.76,26.55,3.452
NBFC011,Upper Layer,FY25Q2,2024-09-30,Retail (Housing),25412.53,1.714,435.57,0.411,104.45,0.76,25.99,2.471
NBFC011,Upper Layer,FY25Q2,2024-09-30,Retail (Personal/Unsecured),11551.15,5.456,630.23,1.309,151.2,0.76,27.96,3.028
NBFC011,Upper Layer,FY25Q2,2024-09-30,Retail (Vehicle),23102.3,3.115,719.64,0.748,172.81,0.76,25.5,3.373
NBFC011,Upper Layer,FY25Q2,2024-09-30,Wholesale/Corporate,13861.38,3.338,462.69,0.801,111.03,0.76,23.95,2.892
NBFC011,Upper Layer,FY25Q4,2025-03-31,Infrastructure,17207.67,2.385,410.4,0.501,86.21,0.79,24.56,2.915
NBFC011,Upper Layer,FY25Q4,2025-03-31,MSME,14749.44,3.478,512.99,0.73,107.67,0.79,28.39,3.019
NBFC011,Upper Layer,FY25Q4,2025-03-31,Microfinance,4916.48,5.639,277.24,1.184,58.21,0.79,24.48,2.844
NBFC011,Upper Layer,FY25Q4,2025-03-31,Retail (Gold),7374.72,0.948,69.91,0.199,14.68,0.79,25.19,3.167
NBFC011,Upper Layer,FY25Q4,2025-03-31,Retail (Housing),27040.63,1.572,425.08,0.33,89.23,0.79,28.49,2.384
NBFC011,Upper Layer,FY25Q4,2025-03-31,Retail (Personal/Unsecured),12291.2,4.653,571.91,0.977,120.09,0.79,22.75,2.49
NBFC011,Upper Layer,FY25Q4,2025-03-31,Retail (Vehicle),24582.39,2.904,713.87,0.61,149.95,0.79,23.48,2.201
NBFC011,Upper Layer,FY25Q4,2025-03-31,Wholesale/Corporate,14749.44,3.107,458.27,0.654,96.46,0.79,25.02,3.119
NBFC012,Upper Layer,FY21Q4,2021-03-31,Infrastructure,9281.2,5.134,476.5,2.31,214.4,0.55,22.42,1.645
NBFC012,Upper Layer,FY21Q4,2021-03-31,MSME,7955.31,7.48,595.06,3.366,267.78,0.55,22.3,1.41
NBFC012,Upper Layer,FY21Q4,2021-03-31,Microfinance,2651.77,12.036,319.17,5.416,143.62,0.55,27.72,1.227
NBFC012,Upper Layer,FY21Q4,2021-03-31,Retail (Gold),3977.66,1.922,76.45,0.865,34.41,0.55,22.3,0.963
NBFC012,Upper Layer,FY21Q4,2021-03-31,Retail (Housing),14584.74,3.237,472.11,1.457,212.5,0.55,26.92,1.629
NBFC012,Upper Layer,FY21Q4,2021-03-31,Retail (Personal/Unsecured),6629.43,10.157,673.35,4.571,303.03,0.55,23.13,1.769
NBFC012,Upper Layer,FY21Q4,2021-03-31,Retail (Vehicle),13258.85,5.925,785.59,2.666,353.48,0.55,24.68,1.672
NBFC012,Upper Layer,FY21Q4,2021-03-31,Wholesale/Corporate,7955.31,6.782,539.53,3.052,242.8,0.55,25.11,1.505
NBFC012,Upper Layer,FY22Q2,2021-09-30,Infrastructure,9803.0,5.31,520.54,2.23,218.61,0.58,25.44,1.527
NBFC012,Upper Layer,FY22Q2,2021-09-30,MSME,8402.58,7.304,613.72,3.068,257.79,0.58,24.85,1.373
NBFC012,Upper Layer,FY22Q2,2021-09-30,Microfinance,2800.86,11.57,324.06,4.859,136.09,0.58,27.71,1.689
NBFC012,Upper Layer,FY22Q2,2021-09-30,Retail (Gold),4201.29,2.022,84.95,0.849,35.67,0.58,28.16,1.718
NBFC012,Upper Layer,FY22Q2,2021-09-30,Retail (Housing),15404.72,3.015,464.45,1.266,195.02,0.58,24.05,1.046
NBFC012,Upper Layer,FY22Q2,2021-09-30,Retail (Personal/Unsecured),7002.15,10.408,728.78,4.371,306.06,0.58,28.48,1.388
NBFC012,Upper Layer,FY22Q2,2021-09-30,Retail (Vehicle),14004.29,6.045,846.56,2.539,355.57,0.58,25.72,1.086
NBFC012,Upper Layer,FY22Q2,2021-09-30,Wholesale/Corporate,8402.58,6.682,561.46,2.806,235.78,0.58,26.6,2.044
NBFC012,Upper Layer,FY22Q4,2022-03-31,Infrastructure,10327.0,4.791,494.77,1.868,192.91,0.61,24.23,1.363
NBFC012,Upper Layer,FY22Q4,2022-03-31,Microfinance,2950.57,10.692,315.47,4.17,123.04,0.61,24.39,2.261
NBFC012,Upper Layer,FY22Q4,2022-03-31,Retail (Gold),4425.86,1.755,77.67,0.684,30.27,0.61,29.36,1.65
NBFC012,Upper Layer,FY22Q4,2022-03-31,Retail (Housing),16228.14,2.844,461.53,1.109,179.97,0.61,28.53,1.736
NBFC012,Upper Layer,FY22Q4,2022-03-31,Retail (Personal/Unsecured),7376.43,9.107,671.77,3.552,262.01,0.61,28.18,1.281
NBFC012,Upper Layer,FY22Q4,2022-03-31,Retail (Vehicle),14752.85,5.593,825.13,2.181,321.76,0.61,24.58,1.611
NBFC012,Upper Layer,FY22Q4,2022-03-31,Wholesale/Corporate,8851.71,6.19,547.92,2.414,213.68,0.61,25.7,1.232
NBFC012,Upper Layer,FY23Q2,2022-09-30,Infrastructure,11178.48,4.21,470.61,1.516,169.47,0.64,25.79,1.751
NBFC012,Upper Layer,FY23Q2,2022-09-30,MSME,9581.56,5.692,545.38,2.049,196.33,0.64,27.51,1.596
NBFC012,Upper Layer,FY23Q2,2022-09-30,Microfinance,3193.85,8.983,286.9,3.234,103.29,0.64,27.78,1.724
NBFC012,Upper Layer,FY23Q2,2022-09-30,Retail (Gold),4790.78,1.547,74.11,0.557,26.68,0.64,30.03,1.584
NBFC012,Upper Layer,FY23Q2,2022-09-30,Retail (Housing),17566.19,2.429,426.68,0.874,153.53,0.64,29.98,1.905
NBFC012,Upper Layer,FY23Q2,2022-09-30,Retail (Personal/Unsecured),7984.63,8.051,642.84,2.898,231.39,0.64,24.58,2.513
NBFC012,Upper Layer,FY23Q2,2022-09-30,Retail (Vehicle),15969.26,4.526,722.77,1.629,260.14,0.64,25.65,1.932
NBFC012,Upper Layer,FY23Q2,2022-09-30,Wholesale/Corporate,9581.56,5.358,513.38,1.929,184.83,0.64,24.6,2.03
NBFC012,Upper Layer,FY23Q4,2023-03-31,Infrastructure,12073.63,3.051,368.37,1.007,121.58,0.67,24.69,2.897
NBFC012,Upper Layer,FY23Q4,2023-03-31,MSME,10348.83,4.56,471.91,1.505,155.75,0.67,26.5,3.288
NBFC012,Upper Layer,FY23Q4,2023-03-31,Microfinance,3449.61,7.234,249.54,2.387,82.34,0.67,29.38,3.485
NBFC012,Upper Layer,FY23Q4,2023-03-31,Retail (Gold),5174.41,1.259,65.15,0.415,21.47,0.67,29.63,3.003
NBFC012,Upper Layer,FY23Q4,2023-03-31,Retail (Housing),18972.85,1.881,356.88,0.621,117.82,0.67,28.4,2.592
NBFC012,Upper Layer,FY23Q4,2023-03-31,Retail (Personal/Unsecured),8624.02,5.933,511.66,1.958,168.86,0.67,28.46,2.466
NBFC012,Upper Layer,FY23Q4,2023-03-31,Retail (Vehicle),17248.05,3.742,645.42,1.235,213.01,0.67,25.04,2.936
NBFC012,Upper Layer,FY23Q4,2023-03-31,Wholesale/Corporate,10348.83,3.895,403.09,1.285,132.98,0.67,26.96,3.474
NBFC012,Upper Layer,FY24Q2,2023-09-30,Infrastructure,13165.28,3.156,415.5,0.947,124.68,0.7,26.0,3.124
NBFC012,Upper Layer,FY24Q2,2023-09-30,MSME,11284.53,4.509,508.82,1.353,152.68,0.7,29.66,3.075
NBFC012,Upper Layer,FY24Q2,2023-09-30,Microfinance,3761.51,7.3,274.59,2.19,82.38,0.7,28.51,3.186
NBFC012,Upper Layer,FY24Q2,2023-09-30,Retail (Gold),5642.26,1.175,66.3,0.352,19.86,0.7,26.34,2.706
NBFC012,Upper Layer,FY24Q2,2023-09-30,Retail (Housing),20688.3,1.796,371.56,0.539,111.51,0.7,27.61,3.564
NBFC012,Upper Layer,FY24Q2,2023-09-30,Retail (Personal/Unsecured),9591.85,5.913,567.17,1.774,170.16,0.7,30.15,2.632
NBFC012,Upper Layer,FY24Q2,2023-09-30,Retail (Vehicle),18807.55,3.368,633.44,1.01,189.96,0.7,29.69,3.353
NBFC012,Upper Layer,FY24Q2,2023-09-30,Wholesale/Corporate,11284.53,4.001,451.49,1.2,135.41,0.7,30.44,2.932
NBFC012,Upper Layer,FY24Q4,2024-03-31,Infrastructure,14671.76,1.97,289.03,0.532,78.05,0.73,24.08,3.214
NBFC012,Upper Layer,FY24Q4,2024-03-31,MSME,12575.79,2.769,348.22,0.748,94.07,0.73,27.69,3.109
NBFC012,Upper Layer,FY24Q4,2024-03-31,Microfinance,4191.93,4.524,189.64,1.221,51.18,0.73,26.23,2.939
NBFC012,Upper Layer,FY24Q4,2024-03-31,Retail (Gold),6287.9,0.765,48.1,0.207,13.02,0.729,28.86,3.68
NBFC012,Upper Layer,FY24Q4,2024-03-31,Retail (Housing),23055.62,1.208,278.51,0.326,75.16,0.73,26.35,3.563
NBFC012,Upper Layer,FY24Q4,2024-03-31,Retail (Personal/Unsecured),10479.83,3.934,412.28,1.062,111.3,0.73,27.74,2.864
NBFC012,Upper Layer,FY24Q4,2024-03-31,Retail (Vehicle),20959.65,2.301,482.28,0.621,130.16,0.73,28.31,3.528
NBFC012,Upper Layer,FY24Q4,2024-03-31,Wholesale/Corporate,12575.79,2.43,305.59,0.656,82.5,0.73,25.97,3.676
NBFC012,Upper Layer,FY25Q2,2024-09-30,Infrastructure,15676.07,2.813,440.97,0.675,105.81,0.76,26.93,2.561
NBFC012,Upper Layer,FY25Q2,2024-09-30,Microfinance,4478.88,6.107,273.53,1.466,65.66,0.76,24.26,3.123
NBFC012,Upper Layer,FY25Q2,2024-09-30,Retail (Gold),6718.32,1.064,71.48,0.255,17.13,0.76,28.94,3.526
NBFC012,Upper Layer,FY25Q2,2024-09-30,Retail (Housing),24633.83,1.581,389.46,0.379,93.36,0.76,23.37,3.123
NBFC012,Upper Layer,FY25Q2,2024-09-30,Retail (Personal/Unsecured),11197.2,5.102,571.28,1.224,137.05,0.76,26.795,2.442
NBFC012,Upper Layer,FY25Q2,2024-09-30,Retail (Vehicle),22394.39,3.291,737.0,0.755,169.08,0.771,28.73,3.007
NBFC012,Upper Layer,FY25Q2,2024-09-30,Wholesale/Corporate,13436.63,3.314,445.29,0.795,106.82,0.76,28.98,3.222
NBFC012,Upper Layer,FY25Q4,2025-03-31,Infrastructure,16680.39,2.513,419.18,0.528,88.07,0.79,28.07,2.943
NBFC012,Upper Layer,FY25Q4,2025-03-31,MSME,14297.48,3.593,513.71,0.755,107.95,0.79,25.73,3.359
NBFC012,Upper Layer,FY25Q4,2025-03-31,Microfinance,4765.83,5.568,265.36,1.169,55.71,0.79,25.04,2.283
NBFC012,Upper Layer,FY25Q4,2025-03-31,Retail (Gold),7148.74,0.999,71.42,0.21,15.01,0.79,24.86,2.903
NBFC012,Upper Layer,FY25Q4,2025-03-31,Retail (Housing),26212.04,1.511,396.06,0.317,83.09,0.79,27.41,2.572
NBFC012,Upper Layer,FY25Q4,2025-03-31,Retail (Personal/Unsecured),11914.56,5.022,598.35,1.055,125.7,0.79,23.69,3.035
NBFC012,Upper Layer,FY25Q4,2025-03-31,Retail (Vehicle),23829.13,2.81,669.6,0.59,140.59,0.79,28.55,2.973
NBFC012,Upper Layer,FY25Q4,2025-03-31,Wholesale/Corporate,14297.48,3.047,435.64,0.64,91.5,0.79,25.94,3.371
NBFC013,Upper Layer,FY21Q4,2021-03-31,Infrastructure,9000.34,5.241,471.71,2.358,212.23,0.55,24.73,2.024
NBFC013,Upper Layer,FY21Q4,2021-03-31,MSME,7714.57,7.626,588.31,3.432,264.76,0.55,25.23,2.01
NBFC013,Upper Layer,FY21Q4,2021-03-31,Microfinance,2571.52,11.487,295.39,5.169,132.92,0.55,23.13,1.122
NBFC013,Upper Layer,FY21Q4,2021-03-31,Retail (Gold),3857.29,1.913,73.79,0.861,33.21,0.55,25.65,1.013
NBFC013,Upper Layer,FY21Q4,2021-03-31,Retail (Housing),14143.39,3.066,433.64,1.38,195.18,0.55,23.17,1.948
NBFC013,Upper Layer,FY21Q4,2021-03-31,Retail (Personal/Unsecured),6428.81,9.413,605.14,4.4585,286.63,0.526,25.65,1.623
NBFC013,Upper Layer,FY21Q4,2021-03-31,Retail (Vehicle),12857.62,5.815,747.67,2.617,336.48,0.55,23.74,1.236
NBFC013,Upper Layer,FY21Q4,2021-03-31,Wholesale/Corporate,7714.57,6.226,480.31,2.802,216.16,0.55,27.08,1.756
NBFC013,Upper Layer,FY22Q2,2021-09-30,Infrastructure,9506.35,5.244,498.51,2.202,209.33,0.58,27.95,1.226
NBFC013,Upper Layer,FY22Q2,2021-09-30,MSME,8148.3,7.665,624.57,3.158,257.32,0.588,24.56,2.115
NBFC013,Upper Layer,FY22Q2,2021-09-30,Microfinance,2716.1,11.821,321.07,4.965,134.85,0.58,23.12,1.888
NBFC013,Upper Layer,FY22Q2,2021-09-30,Retail (Gold),4074.15,2.003,81.61,0.841,34.26,0.58,25.62,2.138
NBFC013,Upper Layer,FY22Q2,2021-09-30,Retail (Housing),14938.56,3.202,478.33,1.345,200.92,0.58,24.56,1.052
NBFC013,Upper Layer,FY22Q2,2021-09-30,Retail (Personal/Unsecured),6790.25,10.424,707.82,4.378,297.28,0.58,23.46,1.606
NBFC013,Upper Layer,FY22Q2,2021-09-30,Retail (Vehicle),13580.51,5.923,804.37,2.488,337.88,0.58,26.32,2.108
NBFC013,Upper Layer,FY22Q2,2021-09-30,Wholesale/Corporate,8148.3,6.769,551.56,2.843,231.66,0.58,27.15,1.459
NBFC013,Upper Layer,FY22Q4,2022-03-31,Infrastructure,10014.49,4.852,485.9,1.892,189.47,0.61,28.46,2.168
NBFC013,Upper Layer,FY22Q4,2022-03-31,MSME,8583.85,6.484,556.58,2.529,217.09,0.61,24.29,1.544
NBFC013,Upper Layer,FY22Q4,2022-03-31,Microfinance,2861.28,11.208,320.69,4.371,125.07,0.61,27.77,1.797
NBFC013,Upper Layer,FY22Q4,2022-03-31,Retail (Gold),4291.92,1.907,81.85,0.744,31.93,0.61,26.39,1.864
NBFC013,Upper Layer,FY22Q4,2022-03-31,Retail (Housing),15737.05,2.886,454.17,1.125,177.04,0.61,24.57,2.198
NBFC013,Upper Layer,FY22Q4,2022-03-31,Retail (Personal/Unsecured),7153.21,9.058,647.94,3.533,252.72,0.61,23.97,1.734
NBFC013,Upper Layer,FY22Q4,2022-03-31,Retail (Vehicle),14306.41,5.216,746.22,2.034,290.99,0.61,28.25,2.23
NBFC013,Upper Layer,FY22Q4,2022-03-31,Wholesale/Corporate,8583.85,6.025,517.18,2.35,201.72,0.61,27.38,1.769
NBFC013,Upper Layer,FY23Q2,2022-09-30,MSME,9291.61,5.857,544.21,2.109,195.96,0.64,24.72,2.699
NBFC013,Upper Layer,FY23Q2,2022-09-30,Microfinance,3097.2,9.696,300.3,3.491,108.12,0.64,29.19,1.978
NBFC013,Upper Layer,FY23Q2,2022-09-30,Retail (Gold),4645.8,1.531,71.13,0.551,25.6,0.64,24.47,1.681
NBFC013,Upper Layer,FY23Q2,2022-09-30,Retail (Housing),17034.61,2.489,423.99,0.896,152.63,0.64,28.64,1.598
NBFC013,Upper Layer,FY23Q2,2022-09-30,Retail (Personal/Unsecured),7743.01,8.17,632.6,2.941,227.72,0.64,26.72,1.532
NBFC013,Upper Layer,FY23Q2,2022-09-30,Retail (Vehicle),15486.01,4.696,727.22,1.723,266.82,0.633,24.41,2.249
NBFC013,Upper Layer,FY23Q2,2022-09-30,Wholesale/Corporate,9291.61,5.028,467.18,1.81,168.18,0.64,26.99,2.523
NBFC013,Upper Layer,FY23Q4,2023-03-31,Infrastructure,11708.27,3.199,374.55,1.056,123.64,0.67,29.44,2.585
NBFC013,Upper Layer,FY23Q4,2023-03-31,MSME,10035.66,4.594,461.04,1.516,152.14,0.67,28.09,3.241
NBFC013,Upper Layer,FY23Q4,2023-03-31,Microfinance,3345.22,7.188,240.45,2.372,79.35,0.67,28.63,3.488
NBFC013,Upper Layer,FY23Q4,2023-03-31,Retail (Gold),5017.83,1.218,61.12,0.402,20.17,0.67,25.93,3.076
NBFC013,Upper Layer,FY23Q4,2023-03-31,Retail (Housing),18398.71,1.986,365.4,0.655,120.51,0.67,26.33,2.994
NBFC013,Upper Layer,FY23Q4,2023-03-31,Retail (Personal/Unsecured),8363.05,6.102,510.31,2.014,168.43,0.67,25.58,3.142
NBFC013,Upper Layer,FY23Q4,2023-03-31,Retail (Vehicle),16726.1,3.759,628.73,1.24,207.4,0.67,25.51,3.113
NBFC013,Upper Layer,FY23Q4,2023-03-31,Wholesale/Corporate,10236.37,4.231,433.1,1.396,142.9,0.67,30.41,2.371
NBFC013,Upper Layer,FY24Q2,2023-09-30,Infrastructure,12766.89,3.111,397.18,0.933,119.12,0.7,26.46,3.691
NBFC013,Upper Layer,FY24Q2,2023-09-30,MSME,10943.05,4.252,465.3,1.276,139.63,0.7,25.78,2.839
NBFC013,Upper Layer,FY24Q2,2023-09-30,Microfinance,3647.68,7.121,259.75,2.136,77.91,0.7,24.8,2.832
NBFC013,Upper Layer,FY24Q2,2023-09-30,Retail (Gold),5471.52,1.226,67.08,0.368,20.14,0.7,26.11,3.233
NBFC013,Upper Layer,FY24Q2,2023-09-30,Retail (Housing),20062.25,1.777,356.51,0.533,106.93,0.7,27.395,3.225
NBFC013,Upper Layer,FY24Q2,2023-09-30,Retail (Personal/Unsecured),9119.2,5.703,520.07,1.711,156.03,0.7,25.19,2.534
NBFC013,Upper Layer,FY24Q2,2023-09-30,Retail (Vehicle),18238.41,3.5,638.34,1.05,191.5,0.7,28.41,3.676
NBFC013,Upper Layer,FY24Q2,2023-09-30,Wholesale/Corporate,10943.05,3.737,408.94,1.121,122.67,0.7,27.78,2.665
NBFC013,Upper Layer,FY24Q4,2024-03-31,Infrastructure,14227.77,1.951,277.58,0.527,74.98,0.73,27.69,3.081
NBFC013,Upper Layer,FY24Q4,2024-03-31,MSME,12195.23,2.945,359.15,0.795,96.95,0.73,24.81,3.669
NBFC013,Upper Layer,FY24Q4,2024-03-31,Microfinance,4065.08,4.58,186.18,1.237,50.29,0.73,29.26,3.553
NBFC013,Upper Layer,FY24Q4,2024-03-31,Retail (Gold),6097.62,0.793,48.35,0.214,13.05,0.73,26.94,2.838
NBFC013,Upper Layer,FY24Q4,2024-03-31,Retail (Housing),22357.93,1.211,270.75,0.327,73.11,0.73,26.48,3.058
NBFC013,Upper Layer,FY24Q4,2024-03-31,Retail (Personal/Unsecured),10162.7,3.706,376.63,1.001,101.73,0.73,26.96,3.666
NBFC013,Upper Layer,FY24Q4,2024-03-31,Retail (Vehicle),20325.39,2.302,467.89,0.622,126.42,0.73,28.66,2.805
NBFC013,Upper Layer,FY25Q2,2024-09-30,Infrastructure,15201.7,2.791,424.28,0.67,101.85,0.76,23.23,3.197
NBFC013,Upper Layer,FY25Q2,2024-09-30,MSME,13030.03,3.733,486.41,0.896,116.75,0.76,25.95,3.397
NBFC013,Upper Layer,FY25Q2,2024-09-30,Microfinance,4343.34,6.593,286.36,1.582,68.71,0.76,25.26,3.548
NBFC013,Upper Layer,FY25Q2,2024-09-30,Retail (Gold),6515.01,1.03,67.1,0.247,16.09,0.76,28.44,2.525
NBFC013,Upper Layer,FY25Q2,2024-09-30,Retail (Housing),23888.38,1.591,380.06,0.382,91.25,0.76,28.49,2.538
NBFC013,Upper Layer,FY25Q2,2024-09-30,Retail (Personal/Unsecured),10858.36,5.087,552.36,1.221,132.58,0.76,29.01,2.985
NBFC013,Upper Layer,FY25Q2,2024-09-30,Retail (Vehicle),21716.71,3.273,710.79,0.786,170.69,0.76,25.96,3.274
NBFC013,Upper Layer,FY25Q2,2024-09-30,Wholesale/Corporate,13030.03,3.374,439.63,0.81,105.54,0.76,25.4,2.876
NBFC013,Upper Layer,FY25Q4,2025-03-31,Infrastructure,16175.62,2.48,401.16,0.521,84.27,0.79,26.78,3.375
NBFC013,Upper Layer,FY25Q4,2025-03-31,MSME,13864.82,3.473,481.53,0.729,101.07,0.79,25.98,3.294
NBFC013,Upper Layer,FY25Q4,2025-03-31,Microfinance,4621.61,5.945,274.75,1.248,57.68,0.79,25.04,2.495
NBFC013,Upper Layer,FY25Q4,2025-03-31,Retail (Gold),6932.41,0.948,65.72,0.199,13.8,0.79,27.92,2.299
NBFC013,Upper Layer,FY25Q4,2025-03-31,Retail (Housing),25418.84,1.464,372.13,0.307,78.04,0.79,25.555,2.238
NBFC013,Upper Layer,FY25Q4,2025-03-31,Retail (Personal/Unsecured),11554.02,4.719,545.23,0.991,114.5,0.79,25.14,3.227
NBFC013,Upper Layer,FY25Q4,2025-03-31,Retail (Vehicle),23108.03,2.891,668.05,0.607,140.27,0.79,28.25,3.235
NBFC014,Upper Layer,FY21Q4,2021-03-31,Infrastructure,11268.18,5.051,569.16,2.273,256.13,0.55,23.97,1.775
NBFC014,Upper Layer,FY21Q4,2021-03-31,MSME,9658.44,7.659,739.74,3.447,332.93,0.55,27.81,1.16
NBFC014,Upper Layer,FY21Q4,2021-03-31,Microfinance,3219.48,11.598,373.4,5.219,168.02,0.55,27.07,1.993
NBFC014,Upper Layer,FY21Q4,2021-03-31,Retail (Gold),4829.22,1.984,95.81,0.896,43.27,0.548,25.39,1.685
NBFC014,Upper Layer,FY21Q4,2021-03-31,Retail (Housing),18061.28,3.091,558.27,1.391,251.23,0.55,23.4,1.82
NBFC014,Upper Layer,FY21Q4,2021-03-31,Retail (Personal/Unsecured),8048.7,10.013,805.92,4.506,362.67,0.55,22.2,1.797
NBFC014,Upper Layer,FY21Q4,2021-03-31,Retail (Vehicle),16097.4,5.975,961.82,2.689,432.86,0.55,22.41,1.961
NBFC014,Upper Layer,FY21Q4,2021-03-31,Wholesale/Corporate,9658.44,6.56,633.59,2.952,285.12,0.55,26.65,1.115
NBFC014,Upper Layer,FY22Q2,2021-09-30,Infrastructure,11901.7,5.284,628.89,2.219,264.1,0.58,26.86,1.08
NBFC014,Upper Layer,FY22Q2,2021-09-30,MSME,10201.46,7.819,797.65,3.284,335.02,0.58,23.52,1.793
NBFC014,Upper Layer,FY22Q2,2021-09-30,Microfinance,3400.49,11.5,391.06,4.83,164.24,0.58,26.03,2.198
NBFC014,Upper Layer,FY22Q2,2021-09-30,Retail (Gold),5100.73,2.052,104.67,0.862,43.97,0.58,24.69,2.077
NBFC014,Upper Layer,FY22Q2,2021-09-30,Retail (Housing),18702.67,3.233,604.66,1.358,253.98,0.58,25.56,1.623
NBFC014,Upper Layer,FY22Q2,2021-09-30,Retail (Personal/Unsecured),8501.21,9.946,845.53,4.177,355.1,0.58,27.7,2.006
NBFC014,Upper Layer,FY22Q2,2021-09-30,Retail (Vehicle),17002.43,5.962,1013.68,2.504,425.74,0.58,25.96,2.065
NBFC014,Upper Layer,FY22Q2,2021-09-30,Wholesale/Corporate,10201.46,6.415,654.42,2.694,274.83,0.58,29.06,2.083
NBFC014,Upper Layer,FY22Q4,2022-03-31,Infrastructure,12537.87,4.568,572.73,1.782,223.42,0.61,26.2,1.92
NBFC014,Upper Layer,FY22Q4,2022-03-31,MSME,10746.75,6.551,704.02,2.555,274.58,0.61,25.33,2.076
NBFC014,Upper Layer,FY22Q4,2022-03-31,Microfinance,3582.25,11.149,399.39,4.348,155.76,0.61,27.04,2.031
NBFC014,Upper Layer,FY22Q4,2022-03-31,Retail (Gold),5373.37,1.886,101.34,0.736,39.55,0.61,25.8,1.915
NBFC014,Upper Layer,FY22Q4,2022-03-31,Retail (Housing),19702.37,2.94,579.25,1.147,225.99,0.61,27.89,1.933
NBFC014,Upper Layer,FY22Q4,2022-03-31,Retail (Personal/Unsecured),8955.62,8.692,778.42,3.39,303.6,0.61,26.84,1.905
NBFC014,Upper Layer,FY22Q4,2022-03-31,Retail (Vehicle),17911.24,5.669,1015.39,2.211,396.02,0.61,24.84,2.127
NBFC014,Upper Layer,FY22Q4,2022-03-31,Wholesale/Corporate,10746.75,5.872,631.05,2.29,246.1,0.61,28.42,1.485
NBFC014,Upper Layer,FY23Q2,2022-09-30,Infrastructure,13571.65,4.003,543.27,1.441,195.57,0.64,25.12,2.174
NBFC014,Upper Layer,FY23Q2,2022-09-30,MSME,11632.84,5.725,665.98,2.061,239.75,0.64,26.73,2.41
NBFC014,Upper Layer,FY23Q2,2022-09-30,Microfinance,3877.61,9.401,364.53,3.384,131.22,0.64,28.42,1.936
NBFC014,Upper Layer,FY23Q2,2022-09-30,Retail (Gold),5816.42,1.506,87.6,0.542,31.52,0.64,26.51,2.277
NBFC014,Upper Layer,FY23Q2,2022-09-30,Retail (Housing),21326.88,2.433,518.88,0.876,186.82,0.64,27.3,1.765
NBFC014,Upper Layer,FY23Q2,2022-09-30,Retail (Personal/Unsecured),9694.03,7.801,756.23,2.808,272.21,0.64,29.57,2.0
NBFC014,Upper Layer,FY23Q2,2022-09-30,Retail (Vehicle),19388.07,4.668,905.04,1.68,325.72,0.64,26.74,2.597
NBFC014,Upper Layer,FY23Q2,2022-09-30,Wholesale/Corporate,11632.84,5.088,591.88,1.832,213.11,0.64,27.43,2.247
NBFC014,Upper Layer,FY23Q4,2023-03-31,Infrastructure,14658.44,3.221,472.15,1.063,155.82,0.67,27.945,2.849
NBFC014,Upper Layer,FY23Q4,2023-03-31,MSME,12564.38,4.733,594.67,1.562,196.26,0.67,27.57,2.351
NBFC014,Upper Layer,FY23Q4,2023-03-31,Microfinance,4188.13,7.572,317.13,2.499,104.66,0.67,30.34,3.439
NBFC014,Upper Layer,FY23Q4,2023-03-31,Retail (Gold),6282.19,1.295,81.35,0.427,26.82,0.67,29.11,2.999
NBFC014,Upper Layer,FY23Q4,2023-03-31,Retail (Housing),23034.69,2.019,465.07,0.666,153.41,0.67,30.13,3.185
NBFC014,Upper Layer,FY23Q4,2023-03-31,Retail (Personal/Unsecured),10470.31,6.125,641.31,2.005,209.93,0.673,27.88,2.887
NBFC014,Upper Layer,FY23Q4,2023-03-31,Retail (Vehicle),20940.63,3.532,739.62,1.166,244.17,0.67,25.93,3.404
NBFC014,Upper Layer,FY23Q4,2023-03-31,Wholesale/Corporate,12564.38,3.969,498.68,1.31,164.59,0.67,25.25,2.681
NBFC014,Upper Layer,FY24Q2,2023-09-30,Infrastructure,15983.8,2.917,466.25,0.875,139.86,0.7,28.43,2.773
NBFC014,Upper Layer,FY24Q2,2023-09-30,MSME,13700.4,4.274,585.56,1.282,175.64,0.7,26.38,2.696
NBFC014,Upper Layer,FY24Q2,2023-09-30,Microfinance,4566.8,7.127,325.48,2.138,97.64,0.7,24.84,2.934
NBFC014,Upper Layer,FY24Q2,2023-09-30,Retail (Gold),6850.2,1.215,83.23,0.364,24.93,0.7,25.47,3.246
NBFC014,Upper Layer,FY24Q2,2023-09-30,Retail (Housing),25117.39,1.791,449.85,0.537,134.88,0.7,24.87,3.378
NBFC014,Upper Layer,FY24Q2,2023-09-30,Retail (Personal/Unsecured),11417.0,5.932,677.26,1.78,203.22,0.7,24.71,3.414
NBFC014,Upper Layer,FY24Q2,2023-09-30,Retail (Vehicle),22833.99,3.49,796.91,1.047,239.07,0.7,26.99,3.106
NBFC014,Upper Layer,FY24Q2,2023-09-30,Wholesale/Corporate,13700.4,3.99,546.65,1.197,163.99,0.7,25.52,3.159
NBFC014,Upper Layer,FY24Q4,2024-03-31,Infrastructure,17812.79,2.08,370.51,0.562,100.11,0.73,26.03,3.609
NBFC014,Upper Layer,FY24Q4,2024-03-31,MSME,15268.1,2.914,444.91,0.787,120.16,0.73,26.18,3.629
NBFC014,Upper Layer,FY24Q4,2024-03-31,Microfinance,5089.37,4.64,236.15,1.253,63.77,0.73,27.09,3.222
NBFC014,Upper Layer,FY24Q4,2024-03-31,Retail (Gold),7634.05,0.762,58.17,0.206,15.73,0.73,27.26,3.66
NBFC014,Upper Layer,FY24Q4,2024-03-31,Retail (Housing),27991.52,1.156,323.58,0.312,87.33,0.73,23.89,2.724
NBFC014,Upper Layer,FY24Q4,2024-03-31,Retail (Personal/Unsecured),12723.42,3.959,503.72,1.069,136.01,0.73,24.7,3.621
NBFC014,Upper Layer,FY24Q4,2024-03-31,Retail (Vehicle),25446.84,2.364,601.56,0.638,162.35,0.73,25.01,3.764
NBFC014,Upper Layer,FY24Q4,2024-03-31,Wholesale/Corporate,15268.1,2.579,393.76,0.696,106.27,0.73,28.93,2.916
NBFC014,Upper Layer,FY25Q2,2024-09-30,Infrastructure,19032.12,2.566,488.36,0.616,117.24,0.76,23.25,3.003
NBFC014,Upper Layer,FY25Q2,2024-09-30,MSME,16313.24,3.855,628.88,0.925,150.9,0.76,26.23,3.438
NBFC014,Upper Layer,FY25Q2,2024-09-30,Microfinance,5437.75,6.073,330.23,1.458,79.28,0.76,23.88,2.512
NBFC014,Upper Layer,FY25Q2,2024-09-30,Retail (Gold),8156.62,1.023,83.44,0.246,20.07,0.759,28.09,2.566
NBFC014,Upper Layer,FY25Q2,2024-09-30,Retail (Housing),29907.61,1.688,504.84,0.405,121.13,0.76,23.85,2.969
NBFC014,Upper Layer,FY25Q2,2024-09-30,Retail (Personal/Unsecured),13594.37,5.244,712.89,1.259,171.15,0.76,24.78,3.118
NBFC014,Upper Layer,FY25Q2,2024-09-30,Retail (Vehicle),27188.74,3.285,893.15,0.788,214.25,0.76,25.22,3.541
NBFC014,Upper Layer,FY25Q2,2024-09-30,Wholesale/Corporate,16313.24,3.505,571.78,0.841,137.19,0.76,27.63,3.285
NBFC014,Upper Layer,FY25Q4,2025-03-31,Infrastructure,20251.44,2.526,511.55,0.53,107.33,0.79,27.79,2.598
NBFC014,Upper Layer,FY25Q4,2025-03-31,MSME,17358.38,3.564,618.65,0.748,129.84,0.79,22.78,3.071
NBFC014,Upper Layer,FY25Q4,2025-03-31,Microfinance,5786.13,5.875,339.94,1.234,71.4,0.79,27.36,2.312
NBFC014,Upper Layer,FY25Q4,2025-03-31,Retail (Gold),8679.19,0.945,82.02,0.198,17.18,0.791,27.12,3.29
NBFC014,Upper Layer,FY25Q4,2025-03-31,Retail (Housing),31823.7,1.574,500.91,0.331,105.34,0.79,24.58,2.727
NBFC014,Upper Layer,FY25Q4,2025-03-31,Retail (Personal/Unsecured),14465.32,4.72,682.76,0.991,143.35,0.79,24.96,2.955
NBFC014,Upper Layer,FY25Q4,2025-03-31,Retail (Vehicle),28930.63,2.833,819.6,0.595,172.14,0.79,27.61,2.95
NBFC014,Upper Layer,FY25Q4,2025-03-31,Wholesale/Corporate,17358.38,3.047,528.91,0.64,111.09,0.79,26.89,2.363
NBFC015,Upper Layer,FY21Q4,2021-03-31,Infrastructure,11977.26,5.185,621.02,2.333,279.43,0.55,22.23,0.978
NBFC015,Upper Layer,FY21Q4,2021-03-31,MSME,10266.23,7.552,775.31,3.398,348.85,0.55,24.75,1.908
NBFC015,Upper Layer,FY21Q4,2021-03-31,Microfinance,3422.08,12.139,415.41,5.463,186.95,0.55,22.41,1.983
NBFC015,Upper Layer,FY21Q4,2021-03-31,Retail (Gold),5133.11,1.885,96.76,0.848,43.53,0.55,23.27,1.661
NBFC015,Upper Layer,FY21Q4,2021-03-31,Retail (Housing),18821.42,3.0,564.64,1.35,254.09,0.55,27.69,1.308
NBFC015,Upper Layer,FY21Q4,2021-03-31,Retail (Personal/Unsecured),8555.19,9.769,835.76,4.396,376.09,0.55,22.04,1.667
NBFC015,Upper Layer,FY21Q4,2021-03-31,Retail (Vehicle),17110.38,5.993,1025.43,2.697,461.47,0.55,23.49,1.453
NBFC015,Upper Layer,FY21Q4,2021-03-31,Wholesale/Corporate,10266.23,6.226,639.18,2.802,287.66,0.55,27.88,1.108
NBFC015,Upper Layer,FY22Q2,2021-09-30,Infrastructure,12650.65,5.073,641.77,2.131,269.59,0.58,24.21,2.092
NBFC015,Upper Layer,FY22Q2,2021-09-30,MSME,10843.42,7.314,793.09,3.158,342.44,0.568,28.93,1.766
NBFC015,Upper Layer,FY22Q2,2021-09-30,Microfinance,3614.47,12.009,434.06,5.044,182.31,0.58,28.96,1.167
NBFC015,Upper Layer,FY22Q2,2021-09-30,Retail (Gold),5421.71,2.006,108.76,0.843,45.71,0.58,23.7,1.443
NBFC015,Upper Layer,FY22Q2,2021-09-30,Retail (Housing),19879.6,3.092,614.68,1.299,258.24,0.58,29.08,1.188
NBFC015,Upper Layer,FY22Q2,2021-09-30,Retail (Personal/Unsecured),9036.18,10.421,941.66,4.377,395.51,0.58,25.935000000000002,1.248
NBFC015,Upper Layer,FY22Q2,2021-09-30,Retail (Vehicle),18072.36,6.175,1115.97,2.593,468.62,0.58,23.54,1.222
NBFC015,Upper Layer,FY22Q2,2021-09-30,Wholesale/Corporate,10843.42,6.465999999999999,701.14,2.659,288.33,0.589,27.42,1.316
NBFC015,Upper Layer,FY22Q4,2022-03-31,Infrastructure,13326.86,4.826,643.15,1.882,250.81,0.61,23.97,2.136
NBFC015,Upper Layer,FY22Q4,2022-03-31,MSME,11423.02,6.663,761.12,2.599,296.88,0.61,29.6,1.819
NBFC015,Upper Layer,FY22Q4,2022-03-31,Microfinance,3807.67,10.579,402.81,4.126,157.1,0.61,24.54,1.1
NBFC015,Upper Layer,FY22Q4,2022-03-31,Retail (Gold),5711.51,1.897,108.35,0.74,42.27,0.61,27.11,2.127
NBFC015,Upper Layer,FY22Q4,2022-03-31,Retail (Housing),20942.2,2.895,606.28,1.129,236.44,0.61,28.79,1.335
NBFC015,Upper Layer,FY22Q4,2022-03-31,Retail (Personal/Unsecured),9519.18,8.651,823.5,3.374,321.18,0.61,28.93,1.719
NBFC015,Upper Layer,FY22Q4,2022-03-31,Retail (Vehicle),19038.37,5.507,1048.44,2.148,408.94,0.61,28.89,1.416
NBFC015,Upper Layer,FY22Q4,2022-03-31,Wholesale/Corporate,11423.02,6.006,686.07,2.342,267.53,0.61,29.1,2.202
NBFC015,Upper Layer,FY23Q2,2022-09-30,Infrastructure,14425.69,4.033,581.79,1.452,209.46,0.64,25.07,1.711
NBFC015,Upper Layer,FY23Q2,2022-09-30,MSME,12364.87,5.857,724.21,2.109,260.78,0.64,26.83,2.596
NBFC015,Upper Layer,FY23Q2,2022-09-30,Microfinance,4121.62,9.729,400.99,3.502,144.34,0.64,27.22,2.411
NBFC015,Upper Layer,FY23Q2,2022-09-30,Retail (Gold),6182.44,1.575,97.37,0.567,35.05,0.64,24.81,2.287
NBFC015,Upper Layer,FY23Q2,2022-09-30,Retail (Housing),22668.94,2.504,567.63,0.901,204.25,0.64,29.75,2.28
NBFC015,Upper Layer,FY23Q2,2022-09-30,Retail (Personal/Unsecured),10304.06,7.637,786.92,2.749,283.26,0.64,26.54,2.256
NBFC015,Upper Layer,FY23Q2,2022-09-30,Retail (Vehicle),20608.12,4.667,961.78,1.693,348.9,0.637,30.39,1.825
NBFC015,Upper Layer,FY23Q2,2022-09-30,Wholesale/Corporate,12364.87,5.285,653.48,1.863,230.36,0.647,25.52,1.817
NBFC015,Upper Layer,FY23Q4,2023-03-31,Infrastructure,15580.87,3.262,508.25,1.076,167.65,0.67,27.83,2.47
NBFC015,Upper Layer,FY23Q4,2023-03-31,MSME,13355.03,4.742,633.3,1.565,209.01,0.67,25.99,2.32
NBFC015,Upper Layer,FY23Q4,2023-03-31,Microfinance,4451.68,7.4559999999999995,331.92,2.327,103.59,0.688,24.61,2.489
NBFC015,Upper Layer,FY23Q4,2023-03-31,Retail (Gold),6677.52,1.186,79.2,0.391,26.11,0.67,27.9,3.021
NBFC015,Upper Layer,FY23Q4,2023-03-31,Retail (Housing),24484.22,2.012,492.62,0.664,162.58,0.67,28.68,3.134
NBFC015,Upper Layer,FY23Q4,2023-03-31,Retail (Personal/Unsecured),11129.19,6.158,685.34,2.032,226.15,0.67,28.6,2.711
NBFC015,Upper Layer,FY23Q4,2023-03-31,Retail (Vehicle),22258.38,3.748,834.24,1.237,275.34,0.67,26.38,3.497
NBFC015,Upper Layer,FY23Q4,2023-03-31,Wholesale/Corporate,13355.03,3.871,516.97,1.277,170.54,0.67,28.43,2.509
NBFC015,Upper Layer,FY24Q2,2023-09-30,MSME,14562.54,4.403,641.19,1.321,192.37,0.7,27.67,3.221
NBFC015,Upper Layer,FY24Q2,2023-09-30,Microfinance,4854.18,6.809,330.52,2.043,99.17,0.7,25.69,2.755
NBFC015,Upper Layer,FY24Q2,2023-09-30,Retail (Gold),7281.27,1.231,89.63,0.369,26.87,0.7,28.29,3.603
NBFC015,Upper Layer,FY24Q2,2023-09-30,Retail (Housing),26697.99,1.886,503.52,0.566,151.11,0.7,30.52,2.988
NBFC015,Upper Layer,FY24Q2,2023-09-30,Retail (Personal/Unsecured),12135.45,5.897,715.63,1.769,214.68,0.7,24.89,2.981
NBFC015,Upper Layer,FY24Q2,2023-09-30,Retail (Vehicle),24270.9,3.611,876.42,1.083,262.85,0.7,29.9,3.124
NBFC015,Upper Layer,FY24Q2,2023-09-30,Wholesale/Corporate,14562.54,3.857,561.68,1.157,168.49,0.7,30.49,3.442
NBFC015,Upper Layer,FY24Q4,2024-03-31,Infrastructure,18933.71,2.072,392.31,0.559,105.84,0.73,24.79,3.629
NBFC015,Upper Layer,FY24Q4,2024-03-31,MSME,16228.9,2.892,469.34,0.781,126.75,0.73,28.8,3.312
NBFC015,Upper Layer,FY24Q4,2024-03-31,Microfinance,5409.63,4.522,244.62,1.221,66.05,0.73,25.97,3.355
NBFC015,Upper Layer,FY24Q4,2024-03-31,Retail (Gold),8114.45,0.766,62.16,0.207,16.8,0.73,26.09,3.008
NBFC015,Upper Layer,FY24Q4,2024-03-31,Retail (Housing),29752.98,1.254,373.1,0.339,100.86,0.73,26.97,3.828
NBFC015,Upper Layer,FY24Q4,2024-03-31,Retail (Personal/Unsecured),13524.08,3.668,496.06,0.99,133.89,0.73,24.51,3.845
NBFC015,Upper Layer,FY24Q4,2024-03-31,Retail (Vehicle),27048.16,2.324,628.6,0.627,169.59,0.73,24.14,3.861
NBFC015,Upper Layer,FY24Q4,2024-03-31,Wholesale/Corporate,16228.9,2.561,415.62,0.691,112.14,0.73,27.68,3.286
NBFC015,Upper Layer,FY25Q2,2024-09-30,Infrastructure,20229.77,2.566,519.1,0.616,124.62,0.76,27.24,2.705
NBFC015,Upper Layer,FY25Q2,2024-09-30,Microfinance,5779.93,6.05,349.69,1.452,83.92,0.76,25.37,2.863
NBFC015,Upper Layer,FY25Q2,2024-09-30,Retail (Gold),8669.9,0.997,86.44,0.239,20.72,0.76,25.58,3.35
NBFC015,Upper Layer,FY25Q2,2024-09-30,Retail (Housing),31789.64,1.609,511.5,0.386,122.71,0.76,26.24,3.347
NBFC015,Upper Layer,FY25Q2,2024-09-30,Retail (Personal/Unsecured),14449.84,5.468,790.12,1.312,189.58,0.76,28.88,3.343
NBFC015,Upper Layer,FY25Q2,2024-09-30,Retail (Vehicle),28899.67,3.172,916.7,0.761,219.93,0.76,26.29,3.421
NBFC015,Upper Layer,FY25Q2,2024-09-30,Wholesale/Corporate,17339.8,3.402,589.9,0.816,141.49,0.76,28.67,3.181
NBFC015,Upper Layer,FY25Q4,2025-03-31,Infrastructure,21525.83,2.56,551.06,0.538,115.81,0.79,26.32,2.607
NBFC015,Upper Layer,FY25Q4,2025-03-31,MSME,18450.71,3.475,641.16,0.73,134.69,0.79,28.52,2.966
NBFC015,Upper Layer,FY25Q4,2025-03-31,Microfinance,6150.24,5.61,345.03,1.178,72.45,0.79,28.13,3.189
NBFC015,Upper Layer,FY25Q4,2025-03-31,Retail (Gold),9225.36,0.95,87.64,0.199,18.36,0.791,24.57,3.091
NBFC015,Upper Layer,FY25Q4,2025-03-31,Retail (Housing),33826.3,1.545,522.62,0.324,109.6,0.79,24.2,3.23
NBFC015,Upper Layer,FY25Q4,2025-03-31,Retail (Personal/Unsecured),15375.59,4.730499999999999,727.34,1.045,160.67,0.779,25.78,2.656
NBFC015,Upper Layer,FY25Q4,2025-03-31,Retail (Vehicle),30751.19,2.781,855.19,0.584,179.59,0.79,23.58,2.64
NBFC015,Upper Layer,FY25Q4,2025-03-31,Wholesale/Corporate,18450.71,3.113,574.37,0.654,120.67,0.79,23.36,2.322
NBFC016,Middle Layer,FY21Q4,2021-03-31,Infrastructure,9740.49,4.831,470.56,2.174,211.76,0.55,24.58,1.808
NBFC016,Middle Layer,FY21Q4,2021-03-31,Microfinance,14610.73,12.318,1799.75,5.543,809.87,0.55,27.31,1.157
NBFC016,Middle Layer,FY21Q4,2021-03-31,Retail (Gold),12175.61,2.046,249.11,0.921,112.14,0.55,25.76,1.315
NBFC016,Middle Layer,FY21Q4,2021-03-31,Retail (Housing),17045.85,3.191,543.93,1.436,244.78,0.55,25.41,1.752
NBFC016,Middle Layer,FY21Q4,2021-03-31,Retail (Personal/Unsecured),17045.85,9.879,1683.96,4.446,757.86,0.55,24.51,2.07
NBFC016,Middle Layer,FY21Q4,2021-03-31,Retail (Vehicle),19480.97,6.158,1199.64,2.771,539.82,0.55,24.88,0.954
NBFC016,Middle Layer,FY21Q4,2021-03-31,Wholesale/Corporate,12175.61,6.166,750.75,2.775,337.87,0.55,23.7,1.815
NBFC016,Middle Layer,FY22Q2,2021-09-30,Infrastructure,10288.12,5.297,544.96,2.225,228.91,0.58,27.36,1.642
NBFC016,Middle Layer,FY22Q2,2021-09-30,MSME,20576.24,7.259,1493.63,3.049,627.37,0.58,26.04,1.14
NBFC016,Middle Layer,FY22Q2,2021-09-30,Microfinance,15432.18,12.03,1856.49,5.053,779.79,0.58,24.45,2.095
NBFC016,Middle Layer,FY22Q2,2021-09-30,Retail (Gold),12860.15,1.946,250.26,0.817,105.07,0.58,27.8,1.36
NBFC016,Middle Layer,FY22Q2,2021-09-30,Retail (Housing),18004.21,3.089,556.15,1.297,233.51,0.58,25.49,1.769
NBFC016,Middle Layer,FY22Q2,2021-09-30,Retail (Personal/Unsecured),18004.21,9.62,1732.01,4.04,727.37,0.58,26.91,1.592
NBFC016,Middle Layer,FY22Q2,2021-09-30,Retail (Vehicle),20576.24,5.866,1207.0,2.464,507.0,0.58,26.78,1.449
NBFC016,Middle Layer,FY22Q2,2021-09-30,Wholesale/Corporate,12860.15,6.465999999999999,831.54,2.894,372.17,0.552,26.83,1.256
NBFC016,Middle Layer,FY22Q4,2022-03-31,Infrastructure,10838.04,4.855,526.19,1.893,205.16,0.61,23.73,1.53
NBFC016,Middle Layer,FY22Q4,2022-03-31,MSME,21676.08,6.731,1459.02,2.6189999999999998,567.7,0.611,27.6,1.872
NBFC016,Middle Layer,FY22Q4,2022-03-31,Microfinance,16257.06,10.463,1700.98,4.081,663.45,0.61,26.86,1.95
NBFC016,Middle Layer,FY22Q4,2022-03-31,Retail (Gold),13547.55,1.847,250.22,0.72,97.54,0.61,28.44,1.312
NBFC016,Middle Layer,FY22Q4,2022-03-31,Retail (Housing),18966.57,2.933,556.29,1.144,216.98,0.61,26.04,2.142
NBFC016,Middle Layer,FY22Q4,2022-03-31,Retail (Personal/Unsecured),18966.57,8.903,1688.59,3.472,658.52,0.61,29.45,1.719
NBFC016,Middle Layer,FY22Q4,2022-03-31,Retail (Vehicle),21676.08,5.463,1184.16,2.131,461.92,0.61,28.45,2.226
NBFC016,Middle Layer,FY22Q4,2022-03-31,Wholesale/Corporate,13547.55,6.035,817.59,2.354,318.91,0.61,27.69,1.145
NBFC016,Middle Layer,FY23Q2,2022-09-30,Infrastructure,11731.66,4.131,484.63,1.487,174.45,0.64,25.71,2.466
NBFC016,Middle Layer,FY23Q2,2022-09-30,MSME,23463.32,5.649,1325.44,2.034,477.24,0.64,27.51,2.018
NBFC016,Middle Layer,FY23Q2,2022-09-30,Microfinance,17597.49,9.659,1699.74,3.477,611.86,0.64,28.44,2.684
NBFC016,Middle Layer,FY23Q2,2022-09-30,Retail (Gold),14664.58,1.624,238.15,0.585,85.79,0.64,28.7,2.566
NBFC016,Middle Layer,FY23Q2,2022-09-30,Retail (Housing),20530.41,2.561,525.78,0.922,189.29,0.64,28.73,2.309
NBFC016,Middle Layer,FY23Q2,2022-09-30,Retail (Personal/Unsecured),20530.41,8.008,1644.08,2.883,591.89,0.64,28.43,1.898
NBFC016,Middle Layer,FY23Q2,2022-09-30,Retail (Vehicle),23463.32,4.844,1136.56,1.744,409.2,0.64,27.61,2.667
NBFC016,Middle Layer,FY23Q2,2022-09-30,Wholesale/Corporate,14664.58,5.048,740.27,1.817,266.46,0.64,26.42,2.594
NBFC016,Middle Layer,FY23Q4,2023-03-31,Infrastructure,12671.11,3.175,402.31,1.048,132.79,0.67,30.2,2.681
NBFC016,Middle Layer,FY23Q4,2023-03-31,MSME,25342.22,4.508,1142.43,1.488,377.09,0.67,25.98,2.499
NBFC016,Middle Layer,FY23Q4,2023-03-31,Microfinance,19006.67,7.545,1434.05,2.49,473.27,0.67,28.81,2.966
NBFC016,Middle Layer,FY23Q4,2023-03-31,Retail (Gold),15838.89,1.188,188.17,0.392,62.09,0.67,26.36,3.474
NBFC016,Middle Layer,FY23Q4,2023-03-31,Retail (Housing),22174.45,1.976,438.17,0.652,144.58,0.67,25.81,2.739
NBFC016,Middle Layer,FY23Q4,2023-03-31,Retail (Personal/Unsecured),22174.45,6.186,1371.71,2.041,452.58,0.67,29.07,3.405
NBFC016,Middle Layer,FY23Q4,2023-03-31,Retail (Vehicle),25342.22,3.793,961.23,1.2305000000000001,311.84,0.676,27.09,2.913
NBFC016,Middle Layer,FY23Q4,2023-03-31,Wholesale/Corporate,15838.89,4.077,645.75,1.402,222.06,0.656,24.76,2.332
NBFC016,Middle Layer,FY24Q2,2023-09-30,Infrastructure,13816.78,3.124,431.64,0.91,125.73,0.709,27.98,3.655
NBFC016,Middle Layer,FY24Q2,2023-09-30,MSME,27633.56,4.493,1241.58,1.348,372.5,0.7,25.9,3.424
NBFC016,Middle Layer,FY24Q2,2023-09-30,Microfinance,20725.17,6.975,1445.58,2.092,433.57,0.7,27.47,2.782
NBFC016,Middle Layer,FY24Q2,2023-09-30,Retail (Gold),17270.98,1.222,211.05,0.367,63.38,0.7,25.18,3.081
NBFC016,Middle Layer,FY24Q2,2023-09-30,Retail (Housing),24179.37,1.854,448.29,0.556,134.44,0.7,29.94,2.509
NBFC016,Middle Layer,FY24Q2,2023-09-30,Retail (Personal/Unsecured),24179.37,6.044,1461.4,1.813,438.37,0.7,27.64,2.721
NBFC016,Middle Layer,FY24Q2,2023-09-30,Retail (Vehicle),27633.56,3.503,968.0,1.051,290.43,0.7,29.02,3.172
NBFC016,Middle Layer,FY24Q2,2023-09-30,Wholesale/Corporate,17270.98,3.958,683.59,1.187,205.01,0.7,27.98,3.547
NBFC016,Middle Layer,FY24Q4,2024-03-31,Infrastructure,15397.81,1.906,293.48,0.515,79.3,0.73,24.86,3.754
NBFC016,Middle Layer,FY24Q4,2024-03-31,MSME,30795.61,2.82,868.44,0.761,234.35,0.73,25.87,3.275
NBFC016,Middle Layer,FY24Q4,2024-03-31,Microfinance,23096.71,4.652,1074.46,1.256,290.09,0.73,28.45,3.361
NBFC016,Middle Layer,FY24Q4,2024-03-31,Retail (Gold),19247.26,0.764,147.05,0.206,39.65,0.73,26.91,3.707
NBFC016,Middle Layer,FY24Q4,2024-03-31,Retail (Housing),26946.16,1.272,342.76,0.343,92.43,0.73,26.72,2.846
NBFC016,Middle Layer,FY24Q4,2024-03-31,Retail (Personal/Unsecured),26946.16,3.8535,1038.37,1.013,272.96,0.737,24.03,3.231
NBFC016,Middle Layer,FY24Q4,2024-03-31,Retail (Vehicle),30795.61,2.264,697.21,0.611,188.16,0.73,25.21,3.008
NBFC016,Middle Layer,FY24Q4,2024-03-31,Wholesale/Corporate,19247.26,2.588,498.12,0.699,134.54,0.73,24.85,3.382
NBFC016,Middle Layer,FY25Q2,2024-09-30,Infrastructure,16451.82,2.649,435.81,0.636,104.63,0.76,27.93,3.363
NBFC016,Middle Layer,FY25Q2,2024-09-30,MSME,32903.65,3.805,1251.98,0.913,300.41,0.76,25.08,2.946
NBFC016,Middle Layer,FY25Q2,2024-09-30,Microfinance,24677.73,6.466,1595.66,1.552,383.0,0.76,28.04,2.547
NBFC016,Middle Layer,FY25Q2,2024-09-30,Retail (Gold),20564.78,1.029,211.61,0.247,50.8,0.76,24.2,2.779
NBFC016,Middle Layer,FY25Q2,2024-09-30,Retail (Housing),28790.69,1.652,475.62,0.396,114.01,0.76,28.39,3.583
NBFC016,Middle Layer,FY25Q2,2024-09-30,Retail (Personal/Unsecured),28790.69,5.107,1470.34,1.226,352.97,0.76,28.77,3.25
NBFC016,Middle Layer,FY25Q2,2024-09-30,Retail (Vehicle),32903.65,3.112,1023.96,0.747,245.79,0.76,28.25,2.78
NBFC016,Middle Layer,FY25Q2,2024-09-30,Wholesale/Corporate,20564.78,3.439,707.22,0.825,169.66,0.76,28.82,3.492
NBFC016,Middle Layer,FY25Q4,2025-03-31,Infrastructure,17505.84,2.498,437.3,0.525,91.91,0.79,27.05,2.535
NBFC016,Middle Layer,FY25Q4,2025-03-31,Microfinance,26258.76,5.796,1521.96,1.217,319.57,0.79,26.7,2.957
NBFC016,Middle Layer,FY25Q4,2025-03-31,Retail (Gold),21882.3,0.987,215.98,0.207,45.3,0.79,23.23,2.807
NBFC016,Middle Layer,FY25Q4,2025-03-31,Retail (Housing),30635.22,1.467,449.42,0.308,94.36,0.79,28.46,2.497
NBFC016,Middle Layer,FY25Q4,2025-03-31,Retail (Personal/Unsecured),30635.22,4.691,1437.1,0.985,301.76,0.79,26.69,2.487
NBFC016,Middle Layer,FY25Q4,2025-03-31,Retail (Vehicle),35011.68,2.77,969.82,0.582,203.77,0.79,28.57,3.018
NBFC016,Middle Layer,FY25Q4,2025-03-31,Wholesale/Corporate,21882.3,3.236,708.11,0.68,148.8,0.79,22.73,2.951
NBFC017,Middle Layer,FY21Q4,2021-03-31,Infrastructure,13827.18,4.899,677.39,2.205,304.89,0.55,25.24,1.694
NBFC017,Middle Layer,FY21Q4,2021-03-31,MSME,27654.37,7.388,2043.1,3.325,919.51,0.55,23.55,1.628
NBFC017,Middle Layer,FY21Q4,2021-03-31,Microfinance,20740.78,11.893,2466.7,5.077,1053.01,0.573,27.55,1.957
NBFC017,Middle Layer,FY21Q4,2021-03-31,Retail (Gold),17283.98,1.91,330.12,0.859,148.47,0.55,24.12,1.181
NBFC017,Middle Layer,FY21Q4,2021-03-31,Retail (Housing),24197.57,3.02,730.77,1.359,328.84,0.55,23.89,1.962
NBFC017,Middle Layer,FY21Q4,2021-03-31,Retail (Personal/Unsecured),24197.57,9.922,2400.88,4.465,1080.42,0.55,22.48,1.943
NBFC017,Middle Layer,FY21Q4,2021-03-31,Wholesale/Corporate,17283.98,6.592,1139.36,2.966,512.64,0.55,22.4,1.175
NBFC017,Middle Layer,FY22Q2,2021-09-30,Infrastructure,14604.58,5.16,753.6,2.167,316.48,0.58,25.71,1.592
NBFC017,Middle Layer,FY22Q2,2021-09-30,MSME,29209.15,7.76,2266.63,3.259,951.93,0.58,26.82,1.435
NBFC017,Middle Layer,FY22Q2,2021-09-30,Microfinance,21906.86,11.619,2545.36,4.88,1069.05,0.58,23.3,2.117
NBFC017,Middle Layer,FY22Q2,2021-09-30,Retail (Gold),18255.72,2.013,367.49,0.845,154.26,0.58,23.91,1.973
NBFC017,Middle Layer,FY22Q2,2021-09-30,Retail (Housing),25558.01,3.184,813.77,1.337,341.71,0.58,27.53,1.25
NBFC017,Middle Layer,FY22Q2,2021-09-30,Retail (Personal/Unsecured),25558.01,9.632,2461.75,4.045,1033.82,0.58,23.36,1.483
NBFC017,Middle Layer,FY22Q2,2021-09-30,Retail (Vehicle),29209.15,5.899,1723.05,2.478,723.8,0.58,26.36,1.928
NBFC017,Middle Layer,FY22Q2,2021-09-30,Wholesale/Corporate,18255.72,6.812,1243.58,2.861,522.3,0.58,28.11,1.128
NBFC017,Middle Layer,FY22Q4,2022-03-31,Infrastructure,15385.22,4.602,708.03,1.795,276.16,0.61,29.52,1.885
NBFC017,Middle Layer,FY22Q4,2022-03-31,MSME,30770.44,7.061,2172.7,2.754,847.42,0.61,25.54,2.113
NBFC017,Middle Layer,FY22Q4,2022-03-31,Microfinance,23077.83,11.009,2540.64,4.294,990.96,0.61,28.9,1.398
NBFC017,Middle Layer,FY22Q4,2022-03-31,Retail (Gold),19231.53,1.798,345.78,0.701,134.81,0.61,23.86,2.139
NBFC017,Middle Layer,FY22Q4,2022-03-31,Retail (Housing),26924.14,2.886,777.03,1.108,298.32,0.616,27.71,1.733
NBFC017,Middle Layer,FY22Q4,2022-03-31,Retail (Personal/Unsecured),26924.14,9.17,2468.94,3.576,962.81,0.61,26.12,1.563
NBFC017,Middle Layer,FY22Q4,2022-03-31,Retail (Vehicle),30770.44,5.213,1604.06,2.033,625.56,0.61,24.07,1.623
NBFC017,Middle Layer,FY22Q4,2022-03-31,Wholesale/Corporate,19231.53,5.922,1138.89,2.31,444.25,0.61,26.53,1.901
NBFC017,Middle Layer,FY23Q2,2022-09-30,Infrastructure,16653.77,4.161,692.96,1.498,249.47,0.64,30.14,2.283
NBFC017,Middle Layer,FY23Q2,2022-09-30,MSME,33307.54,5.995,1996.79,2.158,718.78,0.64,29.59,2.634
NBFC017,Middle Layer,FY23Q2,2022-09-30,Microfinance,24980.66,9.598,2397.64,3.455,863.08,0.64,24.46,1.586
NBFC017,Middle Layer,FY23Q2,2022-09-30,Retail (Gold),20817.21,1.559,324.54,0.561,116.78,0.64,26.8,2.097
NBFC017,Middle Layer,FY23Q2,2022-09-30,Retail (Housing),29144.1,2.381,693.92,0.857,249.76,0.64,26.73,2.0
NBFC017,Middle Layer,FY23Q2,2022-09-30,Retail (Personal/Unsecured),29144.1,7.497,2184.93,2.699,786.6,0.64,26.44,1.655
NBFC017,Middle Layer,FY23Q2,2022-09-30,Retail (Vehicle),33307.54,4.61,1535.48,1.66,552.91,0.64,25.94,2.12
NBFC017,Middle Layer,FY23Q2,2022-09-30,Wholesale/Corporate,20817.21,4.983,1037.32,1.794,373.46,0.64,28.09,1.601
NBFC017,Middle Layer,FY23Q4,2023-03-31,Infrastructure,17987.37,3.28,589.99,1.082,194.62,0.67,26.7,3.084
NBFC017,Middle Layer,FY23Q4,2023-03-31,MSME,35974.75,4.695,1689.01,1.549,557.25,0.67,30.21,2.773
NBFC017,Middle Layer,FY23Q4,2023-03-31,Microfinance,26981.06,7.664,2067.83,2.529,682.35,0.67,28.55,3.322
NBFC017,Middle Layer,FY23Q4,2023-03-31,Retail (Gold),22484.22,1.181,265.54,0.39,87.69,0.67,27.665,3.412
NBFC017,Middle Layer,FY23Q4,2023-03-31,Retail (Housing),31477.9,1.94,610.67,0.64,201.46,0.67,27.13,2.762
NBFC017,Middle Layer,FY23Q4,2023-03-31,Retail (Personal/Unsecured),31477.9,5.937,1868.84,1.959,616.65,0.67,27.89,2.68
NBFC017,Middle Layer,FY23Q4,2023-03-31,Retail (Vehicle),35974.75,3.752,1349.77,1.238,445.37,0.67,25.91,3.094
NBFC017,Middle Layer,FY23Q4,2023-03-31,Wholesale/Corporate,22484.22,4.086,918.71,1.348,303.09,0.67,25.59,2.726
NBFC017,Middle Layer,FY24Q2,2023-09-30,Infrastructure,19613.72,2.979,584.29,0.894,175.35,0.7,26.81,3.211
NBFC017,Middle Layer,FY24Q2,2023-09-30,MSME,39227.44,4.424,1735.42,1.327,520.55,0.7,26.51,2.834
NBFC017,Middle Layer,FY24Q2,2023-09-30,Microfinance,29420.58,6.875,2022.66,2.062,606.65,0.7,25.94,2.57
NBFC017,Middle Layer,FY24Q2,2023-09-30,Retail (Gold),24517.15,1.172,287.34,0.352,86.3,0.7,26.4,3.533
NBFC017,Middle Layer,FY24Q2,2023-09-30,Retail (Housing),34324.01,1.8365,630.36,0.551,189.13,0.7,25.0,3.011
NBFC017,Middle Layer,FY24Q2,2023-09-30,Retail (Personal/Unsecured),34324.01,5.631,1932.79,1.689,579.73,0.7,25.63,3.51
NBFC017,Middle Layer,FY24Q2,2023-09-30,Retail (Vehicle),39227.44,3.536,1387.08,1.061,416.2,0.7,30.43,2.783
NBFC017,Middle Layer,FY24Q2,2023-09-30,Wholesale/Corporate,24517.15,3.823,937.29,1.147,281.21,0.7,30.34,2.735
NBFC017,Middle Layer,FY24Q4,2024-03-31,Infrastructure,21858.07,1.979,432.57,0.534,116.72,0.73,28.75,2.901
NBFC017,Middle Layer,FY24Q4,2024-03-31,MSME,43716.15,2.794,1221.43,0.7745,338.58,0.723,23.92,2.825
NBFC017,Middle Layer,FY24Q4,2024-03-31,Microfinance,32787.11,4.765,1562.31,1.287,421.97,0.73,27.85,3.425
NBFC017,Middle Layer,FY24Q4,2024-03-31,Retail (Gold),27322.59,0.743,203.01,0.201,54.92,0.729,26.42,2.703
NBFC017,Middle Layer,FY24Q4,2024-03-31,Retail (Housing),38251.63,1.269,485.41,0.343,131.2,0.73,29.26,3.622
NBFC017,Middle Layer,FY24Q4,2024-03-31,Retail (Personal/Unsecured),38251.63,4.015,1535.8,1.084,414.65,0.73,25.22,3.373
NBFC017,Middle Layer,FY24Q4,2024-03-31,Retail (Vehicle),43716.15,2.358,1030.83,0.637,278.47,0.73,29.51,3.545
NBFC017,Middle Layer,FY24Q4,2024-03-31,Wholesale/Corporate,27322.59,2.567,701.37,0.693,189.35,0.73,23.63,2.781
NBFC017,Middle Layer,FY25Q2,2024-09-30,Infrastructure,23354.31,2.786,650.65,0.669,156.24,0.76,24.35,3.213
NBFC017,Middle Layer,FY25Q2,2024-09-30,Microfinance,35031.47,6.267,2195.42,1.497,524.42,0.761,27.79,3.377
NBFC017,Middle Layer,FY25Q2,2024-09-30,Retail (Gold),29192.89,1.004,293.1,0.241,70.35,0.76,28.13,3.558
NBFC017,Middle Layer,FY25Q2,2024-09-30,Retail (Housing),40870.05,1.684,688.25,0.404,165.12,0.76,27.53,3.366
NBFC017,Middle Layer,FY25Q2,2024-09-30,Retail (Personal/Unsecured),40870.05,5.146,2103.17,1.235,504.75,0.76,28.37,2.428
NBFC017,Middle Layer,FY25Q2,2024-09-30,Retail (Vehicle),46708.62,3.072,1434.89,0.737,344.24,0.76,27.56,2.487
NBFC017,Middle Layer,FY25Q2,2024-09-30,Wholesale/Corporate,29192.89,3.392,990.22,0.814,237.63,0.76,23.82,3.586
NBFC017,Middle Layer,FY25Q4,2025-03-31,Infrastructure,24850.55,2.442,606.85,0.51,126.74,0.791,22.98,2.413
NBFC017,Middle Layer,FY25Q4,2025-03-31,MSME,49701.1,3.437,1708.23,0.722,358.84,0.79,23.75,3.336
NBFC017,Middle Layer,FY25Q4,2025-03-31,Microfinance,37275.82,5.78,2154.54,1.174,437.62,0.797,24.36,2.802
NBFC017,Middle Layer,FY25Q4,2025-03-31,Retail (Gold),31063.19,0.997,309.7,0.209,64.92,0.79,26.6,2.546
NBFC017,Middle Layer,FY25Q4,2025-03-31,Retail (Housing),43488.46,1.479,643.19,0.311,135.25,0.79,24.73,3.075
NBFC017,Middle Layer,FY25Q4,2025-03-31,Retail (Personal/Unsecured),43488.46,4.828,2099.62,0.997,433.58,0.793,23.27,2.677
NBFC017,Middle Layer,FY25Q4,2025-03-31,Retail (Vehicle),49701.1,3.019,1500.48,0.634,315.1,0.79,24.55,3.212
NBFC017,Middle Layer,FY25Q4,2025-03-31,Wholesale/Corporate,31063.19,3.042,944.94,0.639,198.49,0.79,25.54,3.147
NBFC018,Middle Layer,FY21Q4,2021-03-31,Infrastructure,11951.77,5.125,612.53,2.306,275.61,0.55,26.42,1.338
NBFC018,Middle Layer,FY21Q4,2021-03-31,Microfinance,17927.65,12.195,2186.28,5.488,983.87,0.55,22.98,2.04
NBFC018,Middle Layer,FY21Q4,2021-03-31,Retail (Gold),14939.71,2.058,307.46,0.926,138.34,0.55,22.48,1.279
NBFC018,Middle Layer,FY21Q4,2021-03-31,Retail (Housing),20915.6,3.039,635.63,1.368,286.13,0.55,25.88,1.604
NBFC018,Middle Layer,FY21Q4,2021-03-31,Retail (Personal/Unsecured),20915.6,9.894,2069.39,4.452,931.16,0.55,27.85,1.585
NBFC018,Middle Layer,FY21Q4,2021-03-31,Retail (Vehicle),23903.54,5.63,1345.77,2.533,605.48,0.55,25.31,1.49
NBFC018,Middle Layer,FY21Q4,2021-03-31,Wholesale/Corporate,14939.71,6.277,937.77,2.825,422.05,0.55,24.02,1.539
NBFC018,Middle Layer,FY22Q2,2021-09-30,Infrastructure,12623.72,5.106,644.57,2.1654999999999998,273.37,0.576,26.7,1.108
NBFC018,Middle Layer,FY22Q2,2021-09-30,MSME,25247.44,7.489,1890.78,3.158,797.31,0.578,28.56,2.024
NBFC018,Middle Layer,FY22Q2,2021-09-30,Microfinance,18935.58,11.475,2172.86,4.819,912.51,0.58,26.38,1.972
NBFC018,Middle Layer,FY22Q2,2021-09-30,Retail (Gold),15779.65,2.085,329.01,0.876,138.23,0.58,25.37,2.071
NBFC018,Middle Layer,FY22Q2,2021-09-30,Retail (Housing),22091.51,3.192,705.16,1.326,292.93,0.585,23.77,1.499
NBFC018,Middle Layer,FY22Q2,2021-09-30,Retail (Personal/Unsecured),22091.51,10.429,2303.92,4.38,967.61,0.58,25.62,1.704
NBFC018,Middle Layer,FY22Q2,2021-09-30,Retail (Vehicle),25247.44,5.774,1457.79,2.425,612.25,0.58,28.93,1.603
NBFC018,Middle Layer,FY22Q2,2021-09-30,Wholesale/Corporate,15779.65,6.782,1070.18,2.848,449.4,0.58,24.93,1.378
NBFC018,Middle Layer,FY22Q4,2022-03-31,Infrastructure,13298.49,4.894,650.83,1.909,253.87,0.61,27.03,1.315
NBFC018,Middle Layer,FY22Q4,2022-03-31,MSME,26596.97,6.746,1794.23,2.631,699.77,0.61,29.34,2.147
NBFC018,Middle Layer,FY22Q4,2022-03-31,Microfinance,19947.73,11.257,2245.52,4.39,875.71,0.61,29.36,1.524
NBFC018,Middle Layer,FY22Q4,2022-03-31,Retail (Gold),16623.11,1.856,308.52,0.724,120.35,0.61,24.63,2.023
NBFC018,Middle Layer,FY22Q4,2022-03-31,Retail (Housing),23272.35,2.969,690.96,1.158,269.49,0.61,29.32,1.229
NBFC018,Middle Layer,FY22Q4,2022-03-31,Retail (Personal/Unsecured),23272.35,9.068,2110.34,3.537,823.14,0.61,27.26,2.16
NBFC018,Middle Layer,FY22Q4,2022-03-31,Retail (Vehicle),26596.97,5.519,1467.89,2.152,572.37,0.61,24.79,1.623
NBFC018,Middle Layer,FY22Q4,2022-03-31,Wholesale/Corporate,16623.11,5.846,971.79,2.28,379.01,0.61,24.97,1.796
NBFC018,Middle Layer,FY23Q2,2022-09-30,Infrastructure,14394.98,3.917,563.85,1.41,202.97,0.64,30.29,2.693
NBFC018,Middle Layer,FY23Q2,2022-09-30,MSME,28789.96,5.828,1677.88,2.098,604.01,0.64,28.6,2.299
NBFC018,Middle Layer,FY23Q2,2022-09-30,Microfinance,21592.47,9.23,1992.98,3.323,717.52,0.64,28.58,1.521
NBFC018,Middle Layer,FY23Q2,2022-09-30,Retail (Gold),17993.72,1.502,270.27,0.541,97.35,0.64,29.87,2.508
NBFC018,Middle Layer,FY23Q2,2022-09-30,Retail (Housing),25191.21,2.559,644.64,0.921,232.01,0.64,27.1,1.799
NBFC018,Middle Layer,FY23Q2,2022-09-30,Retail (Personal/Unsecured),25191.21,7.633,1922.85,2.748,692.25,0.64,28.0,1.931
NBFC018,Middle Layer,FY23Q2,2022-09-30,Retail (Vehicle),28789.96,4.791,1379.33,1.725,496.63,0.64,26.04,2.208
NBFC018,Middle Layer,FY23Q2,2022-09-30,Wholesale/Corporate,17993.72,5.195,934.77,1.87,336.48,0.64,28.33,2.384
NBFC018,Middle Layer,FY23Q4,2023-03-31,Infrastructure,15547.7,3.225,501.41,1.064,165.43,0.67,30.09,2.855
NBFC018,Middle Layer,FY23Q4,2023-03-31,Microfinance,23321.55,7.402,1726.26,2.443,569.75,0.67,28.86,2.758
NBFC018,Middle Layer,FY23Q4,2023-03-31,Retail (Gold),19434.63,1.263,245.46,0.417,81.04,0.67,25.31,2.492
NBFC018,Middle Layer,FY23Q4,2023-03-31,Retail (Housing),27208.48,1.945,529.2,0.642,174.68,0.67,27.88,2.569
NBFC018,Middle Layer,FY23Q4,2023-03-31,Retail (Personal/Unsecured),27208.48,6.066,1650.47,2.002,544.71,0.67,24.73,2.362
NBFC018,Middle Layer,FY23Q4,2023-03-31,Retail (Vehicle),31095.4,3.728,1159.24,1.231,382.78,0.67,26.75,3.271
NBFC018,Middle Layer,FY23Q4,2023-03-31,Wholesale/Corporate,19434.63,3.94,765.72,1.3,252.65,0.67,26.76,3.312
NBFC018,Middle Layer,FY24Q2,2023-09-30,Infrastructure,16953.46,3.002,508.94,0.901,152.75,0.7,26.4,3.218
NBFC018,Middle Layer,FY24Q2,2023-09-30,MSME,33906.92,4.278,1450.54,1.283,435.03,0.7,28.01,3.179
NBFC018,Middle Layer,FY24Q2,2023-09-30,Microfinance,25430.19,7.156,1819.78,2.147,545.99,0.7,25.9,3.386
NBFC018,Middle Layer,FY24Q2,2023-09-30,Retail (Gold),21191.83,1.125,238.41,0.337,71.42,0.7,25.6,3.15
NBFC018,Middle Layer,FY24Q2,2023-09-30,Retail (Housing),29668.56,1.786,529.88,0.536,159.02,0.7,27.5,2.765
NBFC018,Middle Layer,FY24Q2,2023-09-30,Retail (Personal/Unsecured),29668.56,5.598,1660.85,1.679,498.14,0.7,25.92,3.357
NBFC018,Middle Layer,FY24Q2,2023-09-30,Retail (Vehicle),33906.92,3.483,1180.98,1.045,354.33,0.7,26.57,2.524
NBFC018,Middle Layer,FY24Q2,2023-09-30,Wholesale/Corporate,21191.83,4.02,851.91,1.206,255.57,0.7,26.27,3.125
NBFC018,Middle Layer,FY24Q4,2024-03-31,Infrastructure,18893.41,2.063,389.77,0.557,105.24,0.73,28.24,2.979
NBFC018,Middle Layer,FY24Q4,2024-03-31,Microfinance,28340.12,4.623,1310.16,1.248,353.68,0.73,25.31,2.781
NBFC018,Middle Layer,FY24Q4,2024-03-31,Retail (Gold),23616.76,0.797,188.23,0.215,50.78,0.73,26.34,2.995
NBFC018,Middle Layer,FY24Q4,2024-03-31,Retail (Housing),33063.47,1.164,384.86,0.314,103.82,0.73,26.68,3.631
NBFC018,Middle Layer,FY24Q4,2024-03-31,Retail (Personal/Unsecured),33063.47,3.727,1232.28,1.006,332.62,0.73,23.63,3.746
NBFC018,Middle Layer,FY24Q4,2024-03-31,Retail (Vehicle),37786.82,2.271,858.14,0.613,231.63,0.73,23.9,3.197
NBFC018,Middle Layer,FY24Q4,2024-03-31,Wholesale/Corporate,23616.76,2.549,601.99,0.688,162.48,0.73,23.95,3.849
NBFC018,Middle Layer,FY25Q2,2024-09-30,Infrastructure,20186.71,2.631,531.11,0.631,127.38,0.76,27.2,3.31
NBFC018,Middle Layer,FY25Q2,2024-09-30,MSME,40373.42,4.066,1641.58,0.976,394.04,0.76,23.32,3.07
NBFC018,Middle Layer,FY25Q2,2024-09-30,Microfinance,30280.06,6.493,1966.08,1.558,471.76,0.76,28.99,2.816
NBFC018,Middle Layer,FY25Q2,2024-09-30,Retail (Gold),25233.39,1.082,273.03,0.26,65.61,0.76,26.4,2.533
NBFC018,Middle Layer,FY25Q2,2024-09-30,Retail (Housing),35326.74,1.641,579.71,0.394,139.19,0.76,23.49,3.295
NBFC018,Middle Layer,FY25Q2,2024-09-30,Retail (Personal/Unsecured),35326.74,5.091,1798.48,1.222,431.69,0.76,28.65,3.101
NBFC018,Middle Layer,FY25Q2,2024-09-30,Retail (Vehicle),40373.42,3.118,1258.84,0.748,301.99,0.76,25.9,2.503
NBFC018,Middle Layer,FY25Q2,2024-09-30,Wholesale/Corporate,25233.39,3.329,840.02,0.799,201.61,0.76,23.96,2.632
NBFC018,Middle Layer,FY25Q4,2025-03-31,Infrastructure,21480.01,2.382,511.65,0.5,107.4,0.79,26.64,2.579
NBFC018,Middle Layer,FY25Q4,2025-03-31,MSME,42960.02,3.548,1524.22,0.745,320.05,0.79,27.33,3.001
NBFC018,Middle Layer,FY25Q4,2025-03-31,Microfinance,32220.01,5.819,1874.88,1.222,393.73,0.79,23.37,2.644
NBFC018,Middle Layer,FY25Q4,2025-03-31,Retail (Gold),26850.01,0.917,246.21,0.193,51.82,0.79,23.94,2.333
NBFC018,Middle Layer,FY25Q4,2025-03-31,Retail (Housing),37590.01,1.518,570.62,0.319,119.91,0.79,25.59,3.207
NBFC018,Middle Layer,FY25Q4,2025-03-31,Retail (Personal/Unsecured),37590.01,4.985,1873.86,1.047,393.57,0.79,27.45,2.659
NBFC018,Middle Layer,FY25Q4,2025-03-31,Retail (Vehicle),42960.02,2.96,1271.62,0.622,267.21,0.79,23.93,2.781
NBFC018,Middle Layer,FY25Q4,2025-03-31,Wholesale/Corporate,26850.01,3.147,844.97,0.661,177.48,0.79,23.65,3.167
NBFC019,Middle Layer,FY21Q4,2021-03-31,Infrastructure,10375.51,4.987,517.43,2.244,232.83,0.55,23.73,1.598
NBFC019,Middle Layer,FY21Q4,2021-03-31,MSME,20751.02,6.992,1450.91,3.146,652.83,0.55,27.3,1.021
NBFC019,Middle Layer,FY21Q4,2021-03-31,Microfinance,15563.27,12.246,1905.88,5.511,857.69,0.55,27.16,1.864
NBFC019,Middle Layer,FY21Q4,2021-03-31,Retail (Gold),12969.39,2.031,263.41,0.914,118.54,0.55,23.88,1.57
NBFC019,Middle Layer,FY21Q4,2021-03-31,Retail (Housing),18157.14,2.955,536.54,1.33,241.49,0.55,23.43,2.05
NBFC019,Middle Layer,FY21Q4,2021-03-31,Retail (Personal/Unsecured),18157.14,10.309,1871.82,4.639,842.31,0.55,26.15,1.768
NBFC019,Middle Layer,FY21Q4,2021-03-31,Retail (Vehicle),20751.02,5.957,1236.14,2.681,556.33,0.55,27.26,1.609
NBFC019,Middle Layer,FY21Q4,2021-03-31,Wholesale/Corporate,12969.39,6.359,824.72,2.862,371.18,0.55,25.19,2.016
NBFC019,Middle Layer,FY22Q2,2021-09-30,Infrastructure,10958.84,5.08,556.71,2.134,233.86,0.58,26.97,1.154
NBFC019,Middle Layer,FY22Q2,2021-09-30,MSME,21917.69,7.823,1714.62,3.286,720.22,0.58,25.97,1.018
NBFC019,Middle Layer,FY22Q2,2021-09-30,Microfinance,16438.26,12.015,1975.06,5.046,829.47,0.58,26.48,1.599
NBFC019,Middle Layer,FY22Q2,2021-09-30,Retail (Gold),13698.55,2.075,284.24,0.871,119.31,0.58,26.43,1.677
NBFC019,Middle Layer,FY22Q2,2021-09-30,Retail (Housing),19177.97,3.163,606.6,1.297,248.74,0.59,25.07,1.907
NBFC019,Middle Layer,FY22Q2,2021-09-30,Retail (Personal/Unsecured),19177.97,10.029,1923.36,4.212,807.78,0.58,23.69,1.485
NBFC019,Middle Layer,FY22Q2,2021-09-30,Retail (Vehicle),21917.69,5.778,1266.4,2.427,531.94,0.58,27.08,1.999
NBFC019,Middle Layer,FY22Q2,2021-09-30,Wholesale/Corporate,13698.55,6.308,864.1,2.649,362.87,0.58,26.5,1.427
NBFC019,Middle Layer,FY22Q4,2022-03-31,Infrastructure,11544.62,4.484,517.66,1.749,201.92,0.61,28.2,1.346
NBFC019,Middle Layer,FY22Q4,2022-03-31,MSME,23089.23,6.762,1561.29,2.637,608.86,0.61,23.93,1.795
NBFC019,Middle Layer,FY22Q4,2022-03-31,Microfinance,17316.92,11.033,1910.58,4.303,745.15,0.61,24.91,1.654
NBFC019,Middle Layer,FY22Q4,2022-03-31,Retail (Gold),14430.77,1.782,257.16,0.695,100.29,0.61,25.59,1.336
NBFC019,Middle Layer,FY22Q4,2022-03-31,Retail (Housing),20203.08,2.953,596.6,1.152,232.74,0.61,25.45,1.741
NBFC019,Middle Layer,FY22Q4,2022-03-31,Retail (Personal/Unsecured),20203.08,9.411,1901.31,3.67,741.45,0.61,25.61,1.56
NBFC019,Middle Layer,FY22Q4,2022-03-31,Retail (Vehicle),23089.23,5.253,1212.88,2.049,473.1,0.61,26.7,1.519
NBFC019,Middle Layer,FY22Q4,2022-03-31,Wholesale/Corporate,14430.77,6.148,887.2,2.398,346.05,0.61,23.78,1.827
NBFC019,Middle Layer,FY23Q2,2022-09-30,Infrastructure,12496.5,4.145,517.98,1.492,186.45,0.64,24.82,1.911
NBFC019,Middle Layer,FY23Q2,2022-09-30,Microfinance,18744.75,9.21,1726.39,3.316,621.58,0.64,24.71,2.055
NBFC019,Middle Layer,FY23Q2,2022-09-30,Retail (Gold),15620.62,1.58,246.81,0.569,88.88,0.64,29.93,1.85
NBFC019,Middle Layer,FY23Q2,2022-09-30,Retail (Housing),21868.87,2.4844999999999997,543.33,0.905,197.91,0.636,27.43,1.623
NBFC019,Middle Layer,FY23Q2,2022-09-30,Retail (Personal/Unsecured),21868.87,8.021,1754.1,2.888,631.57,0.64,25.18,2.431
NBFC019,Middle Layer,FY23Q2,2022-09-30,Retail (Vehicle),24993.0,4.651,1162.42,1.674,418.38,0.64,25.05,2.654
NBFC019,Middle Layer,FY23Q2,2022-09-30,Wholesale/Corporate,15620.62,5.29,826.33,1.904,297.42,0.64,25.38,1.842
NBFC019,Middle Layer,FY23Q4,2023-03-31,Infrastructure,13497.19,3.156,425.97,1.041,140.51,0.67,25.38,2.399
NBFC019,Middle Layer,FY23Q4,2023-03-31,MSME,26994.39,4.698,1268.2,1.55,418.41,0.67,28.69,2.529
NBFC019,Middle Layer,FY23Q4,2023-03-31,Microfinance,20245.79,7.565,1531.59,2.496,505.33,0.67,30.21,3.009
NBFC019,Middle Layer,FY23Q4,2023-03-31,Retail (Gold),16871.49,1.194,201.45,0.394,66.47,0.67,30.41,2.898
NBFC019,Middle Layer,FY23Q4,2023-03-31,Retail (Housing),23620.09,1.859,439.1,0.613,144.79,0.67,29.47,3.082
NBFC019,Middle Layer,FY23Q4,2023-03-31,Retail (Personal/Unsecured),23620.09,6.391,1509.56,2.109,498.15,0.67,26.64,2.348
NBFC019,Middle Layer,FY23Q4,2023-03-31,Retail (Vehicle),26994.39,3.526,951.82,1.164,314.21,0.67,27.22,3.004
NBFC019,Middle Layer,FY23Q4,2023-03-31,Wholesale/Corporate,16871.49,3.894,656.98,1.285,216.8,0.67,27.2,2.422
NBFC019,Middle Layer,FY24Q2,2023-09-30,Infrastructure,14717.56,3.151,463.75,0.945,139.08,0.7,25.61,3.138
NBFC019,Middle Layer,FY24Q2,2023-09-30,MSME,30023.81,4.305,1292.53,1.291,387.61,0.7,27.67,2.546
NBFC019,Middle Layer,FY24Q2,2023-09-30,Microfinance,22076.33,6.73,1485.74,2.019,445.72,0.7,27.07,2.641
NBFC019,Middle Layer,FY24Q2,2023-09-30,Retail (Gold),18396.94,1.203,221.32,0.361,66.41,0.7,29.78,3.319
NBFC019,Middle Layer,FY24Q2,2023-09-30,Retail (Personal/Unsecured),25755.72,6.128,1578.31,1.838,473.39,0.7,24.91,3.584
NBFC019,Middle Layer,FY24Q2,2023-09-30,Retail (Vehicle),29435.11,3.562,1048.48,1.069,314.66,0.7,27.74,3.453
NBFC019,Middle Layer,FY24Q2,2023-09-30,Wholesale/Corporate,18396.94,3.839,706.26,1.152,211.93,0.7,24.87,3.036
NBFC019,Middle Layer,FY24Q4,2024-03-31,Infrastructure,16401.65,2.033,333.45,0.549,90.05,0.73,26.53,3.43
NBFC019,Middle Layer,FY24Q4,2024-03-31,MSME,32803.31,2.938,963.76,0.793,260.13,0.73,27.67,2.857
NBFC019,Middle Layer,FY24Q4,2024-03-31,Microfinance,24602.48,4.504,1108.1,1.255,308.76,0.721,26.43,3.202
NBFC019,Middle Layer,FY24Q4,2024-03-31,Retail (Gold),20502.07,0.76,155.82,0.205,42.03,0.73,29.54,3.322
NBFC019,Middle Layer,FY24Q4,2024-03-31,Retail (Housing),28702.89,1.27,364.53,0.343,98.45,0.73,26.39,3.722
NBFC019,Middle Layer,FY24Q4,2024-03-31,Retail (Personal/Unsecured),28702.89,3.944,1132.04,1.065,305.69,0.73,25.53,3.024
NBFC019,Middle Layer,FY24Q4,2024-03-31,Retail (Vehicle),32803.31,2.296,753.16,0.62,203.38,0.73,28.86,2.9
NBFC019,Middle Layer,FY24Q4,2024-03-31,Wholesale/Corporate,20502.07,2.617,536.54,0.707,144.95,0.73,25.26,3.5
NBFC019,Middle Layer,FY25Q2,2024-09-30,Infrastructure,17524.39,2.797,490.16,0.671,117.59,0.76,24.33,3.245
NBFC019,Middle Layer,FY25Q2,2024-09-30,MSME,35048.77,3.9050000000000002,1368.65,0.975,341.73,0.75,27.07,3.0965
NBFC019,Middle Layer,FY25Q2,2024-09-30,Microfinance,26286.58,6.358,1671.3,1.526,401.13,0.76,23.13,2.434
NBFC019,Middle Layer,FY25Q2,2024-09-30,Retail (Gold),21905.48,1.019,223.22,0.245,53.67,0.76,23.72,2.889
NBFC019,Middle Layer,FY25Q2,2024-09-30,Retail (Housing),30667.67,1.616,495.59,0.388,118.99,0.76,23.29,2.539
NBFC019,Middle Layer,FY25Q2,2024-09-30,Retail (Personal/Unsecured),30667.67,5.017,1538.6,1.204,369.24,0.76,25.04,2.497
NBFC019,Middle Layer,FY25Q2,2024-09-30,Retail (Vehicle),35048.77,3.234,1133.48,0.776,271.98,0.76,28.27,2.759
NBFC019,Middle Layer,FY25Q4,2025-03-31,Infrastructure,18647.12,2.396,446.78,0.503,93.8,0.79,26.89,2.815
NBFC019,Middle Layer,FY25Q4,2025-03-31,MSME,37294.24,3.612,1347.07,0.759,283.06,0.79,23.69,2.69
NBFC019,Middle Layer,FY25Q4,2025-03-31,Microfinance,27970.68,5.793,1620.34,1.217,340.4,0.79,22.79,3.165
NBFC019,Middle Layer,FY25Q4,2025-03-31,Retail (Gold),23308.9,0.957,223.07,0.201,46.85,0.79,25.43,2.226
NBFC019,Middle Layer,FY25Q4,2025-03-31,Retail (Housing),32632.46,1.522,496.67,0.32,104.42,0.79,24.99,3.062
NBFC019,Middle Layer,FY25Q4,2025-03-31,Retail (Personal/Unsecured),32632.46,4.855,1584.31,1.02,332.85,0.79,26.75,2.315
NBFC019,Middle Layer,FY25Q4,2025-03-31,Retail (Vehicle),37294.24,3.002,1119.57,0.63,234.95,0.79,24.97,3.383
NBFC019,Middle Layer,FY25Q4,2025-03-31,Wholesale/Corporate,23308.9,3.046,709.99,0.64,149.18,0.79,23.26,3.214
NBFC020,Middle Layer,FY21Q4,2021-03-31,Infrastructure,13766.71,4.881,671.95,2.273,312.92,0.534,24.43,1.557
NBFC020,Middle Layer,FY21Q4,2021-03-31,MSME,27533.43,7.539,2075.75,3.393,934.21,0.55,23.05,1.951
NBFC020,Middle Layer,FY21Q4,2021-03-31,Microfinance,20650.07,12.256,2530.87,5.515,1138.85,0.55,26.28,1.235
NBFC020,Middle Layer,FY21Q4,2021-03-31,Retail (Gold),17208.39,2.03,349.33,0.913,157.11,0.55,23.36,1.095
NBFC020,Middle Layer,FY21Q4,2021-03-31,Retail (Housing),24091.75,3.137,755.76,1.412,340.18,0.55,26.06,2.006
NBFC020,Middle Layer,FY21Q4,2021-03-31,Retail (Personal/Unsecured),24091.75,9.672,2330.15,4.352,1048.47,0.55,27.03,1.833
NBFC020,Middle Layer,FY21Q4,2021-03-31,Retail (Vehicle),27533.43,5.684,1565.0,2.558,704.31,0.55,24.47,1.889
NBFC020,Middle Layer,FY21Q4,2021-03-31,Wholesale/Corporate,17208.39,6.649,1144.19,2.992,514.88,0.55,24.02,1.35
NBFC020,Middle Layer,FY22Q2,2021-09-30,Infrastructure,14540.71,5.25,763.39,2.205,320.62,0.58,25.5,2.106
NBFC020,Middle Layer,FY22Q2,2021-09-30,MSME,29081.42,7.532,2190.41,3.163,919.85,0.58,27.23,1.68
NBFC020,Middle Layer,FY22Q2,2021-09-30,Microfinance,21811.06,12.619,2752.34,5.3,1155.99,0.58,26.84,1.877
NBFC020,Middle Layer,FY22Q2,2021-09-30,Retail (Gold),18175.88,1.928,350.43,0.81,147.22,0.58,23.9,1.968
NBFC020,Middle Layer,FY22Q2,2021-09-30,Retail (Personal/Unsecured),25446.24,10.0375,2554.17,4.254,1082.48,0.576,27.61,1.922
NBFC020,Middle Layer,FY22Q2,2021-09-30,Retail (Vehicle),29081.42,5.971,1736.45,2.508,729.36,0.58,26.54,1.168
NBFC020,Middle Layer,FY22Q2,2021-09-30,Wholesale/Corporate,18175.88,6.494,1180.34,2.727,495.66,0.58,23.61,1.276
NBFC020,Middle Layer,FY22Q4,2022-03-31,Infrastructure,15317.94,4.668,715.04,1.821,278.94,0.61,27.13,1.6644999999999999
NBFC020,Middle Layer,FY22Q4,2022-03-31,MSME,30635.88,7.017,2149.72,2.737,838.5,0.61,28.36,1.782
NBFC020,Middle Layer,FY22Q4,2022-03-31,Microfinance,22976.91,10.507,2414.18,4.098,941.59,0.61,26.57,1.425
NBFC020,Middle Layer,FY22Q4,2022-03-31,Retail (Gold),19147.42,1.887,361.31,0.736,140.93,0.61,27.6,1.39
NBFC020,Middle Layer,FY22Q4,2022-03-31,Retail (Housing),26806.39,2.991,801.78,1.166,312.56,0.61,25.9,2.271
NBFC020,Middle Layer,FY22Q4,2022-03-31,Retail (Personal/Unsecured),26806.39,8.915,2389.79,3.477,932.06,0.61,27.18,1.232
NBFC020,Middle Layer,FY22Q4,2022-03-31,Retail (Vehicle),30635.88,5.22,1599.19,2.036,623.75,0.61,27.14,1.354
NBFC020,Middle Layer,FY22Q4,2022-03-31,Wholesale/Corporate,19147.42,5.752,1101.36,2.243,429.48,0.61,29.09,1.891
NBFC020,Middle Layer,FY23Q2,2022-09-30,Infrastructure,16580.94,4.057,672.69,1.461,242.25,0.64,25.42,1.817
NBFC020,Middle Layer,FY23Q2,2022-09-30,MSME,33161.88,5.86,1943.29,2.11,699.72,0.64,29.12,2.608
NBFC020,Middle Layer,FY23Q2,2022-09-30,Retail (Gold),20726.18,1.587,328.92,0.571,118.35,0.64,28.79,2.383
NBFC020,Middle Layer,FY23Q2,2022-09-30,Retail (Housing),29016.65,2.585,750.08,0.931,270.15,0.64,28.0,2.427
NBFC020,Middle Layer,FY23Q2,2022-09-30,Retail (Personal/Unsecured),29016.65,7.695,2232.83,2.77,803.76,0.64,27.74,2.302
NBFC020,Middle Layer,FY23Q2,2022-09-30,Retail (Vehicle),33161.88,4.521,1499.25,1.628,539.88,0.64,29.03,2.344
NBFC020,Middle Layer,FY23Q2,2022-09-30,Wholesale/Corporate,20726.18,5.044,1045.43,1.816,376.39,0.64,26.56,1.834
NBFC020,Middle Layer,FY23Q4,2023-03-31,Infrastructure,17908.71,3.214,575.59,1.061,190.01,0.67,28.48,2.609
NBFC020,Middle Layer,FY23Q4,2023-03-31,Microfinance,26863.07,7.311,1963.96,2.413,648.21,0.67,26.48,2.796
NBFC020,Middle Layer,FY23Q4,2023-03-31,Retail (Gold),22385.89,1.235,276.47,0.408,91.33,0.67,27.64,2.643
NBFC020,Middle Layer,FY23Q4,2023-03-31,Retail (Housing),31340.24,2.01,629.94,0.663,207.79,0.67,26.94,3.044
NBFC020,Middle Layer,FY23Q4,2023-03-31,Retail (Personal/Unsecured),31340.24,6.252,1959.39,2.063,646.55,0.67,29.29,2.654
NBFC020,Middle Layer,FY23Q4,2023-03-31,Retail (Vehicle),35817.42,3.689,1321.3,1.217,435.9,0.67,24.52,2.498
NBFC020,Middle Layer,FY23Q4,2023-03-31,Wholesale/Corporate,22385.89,4.077,912.67,1.336,299.08,0.672,27.64,2.661
NBFC020,Middle Layer,FY24Q2,2023-09-30,Infrastructure,19527.94,3.147,614.54,0.944,184.34,0.7,26.68,3.002
NBFC020,Middle Layer,FY24Q2,2023-09-30,MSME,39055.89,4.359,1702.45,1.308,510.85,0.7,28.14,2.51
NBFC020,Middle Layer,FY24Q2,2023-09-30,Microfinance,29291.92,6.973,2042.53,2.092,612.79,0.7,28.75,2.786
NBFC020,Middle Layer,FY24Q2,2023-09-30,Retail (Gold),24409.93,1.121,273.64,0.336,82.02,0.7,26.89,3.312
NBFC020,Middle Layer,FY24Q2,2023-09-30,Retail (Housing),34173.9,1.784,609.66,0.535,182.83,0.7,28.38,2.87
NBFC020,Middle Layer,FY24Q2,2023-09-30,Retail (Personal/Unsecured),34173.9,6.094,2082.56,1.828,624.7,0.7,25.92,3.334
NBFC020,Middle Layer,FY24Q2,2023-09-30,Retail (Vehicle),39055.89,3.675,1435.3,1.102,430.4,0.7,27.52,3.59
NBFC020,Middle Layer,FY24Q2,2023-09-30,Wholesale/Corporate,24409.93,3.744,913.91,1.153,281.45,0.692,28.29,2.742
NBFC020,Middle Layer,FY24Q4,2024-03-31,Infrastructure,21762.48,1.921,418.06,0.519,112.95,0.73,27.56,2.887
NBFC020,Middle Layer,FY24Q4,2024-03-31,MSME,43524.97,2.727,1186.93,0.736,320.34,0.73,28.12,3.214
NBFC020,Middle Layer,FY24Q4,2024-03-31,Microfinance,32643.73,4.54,1482.03,1.226,400.21,0.73,28.09,3.603
NBFC020,Middle Layer,FY24Q4,2024-03-31,Retail (Gold),27203.11,0.781,212.46,0.211,57.4,0.73,25.47,3.62
NBFC020,Middle Layer,FY24Q4,2024-03-31,Retail (Housing),38084.35,1.178,448.63,0.326,124.15,0.723,27.42,3.175
NBFC020,Middle Layer,FY24Q4,2024-03-31,Retail (Personal/Unsecured),38084.35,4.015,1529.09,1.084,412.83,0.73,28.55,3.262
NBFC020,Middle Layer,FY24Q4,2024-03-31,Retail (Vehicle),43524.97,2.31,1005.43,0.624,271.6,0.73,26.75,3.231
NBFC020,Middle Layer,FY24Q4,2024-03-31,Wholesale/Corporate,27203.11,2.644,719.25,0.714,194.23,0.73,24.98,3.334
NBFC020,Middle Layer,FY25Q2,2024-09-30,Infrastructure,23252.18,2.748,638.97,0.66,153.46,0.76,27.38,2.56
NBFC020,Middle Layer,FY25Q2,2024-09-30,MSME,46504.36,3.968,1845.29,0.952,442.72,0.76,28.42,3.123
NBFC020,Middle Layer,FY25Q2,2024-09-30,Microfinance,34878.27,6.405,2233.95,1.537,536.08,0.76,24.98,2.676
NBFC020,Middle Layer,FY25Q2,2024-09-30,Retail (Gold),29065.22,1.064,309.25,0.255,74.12,0.76,25.92,2.813
NBFC020,Middle Layer,FY25Q2,2024-09-30,Retail (Housing),40691.31,1.725,701.93,0.414,168.46,0.76,25.92,3.21
NBFC020,Middle Layer,FY25Q2,2024-09-30,Retail (Personal/Unsecured),40691.31,5.477,2228.66,1.314,534.68,0.76,29.08,2.753
NBFC020,Middle Layer,FY25Q2,2024-09-30,Retail (Vehicle),46504.36,3.124,1452.8,0.75,348.78,0.76,28.8,3.184
NBFC020,Middle Layer,FY25Q2,2024-09-30,Wholesale/Corporate,29065.22,3.314,963.22,0.795,231.07,0.76,23.15,3.058
NBFC020,Middle Layer,FY25Q4,2025-03-31,Infrastructure,24741.87,2.569,635.62,0.539,133.36,0.79,28.24,2.68
NBFC020,Middle Layer,FY25Q4,2025-03-31,MSME,49483.74,3.568,1765.58,0.749,370.63,0.79,28.69,2.264
NBFC020,Middle Layer,FY25Q4,2025-03-31,Microfinance,37112.81,5.813,2157.37,1.221,453.15,0.79,24.17,2.336
NBFC020,Middle Layer,FY25Q4,2025-03-31,Retail (Gold),30927.34,0.913,282.37,0.192,59.38,0.79,22.92,2.56
NBFC020,Middle Layer,FY25Q4,2025-03-31,Retail (Housing),43298.28,1.56,675.45,0.328,142.02,0.79,24.92,2.832
NBFC020,Middle Layer,FY25Q4,2025-03-31,Retail (Personal/Unsecured),43298.28,4.686,2028.96,0.984,426.06,0.79,27.31,2.296
NBFC020,Middle Layer,FY25Q4,2025-03-31,Retail (Vehicle),49483.74,2.741,1356.35,0.576,285.03,0.79,27.77,3.056
NBFC020,Middle Layer,FY25Q4,2025-03-31,Wholesale/Corporate,30927.34,3.066,948.23,0.644,199.17,0.79,28.01,3.337
NBFC021,Middle Layer,FY21Q4,2021-03-31,Infrastructure,6613.64,5.15,340.6,2.318,153.3,0.55,23.75,0.923
NBFC021,Middle Layer,FY21Q4,2021-03-31,MSME,13227.29,7.026,929.35,3.162,418.25,0.55,25.355,1.543
NBFC021,Middle Layer,FY21Q4,2021-03-31,Microfinance,9920.46,11.956,1186.09,5.38,533.72,0.55,24.38,0.993
NBFC021,Middle Layer,FY21Q4,2021-03-31,Retail (Gold),8267.05,1.986,164.18,0.894,73.91,0.55,25.7,2.03
NBFC021,Middle Layer,FY21Q4,2021-03-31,Retail (Housing),11573.88,3.004,347.68,1.352,156.48,0.55,24.74,1.463
NBFC021,Middle Layer,FY21Q4,2021-03-31,Retail (Personal/Unsecured),11573.88,9.992,1156.46,4.496,520.36,0.55,27.58,1.565
NBFC021,Middle Layer,FY21Q4,2021-03-31,Retail (Vehicle),13227.29,6.14,812.16,2.763,365.47,0.55,27.58,1.595
NBFC021,Middle Layer,FY21Q4,2021-03-31,Wholesale/Corporate,8267.05,6.562,542.48,2.953,244.13,0.55,22.08,1.063
NBFC021,Middle Layer,FY22Q2,2021-09-30,Infrastructure,6985.48,5.216,364.36,2.191,153.05,0.58,26.4,1.972
NBFC021,Middle Layer,FY22Q2,2021-09-30,MSME,13970.95,7.247,1012.47,3.044,425.28,0.58,28.33,1.922
NBFC021,Middle Layer,FY22Q2,2021-09-30,Microfinance,10478.21,12.132,1271.22,5.095,533.86,0.58,28.41,1.286
NBFC021,Middle Layer,FY22Q2,2021-09-30,Retail (Gold),8731.84,2.03,177.26,0.853,74.48,0.58,28.96,2.13
NBFC021,Middle Layer,FY22Q2,2021-09-30,Retail (Housing),12224.58,3.241,396.2,1.361,166.38,0.58,28.06,1.505
NBFC021,Middle Layer,FY22Q2,2021-09-30,Retail (Personal/Unsecured),12224.58,10.364,1266.96,4.353,532.14,0.58,25.86,1.608
NBFC021,Middle Layer,FY22Q2,2021-09-30,Retail (Vehicle),13970.95,6.079,849.29,2.553,356.68,0.58,28.63,1.745
NBFC021,Middle Layer,FY22Q2,2021-09-30,Wholesale/Corporate,8731.84,6.605,576.74,2.774,242.22,0.58,28.5,1.863
NBFC021,Middle Layer,FY22Q4,2022-03-31,Infrastructure,7358.86,4.519,332.55,1.762,129.66,0.61,26.85,1.46
NBFC021,Middle Layer,FY22Q4,2022-03-31,MSME,14717.73,6.959,1024.21,2.714,399.44,0.61,26.62,1.786
NBFC021,Middle Layer,FY22Q4,2022-03-31,Microfinance,11038.3,11.367,1254.72,4.433,489.33,0.61,25.68,2.164
NBFC021,Middle Layer,FY22Q4,2022-03-31,Retail (Gold),9198.58,1.802,165.76,0.709,65.22,0.607,28.88,1.767
NBFC021,Middle Layer,FY22Q4,2022-03-31,Retail (Housing),12878.01,2.786,358.78,1.087,139.98,0.61,28.96,1.595
NBFC021,Middle Layer,FY22Q4,2022-03-31,Retail (Personal/Unsecured),12878.01,9.222,1187.61,3.597,463.22,0.61,27.94,2.27
NBFC021,Middle Layer,FY22Q4,2022-03-31,Retail (Vehicle),14717.73,5.456,803.0,2.128,313.19,0.61,27.21,1.232
NBFC021,Middle Layer,FY22Q4,2022-03-31,Wholesale/Corporate,9198.58,5.963,548.51,2.326,213.96,0.61,28.05,1.238
NBFC021,Middle Layer,FY23Q2,2022-09-30,Infrastructure,7965.62,3.929,312.97,1.414,112.63,0.64,27.96,2.178
NBFC021,Middle Layer,FY23Q2,2022-09-30,MSME,15931.24,5.822,927.52,2.096,333.92,0.64,26.09,1.87
NBFC021,Middle Layer,FY23Q2,2022-09-30,Microfinance,11948.43,9.014,1077.03,3.245,387.73,0.64,28.05,2.272
NBFC021,Middle Layer,FY23Q2,2022-09-30,Retail (Gold),9957.03,1.619,161.2,0.583,58.05,0.64,28.97,2.297
NBFC021,Middle Layer,FY23Q2,2022-09-30,Retail (Housing),13939.84,2.441,340.27,0.879,122.53,0.64,28.48,2.557
NBFC021,Middle Layer,FY23Q2,2022-09-30,Retail (Personal/Unsecured),13939.84,7.825,1090.79,2.817,392.69,0.64,27.8,2.452
NBFC021,Middle Layer,FY23Q2,2022-09-30,Retail (Vehicle),15931.24,4.614,735.07,1.661,264.62,0.64,26.89,2.678
NBFC021,Middle Layer,FY23Q2,2022-09-30,Wholesale/Corporate,9957.03,4.922,490.09,1.772,176.44,0.64,27.185000000000002,1.793
NBFC021,Middle Layer,FY23Q4,2023-03-31,Infrastructure,8603.49,3.254,279.96,1.074,92.4,0.67,29.68,3.341
NBFC021,Middle Layer,FY23Q4,2023-03-31,MSME,17206.98,4.474,769.84,1.476,253.98,0.67,25.18,2.772
NBFC021,Middle Layer,FY23Q4,2023-03-31,Microfinance,12905.24,7.461,962.86,2.462,317.73,0.67,29.97,3.475
NBFC021,Middle Layer,FY23Q4,2023-03-31,Retail (Gold),10754.37,1.258,135.29,0.415,44.63,0.67,28.16,2.657
NBFC021,Middle Layer,FY23Q4,2023-03-31,Retail (Housing),15056.11,1.892,284.86,0.624,93.95,0.67,27.26,2.678
NBFC021,Middle Layer,FY23Q4,2023-03-31,Retail (Personal/Unsecured),15056.11,6.058,912.1,1.999,300.97,0.67,27.26,3.297
NBFC021,Middle Layer,FY23Q4,2023-03-31,Retail (Vehicle),17206.98,3.645,627.19,1.203,207.0,0.67,28.18,2.601
NBFC021,Middle Layer,FY23Q4,2023-03-31,Wholesale/Corporate,10754.37,4.004,430.6,1.321,142.07,0.67,28.97,2.427
NBFC021,Middle Layer,FY24Q2,2023-09-30,Infrastructure,9381.38,3.131,293.73,0.939,88.09,0.7,30.02,3.177
NBFC021,Middle Layer,FY24Q2,2023-09-30,MSME,18762.77,4.341,814.49,1.302,244.29,0.7,25.19,3.064
NBFC021,Middle Layer,FY24Q2,2023-09-30,Microfinance,14072.08,7.048,991.8,2.114,297.48,0.7,27.63,3.239
NBFC021,Middle Layer,FY24Q2,2023-09-30,Retail (Gold),11726.73,1.143,134.04,0.343,40.22,0.7,26.93,2.715
NBFC021,Middle Layer,FY24Q2,2023-09-30,Retail (Housing),16417.42,1.823,299.29,0.547,89.8,0.7,27.69,3.053
NBFC021,Middle Layer,FY24Q2,2023-09-30,Retail (Personal/Unsecured),16417.42,5.706,936.78,1.712,281.07,0.7,28.29,3.172
NBFC021,Middle Layer,FY24Q2,2023-09-30,Retail (Vehicle),18762.77,3.682,690.85,1.105,207.33,0.7,29.64,2.729
NBFC021,Middle Layer,FY24Q2,2023-09-30,Wholesale/Corporate,11726.73,3.679,431.43,1.104,129.46,0.7,25.35,2.737
NBFC021,Middle Layer,FY24Q4,2024-03-31,Infrastructure,10454.88,2.024,211.61,0.546,57.08,0.73,27.15,2.98
NBFC021,Middle Layer,FY24Q4,2024-03-31,MSME,20909.75,2.92,610.56,0.788,164.77,0.73,24.36,2.929
NBFC021,Middle Layer,FY24Q4,2024-03-31,Microfinance,15682.31,4.574,717.31,1.235,193.68,0.73,24.63,3.511
NBFC021,Middle Layer,FY24Q4,2024-03-31,Retail (Gold),13068.6,0.74,96.71,0.2,26.14,0.73,24.45,3.535
NBFC021,Middle Layer,FY24Q4,2024-03-31,Retail (Housing),18296.03,1.158,211.87,0.313,57.27,0.73,24.65,2.878
NBFC021,Middle Layer,FY24Q4,2024-03-31,Retail (Personal/Unsecured),18296.03,4.007,733.12,1.082,197.96,0.73,26.62,3.233
NBFC021,Middle Layer,FY24Q4,2024-03-31,Retail (Vehicle),20909.75,2.2,460.01,0.594,124.2,0.73,27.84,3.254
NBFC021,Middle Layer,FY24Q4,2024-03-31,Wholesale/Corporate,13068.6,2.517,328.94,0.68,88.87,0.73,29.45,2.813
NBFC021,Middle Layer,FY25Q2,2024-09-30,Infrastructure,11170.54,2.593,289.65,0.6455,72.11,0.751,27.97,3.0629999999999997
NBFC021,Middle Layer,FY25Q2,2024-09-30,MSME,22341.08,3.758,839.58,0.902,201.52,0.76,26.23,2.978
NBFC021,Middle Layer,FY25Q2,2024-09-30,Microfinance,16755.81,6.352,1064.33,1.524,255.36,0.76,28.57,2.775
NBFC021,Middle Layer,FY25Q2,2024-09-30,Retail (Gold),13963.17,1.093,152.62,0.262,36.58,0.76,23.37,3.31
NBFC021,Middle Layer,FY25Q2,2024-09-30,Retail (Housing),19548.44,1.575,307.89,0.378,73.89,0.76,27.43,3.015
NBFC021,Middle Layer,FY25Q2,2024-09-30,Retail (Personal/Unsecured),19548.44,5.498,1074.77,1.32,258.04,0.76,28.24,2.67
NBFC021,Middle Layer,FY25Q2,2024-09-30,Retail (Vehicle),22341.08,3.065,684.75,0.736,164.43,0.76,24.89,2.887
NBFC021,Middle Layer,FY25Q2,2024-09-30,Wholesale/Corporate,13963.17,3.424,478.1,0.822,114.78,0.76,26.68,3.219
NBFC021,Middle Layer,FY25Q4,2025-03-31,Infrastructure,12123.92,2.426,294.13,0.509,61.71,0.79,26.28,2.896
NBFC021,Middle Layer,FY25Q4,2025-03-31,MSME,23772.4,3.568,848.2,0.763,181.38,0.786,25.15,2.987
NBFC021,Middle Layer,FY25Q4,2025-03-31,Microfinance,17829.3,5.738,1023.05,1.205,214.84,0.79,25.22,3.394
NBFC021,Middle Layer,FY25Q4,2025-03-31,Retail (Gold),14857.75,0.96,142.63,0.202,30.01,0.79,25.68,2.939
NBFC021,Middle Layer,FY25Q4,2025-03-31,Retail (Housing),20800.85,1.458,303.28,0.306,63.65,0.79,23.14,2.818
NBFC021,Middle Layer,FY25Q4,2025-03-31,Retail (Personal/Unsecured),20800.85,4.703,978.26,0.997,207.38,0.788,25.11,3.33
NBFC021,Middle Layer,FY25Q4,2025-03-31,Retail (Vehicle),23772.4,2.771,658.73,0.582,138.36,0.79,28.0,2.333
NBFC021,Middle Layer,FY25Q4,2025-03-31,Wholesale/Corporate,14857.75,3.209,476.79,0.674,100.14,0.79,27.4,3.049
NBFC022,Middle Layer,FY21Q4,2021-03-31,Infrastructure,6104.23,4.897,298.92,2.204,134.54,0.55,24.12,1.432
NBFC022,Middle Layer,FY21Q4,2021-03-31,MSME,12208.45,7.609,928.94,3.424,418.02,0.55,26.11,1.244
NBFC022,Middle Layer,FY21Q4,2021-03-31,Microfinance,9156.34,12.261,1122.66,5.517,505.16,0.55,25.2,1.244
NBFC022,Middle Layer,FY21Q4,2021-03-31,Retail (Gold),7630.28,1.937,147.8,0.872,66.54,0.55,24.29,0.983
NBFC022,Middle Layer,FY21Q4,2021-03-31,Retail (Housing),10682.4,3.192,340.98,1.436,153.4,0.55,26.15,1.454
NBFC022,Middle Layer,FY21Q4,2021-03-31,Retail (Personal/Unsecured),10682.4,10.075,1076.25,4.4585,476.27,0.557,27.0,1.309
NBFC022,Middle Layer,FY21Q4,2021-03-31,Retail (Vehicle),12208.45,6.105,745.33,2.747,335.37,0.55,22.62,1.489
NBFC022,Middle Layer,FY21Q4,2021-03-31,Wholesale/Corporate,7630.28,6.17,470.79,2.776,211.82,0.55,25.52,0.941
NBFC022,Middle Layer,FY22Q2,2021-09-30,Infrastructure,6447.42,5.123,330.3,2.152,138.75,0.58,26.49,1.295
NBFC022,Middle Layer,FY22Q2,2021-09-30,MSME,12894.84,7.647,986.07,3.212,414.18,0.58,27.02,1.477
NBFC022,Middle Layer,FY22Q2,2021-09-30,Microfinance,9671.13,12.126,1172.72,5.093,492.55,0.58,26.3,2.091
NBFC022,Middle Layer,FY22Q2,2021-09-30,Retail (Gold),8059.27,2.076,167.31,0.8465,68.22,0.592,23.9,1.726
NBFC022,Middle Layer,FY22Q2,2021-09-30,Retail (Housing),11282.98,3.199,360.94,1.344,151.64,0.58,23.72,1.622
NBFC022,Middle Layer,FY22Q2,2021-09-30,Retail (Personal/Unsecured),11282.98,9.692,1093.55,4.071,459.33,0.58,25.54,1.645
NBFC022,Middle Layer,FY22Q2,2021-09-30,Retail (Vehicle),12894.84,5.834,752.28,2.45,315.92,0.58,27.99,1.94
NBFC022,Middle Layer,FY22Q2,2021-09-30,Wholesale/Corporate,8059.27,6.458,520.47,2.712,218.57,0.58,28.36,1.369
NBFC022,Middle Layer,FY22Q4,2022-03-31,Infrastructure,6792.05,4.566,310.13,1.781,120.97,0.61,24.14,1.446
NBFC022,Middle Layer,FY22Q4,2022-03-31,MSME,13584.09,6.688,908.5,2.608,354.27,0.61,28.09,2.035
NBFC022,Middle Layer,FY22Q4,2022-03-31,Microfinance,10188.07,11.366,1157.98,4.433,451.64,0.61,27.58,1.658
NBFC022,Middle Layer,FY22Q4,2022-03-31,Retail (Gold),8490.06,1.744,148.07,0.68,57.73,0.61,24.21,1.669
NBFC022,Middle Layer,FY22Q4,2022-03-31,Retail (Housing),11886.08,2.998,356.34,1.169,138.95,0.61,26.71,1.776
NBFC022,Middle Layer,FY22Q4,2022-03-31,Retail (Personal/Unsecured),11886.08,9.104,1082.11,3.5665,423.92,0.608,24.47,1.964
NBFC022,Middle Layer,FY22Q4,2022-03-31,Retail (Vehicle),13584.09,5.452,740.6,2.126,288.8,0.61,27.58,1.859
NBFC022,Middle Layer,FY22Q4,2022-03-31,Wholesale/Corporate,8490.06,6.01,510.25,2.344,199.01,0.61,26.5,1.493
NBFC022,Middle Layer,FY23Q2,2022-09-30,Infrastructure,7352.07,4.226,310.7,1.521,111.82,0.64,25.69,2.441
NBFC022,Middle Layer,FY23Q2,2022-09-30,MSME,14704.14,6.084,894.6,2.19,322.02,0.64,25.24,1.783
NBFC022,Middle Layer,FY23Q2,2022-09-30,Microfinance,11028.1,9.028,995.62,3.25,358.41,0.64,28.05,1.555
NBFC022,Middle Layer,FY23Q2,2022-09-30,Retail (Gold),9190.09,1.581,145.3,0.569,52.29,0.64,27.45,2.47
NBFC022,Middle Layer,FY23Q2,2022-09-30,Retail (Housing),12866.12,2.424,311.87,0.873,112.32,0.64,28.91,1.907
NBFC022,Middle Layer,FY23Q2,2022-09-30,Retail (Personal/Unsecured),12866.12,7.828,1007.16,2.795,359.61,0.643,27.48,1.667
NBFC022,Middle Layer,FY23Q2,2022-09-30,Retail (Vehicle),14704.14,4.95,727.85,1.782,262.03,0.64,27.04,1.618
NBFC022,Middle Layer,FY23Q2,2022-09-30,Wholesale/Corporate,9190.09,5.013,460.7,1.805,165.88,0.64,25.45,2.559
NBFC022,Middle Layer,FY23Q4,2023-03-31,Infrastructure,7940.81,3.137,249.1,1.035,82.19,0.67,27.42,3.435
NBFC022,Middle Layer,FY23Q4,2023-03-31,MSME,15881.62,4.74,752.79,1.564,248.39,0.67,28.91,2.899
NBFC022,Middle Layer,FY23Q4,2023-03-31,Microfinance,11911.21,7.286,867.85,2.404,286.35,0.67,27.61,2.779
NBFC022,Middle Layer,FY23Q4,2023-03-31,Retail (Gold),9926.01,1.2275,121.84,0.416,41.29,0.661,26.68,2.408
NBFC022,Middle Layer,FY23Q4,2023-03-31,Retail (Housing),13896.41,2.022,280.99,0.649,90.19,0.679,28.81,3.287
NBFC022,Middle Layer,FY23Q4,2023-03-31,Retail (Personal/Unsecured),13896.41,6.316,877.7,2.084,289.6,0.67,27.54,3.498
NBFC022,Middle Layer,FY23Q4,2023-03-31,Retail (Vehicle),15881.62,3.694,586.67,1.219,193.6,0.67,24.57,2.878
NBFC022,Middle Layer,FY23Q4,2023-03-31,Wholesale/Corporate,9926.01,4.253,422.15,1.403,139.26,0.67,28.31,3.404
NBFC022,Middle Layer,FY24Q2,2023-09-30,Infrastructure,8658.78,3.058,264.79,0.917,79.4,0.7,26.08,3.209
NBFC022,Middle Layer,FY24Q2,2023-09-30,MSME,17317.57,4.405,762.84,1.321,228.77,0.7,27.42,3.361
NBFC022,Middle Layer,FY24Q2,2023-09-30,Microfinance,12988.18,7.021,911.9,2.106,273.53,0.7,29.52,2.889
NBFC022,Middle Layer,FY24Q2,2023-09-30,Retail (Gold),10823.48,1.185,128.26,0.352,38.1,0.703,29.3,3.518
NBFC022,Middle Layer,FY24Q2,2023-09-30,Retail (Housing),15152.87,1.779,269.57,0.534,80.92,0.7,27.2,3.525
NBFC022,Middle Layer,FY24Q2,2023-09-30,Retail (Personal/Unsecured),15152.87,6.027,913.26,1.808,273.96,0.7,27.74,2.632
NBFC022,Middle Layer,FY24Q2,2023-09-30,Retail (Vehicle),17317.57,3.357,581.35,1.007,174.39,0.7,29.06,3.191
NBFC022,Middle Layer,FY24Q2,2023-09-30,Wholesale/Corporate,10823.48,3.667,396.9,1.1,119.06,0.7,29.22,2.964
NBFC022,Middle Layer,FY24Q4,2024-03-31,Infrastructure,9649.59,1.937,186.91,0.523,50.47,0.73,23.83,3.779
NBFC022,Middle Layer,FY24Q4,2024-03-31,MSME,19299.18,2.891,557.94,0.781,150.73,0.73,26.54,3.636
NBFC022,Middle Layer,FY24Q4,2024-03-31,Microfinance,14474.38,4.397,636.44,1.187,171.81,0.73,27.05,3.104
NBFC022,Middle Layer,FY24Q4,2024-03-31,Retail (Gold),12061.99,0.774,93.36,0.209,25.21,0.73,24.14,3.071
NBFC022,Middle Layer,FY24Q4,2024-03-31,Retail (Housing),16886.78,1.207,203.82,0.326,55.05,0.73,26.27,3.175
NBFC022,Middle Layer,FY24Q4,2024-03-31,Retail (Personal/Unsecured),16886.78,3.782,638.66,1.021,172.41,0.73,26.83,2.762
NBFC022,Middle Layer,FY24Q4,2024-03-31,Retail (Vehicle),19299.18,2.368,457.0,0.639,123.32,0.73,23.93,3.789
NBFC022,Middle Layer,FY24Q4,2024-03-31,Wholesale/Corporate,12061.99,2.477,298.78,0.669,80.69,0.73,27.8,2.9
NBFC022,Middle Layer,FY25Q2,2024-09-30,Infrastructure,10310.13,2.643,272.5,0.634,65.37,0.76,24.69,2.813
NBFC022,Middle Layer,FY25Q2,2024-09-30,MSME,20620.25,3.721,767.28,0.893,184.14,0.76,24.96,2.815
NBFC022,Middle Layer,FY25Q2,2024-09-30,Microfinance,15465.19,6.47,1000.6,1.553,240.17,0.76,25.89,2.984
NBFC022,Middle Layer,FY25Q2,2024-09-30,Retail (Gold),12887.66,1.005,129.52,0.241,31.06,0.76,25.55,3.531
NBFC022,Middle Layer,FY25Q2,2024-09-30,Retail (Housing),18042.72,1.596,287.96,0.394,71.09,0.753,25.91,3.5
NBFC022,Middle Layer,FY25Q2,2024-09-30,Retail (Personal/Unsecured),18042.72,5.297000000000001,955.72,1.276,230.23,0.759,27.32,2.551
NBFC022,Middle Layer,FY25Q2,2024-09-30,Retail (Vehicle),20620.25,3.109,641.08,0.746,153.83,0.76,27.95,2.8885
NBFC022,Middle Layer,FY25Q2,2024-09-30,Wholesale/Corporate,12887.66,3.374,434.83,0.81,104.39,0.76,25.72,2.64
NBFC022,Middle Layer,FY25Q4,2025-03-31,Infrastructure,10970.66,2.405,263.84,0.505,55.4,0.79,25.41,2.35
NBFC022,Middle Layer,FY25Q4,2025-03-31,MSME,21941.33,3.741,820.83,0.786,172.46,0.79,22.86,2.576
NBFC022,Middle Layer,FY25Q4,2025-03-31,Microfinance,16456.0,5.805,955.27,1.219,200.6,0.79,23.25,2.834
NBFC022,Middle Layer,FY25Q4,2025-03-31,Retail (Gold),13713.33,1.0,137.13,0.21,28.8,0.79,26.76,3.204
NBFC022,Middle Layer,FY25Q4,2025-03-31,Retail (Housing),19198.66,1.517,291.24,0.319,61.24,0.79,28.28,3.136
NBFC022,Middle Layer,FY25Q4,2025-03-31,Retail (Personal/Unsecured),19198.66,5.012,962.24,1.053,202.16,0.79,27.96,2.458
NBFC022,Middle Layer,FY25Q4,2025-03-31,Retail (Vehicle),21941.33,2.744,602.07,0.576,126.38,0.79,27.43,2.723
NBFC023,Middle Layer,FY21Q4,2021-03-31,Infrastructure,10286.38,5.047,519.15,2.271,233.6,0.55,22.4,1.89
NBFC023,Middle Layer,FY21Q4,2021-03-31,MSME,20572.77,7.3525,1512.61,3.213,661.0,0.563,24.1,0.992
NBFC023,Middle Layer,FY21Q4,2021-03-31,Microfinance,15429.58,11.684,1802.79,5.258,811.29,0.55,27.58,1.806
NBFC023,Middle Layer,FY21Q4,2021-03-31,Retail (Gold),12857.98,1.984,255.1,0.893,114.82,0.55,24.94,1.4355
NBFC023,Middle Layer,FY21Q4,2021-03-31,Retail (Housing),18001.17,3.009,541.66,1.354,243.74,0.55,24.26,1.5565
NBFC023,Middle Layer,FY21Q4,2021-03-31,Retail (Personal/Unsecured),18001.17,10.294,1853.04,4.632,833.81,0.55,27.06,2.024
NBFC023,Middle Layer,FY21Q4,2021-03-31,Retail (Vehicle),20572.77,6.003,1234.98,2.701,555.67,0.55,26.19,0.939
NBFC023,Middle Layer,FY21Q4,2021-03-31,Wholesale/Corporate,12857.98,6.578,845.8,2.96,380.6,0.55,27.05,1.884
NBFC023,Middle Layer,FY22Q2,2021-09-30,Infrastructure,10864.71,5.393,585.93,2.265,246.09,0.58,26.86,2.118
NBFC023,Middle Layer,FY22Q2,2021-09-30,Microfinance,16297.06,11.597,1889.97,4.871,793.83,0.58,26.48,1.56
NBFC023,Middle Layer,FY22Q2,2021-09-30,Retail (Housing),19013.23,3.175,603.67,1.333,253.45,0.58,23.71,2.18
NBFC023,Middle Layer,FY22Q2,2021-09-30,Retail (Personal/Unsecured),19013.23,10.119,1923.95,4.25,808.06,0.58,28.43,1.864
NBFC023,Middle Layer,FY22Q2,2021-09-30,Retail (Vehicle),21729.41,5.959,1294.86,2.503,543.89,0.58,27.9,1.615
NBFC023,Middle Layer,FY22Q2,2021-09-30,Wholesale/Corporate,13580.88,6.347,861.98,2.666,362.07,0.58,23.86,1.541
NBFC023,Middle Layer,FY22Q4,2022-03-31,Infrastructure,11445.45,4.58,524.2,1.786,204.42,0.61,24.59,1.997
NBFC023,Middle Layer,FY22Q4,2022-03-31,MSME,22890.89,6.899,1579.24,2.691,615.99,0.61,23.78,1.169
NBFC023,Middle Layer,FY22Q4,2022-03-31,Microfinance,17168.17,10.459,1795.62,4.079,700.29,0.61,26.86,2.21
NBFC023,Middle Layer,FY22Q4,2022-03-31,Retail (Gold),14306.81,1.743,249.37,0.68,97.29,0.61,24.01,2.246
NBFC023,Middle Layer,FY22Q4,2022-03-31,Retail (Housing),20029.53,2.98,596.88,1.162,232.74,0.61,25.74,1.795
NBFC023,Middle Layer,FY22Q4,2022-03-31,Retail (Personal/Unsecured),20029.53,8.828,1768.21,3.443,689.62,0.61,24.29,1.174
NBFC023,Middle Layer,FY22Q4,2022-03-31,Retail (Vehicle),22890.89,5.359,1226.72,2.09,478.42,0.61,25.65,2.195
NBFC023,Middle Layer,FY22Q4,2022-03-31,Wholesale/Corporate,14306.81,6.216,889.31,2.424,346.8,0.61,23.85,1.795
NBFC023,Middle Layer,FY23Q2,2022-09-30,Infrastructure,12389.15,4.121,510.56,1.484,183.85,0.64,28.32,2.509
NBFC023,Middle Layer,FY23Q2,2022-09-30,MSME,24778.3,6.002,1487.19,2.161,535.46,0.64,25.27,2.033
NBFC023,Middle Layer,FY23Q2,2022-09-30,Microfinance,18583.73,9.716,1805.6,3.498,650.06,0.64,27.75,2.301
NBFC023,Middle Layer,FY23Q2,2022-09-30,Retail (Gold),15486.44,1.523,235.86,0.548,84.87,0.64,28.65,2.073
NBFC023,Middle Layer,FY23Q2,2022-09-30,Retail (Housing),21681.02,2.444,529.88,0.896,194.26,0.633,28.41,2.653
NBFC023,Middle Layer,FY23Q2,2022-09-30,Retail (Personal/Unsecured),21681.02,8.002,1734.92,2.881,624.63,0.64,25.65,2.324
NBFC023,Middle Layer,FY23Q2,2022-09-30,Retail (Vehicle),24778.3,4.686,1161.11,1.687,418.01,0.64,27.61,1.828
NBFC023,Middle Layer,FY23Q2,2022-09-30,Wholesale/Corporate,15486.44,4.925,762.71,1.773,274.57,0.64,26.92,2.577
NBFC023,Middle Layer,FY23Q4,2023-03-31,Infrastructure,13381.25,3.328,445.33,1.098,146.93,0.67,26.81,3.471
NBFC023,Middle Layer,FY23Q4,2023-03-31,MSME,26762.5,4.412,1180.76,1.456,389.66,0.67,29.96,2.54
NBFC023,Middle Layer,FY23Q4,2023-03-31,Microfinance,20071.88,7.577,1520.85,2.5,501.8,0.67,24.97,3.428
NBFC023,Middle Layer,FY23Q4,2023-03-31,Retail (Gold),16726.56,1.275,213.26,0.421,70.42,0.67,28.51,3.182
NBFC023,Middle Layer,FY23Q4,2023-03-31,Retail (Housing),23417.19,1.97,461.32,0.65,152.21,0.67,24.92,3.082
NBFC023,Middle Layer,FY23Q4,2023-03-31,Retail (Personal/Unsecured),23417.19,6.198,1451.4,2.045,478.88,0.67,30.43,2.852
NBFC023,Middle Layer,FY23Q4,2023-03-31,Retail (Vehicle),26762.5,3.849,1030.09,1.27,339.88,0.67,26.75,2.551
NBFC023,Middle Layer,FY23Q4,2023-03-31,Wholesale/Corporate,16726.56,4.177,698.67,1.378,230.49,0.67,28.42,3.046
NBFC023,Middle Layer,FY24Q2,2023-09-30,Infrastructure,14591.13,2.865,418.04,0.859,125.34,0.7,30.26,2.915
NBFC023,Middle Layer,FY24Q2,2023-09-30,MSME,29182.26,4.234,1235.58,1.27,370.61,0.7,25.77,3.076
NBFC023,Middle Layer,FY24Q2,2023-09-30,Microfinance,21886.69,7.017,1535.79,2.109,461.59,0.699,30.2,3.655
NBFC023,Middle Layer,FY24Q2,2023-09-30,Retail (Gold),18238.91,1.153,210.29,0.346,63.11,0.7,30.17,3.175
NBFC023,Middle Layer,FY24Q2,2023-09-30,Retail (Housing),25534.48,1.934,493.84,0.58,148.1,0.7,27.62,3.574
NBFC023,Middle Layer,FY24Q2,2023-09-30,Retail (Personal/Unsecured),25534.48,6.124,1563.73,1.837,469.07,0.7,28.85,2.8
NBFC023,Middle Layer,FY24Q2,2023-09-30,Retail (Vehicle),29182.26,3.428,1000.37,1.028,299.99,0.7,29.57,3.5
NBFC023,Middle Layer,FY24Q2,2023-09-30,Wholesale/Corporate,18238.91,3.744,682.86,1.123,204.82,0.7,29.21,2.652
NBFC023,Middle Layer,FY24Q4,2024-03-31,Infrastructure,16260.76,1.953,317.57,0.527,85.69,0.73,24.65,3.624
NBFC023,Middle Layer,FY24Q4,2024-03-31,MSME,32521.52,2.738,890.44,0.739,240.33,0.73,29.08,2.989
NBFC023,Middle Layer,FY24Q4,2024-03-31,Microfinance,24391.14,4.645,1132.97,1.254,305.86,0.73,26.21,2.722
NBFC023,Middle Layer,FY24Q4,2024-03-31,Retail (Gold),20325.95,0.741,150.62,0.2,40.65,0.73,27.61,2.742
NBFC023,Middle Layer,FY24Q4,2024-03-31,Retail (Housing),28456.33,1.208,343.75,0.323,91.91,0.733,27.04,2.942
NBFC023,Middle Layer,FY24Q4,2024-03-31,Retail (Personal/Unsecured),28456.33,3.907,1111.79,1.055,300.21,0.73,26.83,2.859
NBFC023,Middle Layer,FY24Q4,2024-03-31,Retail (Vehicle),32521.52,2.401,780.84,0.648,210.74,0.73,26.65,3.809
NBFC023,Middle Layer,FY24Q4,2024-03-31,Wholesale/Corporate,20325.95,2.562,520.75,0.692,140.66,0.73,26.32,3.274
NBFC023,Middle Layer,FY25Q2,2024-09-30,Infrastructure,17373.85,2.766,480.56,0.664,115.36,0.76,25.32,3.465
NBFC023,Middle Layer,FY25Q2,2024-09-30,MSME,34747.7,3.9050000000000002,1356.9,0.916,318.29,0.765,25.27,3.157
NBFC023,Middle Layer,FY25Q2,2024-09-30,Microfinance,26060.77,6.218,1620.46,1.492,388.83,0.76,28.17,3.298
NBFC023,Middle Layer,FY25Q2,2024-09-30,Retail (Gold),21717.31,1.038,225.43,0.249,54.08,0.76,27.8,2.684
NBFC023,Middle Layer,FY25Q2,2024-09-30,Retail (Housing),30404.24,1.664,505.93,0.399,121.31,0.76,27.62,3.363
NBFC023,Middle Layer,FY25Q2,2024-09-30,Retail (Personal/Unsecured),30404.24,5.43,1650.95,1.303,396.17,0.76,27.89,2.9365
NBFC023,Middle Layer,FY25Q2,2024-09-30,Retail (Vehicle),34747.7,3.156,1096.64,0.757,263.04,0.76,25.39,3.046
NBFC023,Middle Layer,FY25Q2,2024-09-30,Wholesale/Corporate,21717.31,3.56,773.14,0.854,185.47,0.76,28.13,3.1685
NBFC023,Middle Layer,FY25Q4,2025-03-31,Infrastructure,18486.94,2.402,444.06,0.504,93.17,0.79,27.86,3.028
NBFC023,Middle Layer,FY25Q4,2025-03-31,Microfinance,27730.41,5.503,1526.0,1.156,320.56,0.79,27.88,2.806
NBFC023,Middle Layer,FY25Q4,2025-03-31,Retail (Gold),23108.67,0.991,229.01,0.208,48.07,0.79,25.68,2.661
NBFC023,Middle Layer,FY25Q4,2025-03-31,Retail (Housing),32352.14,1.511,488.84,0.317,102.56,0.79,23.37,2.821
NBFC023,Middle Layer,FY25Q4,2025-03-31,Retail (Personal/Unsecured),32352.14,4.778,1545.79,1.003,324.49,0.79,24.07,2.867
NBFC023,Middle Layer,FY25Q4,2025-03-31,Retail (Vehicle),36973.87,2.867,1060.04,0.602,222.58,0.79,25.75,2.926
NBFC023,Middle Layer,FY25Q4,2025-03-31,Wholesale/Corporate,23108.67,3.277,757.27,0.688,158.99,0.79,28.35,3.147
NBFC024,Middle Layer,FY21Q4,2021-03-31,Infrastructure,5029.21,5.004,251.66,2.252,113.26,0.55,26.28,1.549
NBFC024,Middle Layer,FY21Q4,2021-03-31,MSME,10058.42,7.231,727.32,3.254,327.3,0.55,25.29,0.942
NBFC024,Middle Layer,FY21Q4,2021-03-31,Microfinance,7543.82,12.218,921.7,5.498,414.76,0.55,27.1,1.428
NBFC024,Middle Layer,FY21Q4,2021-03-31,Retail (Gold),6286.51,1.899,119.38,0.855,53.75,0.55,26.58,1.213
NBFC024,Middle Layer,FY21Q4,2021-03-31,Retail (Housing),8801.12,3.061,269.4,1.377,121.19,0.55,27.82,1.773
NBFC024,Middle Layer,FY21Q4,2021-03-31,Retail (Personal/Unsecured),8801.12,10.016,881.52,4.507,396.67,0.55,24.21,1.494
NBFC024,Middle Layer,FY21Q4,2021-03-31,Retail (Vehicle),10058.42,5.678,571.12,2.555,256.99,0.55,24.68,1.913
NBFC024,Middle Layer,FY21Q4,2021-03-31,Wholesale/Corporate,6286.51,6.502,408.75,2.926,183.94,0.55,27.31,1.218
NBFC024,Middle Layer,FY22Q2,2021-09-30,Infrastructure,5311.96,5.014,266.34,2.106,111.87,0.58,28.26,1.008
NBFC024,Middle Layer,FY22Q2,2021-09-30,MSME,10623.93,7.348,780.65,3.086,327.85,0.58,28.97,1.998
NBFC024,Middle Layer,FY22Q2,2021-09-30,Microfinance,7967.95,11.521,917.99,4.839,385.57,0.58,26.0,1.734
NBFC024,Middle Layer,FY22Q2,2021-09-30,Retail (Gold),6639.95,2.082,138.24,0.874,58.03,0.58,23.55,1.242
NBFC024,Middle Layer,FY22Q2,2021-09-30,Retail (Housing),9295.94,3.058,284.27,1.284,119.36,0.58,29.06,1.936
NBFC024,Middle Layer,FY22Q2,2021-09-30,Retail (Personal/Unsecured),9295.94,10.472,973.47,4.398,408.84,0.58,28.04,1.468
NBFC024,Middle Layer,FY22Q2,2021-09-30,Retail (Vehicle),10623.93,5.884,625.11,2.471,262.52,0.58,26.12,1.151
NBFC024,Middle Layer,FY22Q2,2021-09-30,Wholesale/Corporate,6639.95,6.59,437.57,2.768,183.79,0.58,23.49,1.782
NBFC024,Middle Layer,FY22Q4,2022-03-31,Infrastructure,5595.9,4.801,268.66,1.872,104.76,0.61,23.99,2.293
NBFC024,Middle Layer,FY22Q4,2022-03-31,MSME,11191.8,7.069,791.15,2.757,308.56,0.61,24.82,1.133
NBFC024,Middle Layer,FY22Q4,2022-03-31,Microfinance,8393.85,10.791,905.78,4.208,353.21,0.61,26.51,1.685
NBFC024,Middle Layer,FY22Q4,2022-03-31,Retail (Gold),6994.87,1.775,124.16,0.692,48.4,0.61,27.67,1.676
NBFC024,Middle Layer,FY22Q4,2022-03-31,Retail (Housing),9792.82,2.983,292.12,1.163,113.89,0.61,28.19,1.463
NBFC024,Middle Layer,FY22Q4,2022-03-31,Retail (Personal/Unsecured),9792.82,9.145499999999998,895.6,3.37,330.02,0.632,27.33,1.77
NBFC024,Middle Layer,FY22Q4,2022-03-31,Retail (Vehicle),11191.8,5.672,634.8,2.212,247.56,0.61,25.92,1.246
NBFC024,Middle Layer,FY22Q4,2022-03-31,Wholesale/Corporate,6994.87,5.713,399.62,2.228,155.85,0.61,24.81,1.523
NBFC024,Middle Layer,FY23Q2,2022-09-30,Infrastructure,6057.29,3.857,233.63,1.389,84.14,0.64,25.69,1.974
NBFC024,Middle Layer,FY23Q2,2022-09-30,MSME,12114.59,6.049,732.81,2.178,263.86,0.64,26.33,1.697
NBFC024,Middle Layer,FY23Q2,2022-09-30,Microfinance,9085.94,9.402,854.26,3.385,307.56,0.64,30.35,1.936
NBFC024,Middle Layer,FY23Q2,2022-09-30,Retail (Gold),7571.62,1.607,121.68,0.579,43.84,0.64,30.09,2.624
NBFC024,Middle Layer,FY23Q2,2022-09-30,Retail (Housing),10600.27,2.479,262.78,0.892,94.55,0.64,25.75,1.861
NBFC024,Middle Layer,FY23Q2,2022-09-30,Retail (Personal/Unsecured),10600.27,7.785,825.23,2.803,297.13,0.64,27.29,2.34
NBFC024,Middle Layer,FY23Q2,2022-09-30,Retail (Vehicle),12114.59,4.597,556.91,1.655,200.5,0.64,26.04,2.066
NBFC024,Middle Layer,FY23Q2,2022-09-30,Wholesale/Corporate,7571.62,5.055,382.75,1.82,137.8,0.64,28.7,2.033
NBFC024,Middle Layer,FY23Q4,2023-03-31,Infrastructure,6542.35,3.124,204.38,1.031,67.45,0.67,28.25,2.697
NBFC024,Middle Layer,FY23Q4,2023-03-31,MSME,13084.7,4.795,627.41,1.582,207.0,0.67,26.5,3.267
NBFC024,Middle Layer,FY23Q4,2023-03-31,Microfinance,9813.53,7.144,701.08,2.358,231.4,0.67,26.16,2.562
NBFC024,Middle Layer,FY23Q4,2023-03-31,Retail (Gold),8177.94,1.243,101.65,0.41,33.53,0.67,27.12,2.618
NBFC024,Middle Layer,FY23Q4,2023-03-31,Retail (Housing),11449.11,1.889,216.27,0.623,71.33,0.67,28.65,3.12
NBFC024,Middle Layer,FY23Q4,2023-03-31,Retail (Personal/Unsecured),11449.11,6.333,725.07,2.09,239.29,0.67,29.27,2.833
NBFC024,Middle Layer,FY23Q4,2023-03-31,Retail (Vehicle),13084.7,3.57,467.12,1.178,154.14,0.67,26.1,3.036
NBFC024,Middle Layer,FY23Q4,2023-03-31,Wholesale/Corporate,8177.94,4.256,348.05,1.404,114.82,0.67,25.13,2.472
NBFC024,Middle Layer,FY24Q2,2023-09-30,Infrastructure,7133.88,2.945,210.09,0.883,62.99,0.7,26.33,3.311
NBFC024,Middle Layer,FY24Q2,2023-09-30,MSME,14267.77,4.152,592.4,1.246,177.78,0.7,26.33,2.591
NBFC024,Middle Layer,FY24Q2,2023-09-30,Microfinance,10700.83,7.017,750.88,2.105,225.25,0.7,28.63,3.609
NBFC024,Middle Layer,FY24Q2,2023-09-30,Retail (Gold),8917.35,1.166,103.98,0.35,31.21,0.7,27.94,2.585
NBFC024,Middle Layer,FY24Q2,2023-09-30,Retail (Housing),12484.3,1.831,228.59,0.549,68.54,0.7,26.7,3.329
NBFC024,Middle Layer,FY24Q2,2023-09-30,Retail (Personal/Unsecured),12484.3,5.891,735.45,1.767,220.6,0.7,29.97,2.718
NBFC024,Middle Layer,FY24Q2,2023-09-30,Wholesale/Corporate,8917.35,4.03,359.37,1.209,107.81,0.7,30.28,3.183
NBFC024,Middle Layer,FY24Q4,2024-03-31,Infrastructure,7950.2,1.929,153.36,0.521,41.42,0.73,25.54,3.577
NBFC024,Middle Layer,FY24Q4,2024-03-31,MSME,15900.4,2.731,434.24,0.737,117.19,0.73,25.26,3.821
NBFC024,Middle Layer,FY24Q4,2024-03-31,Microfinance,11925.3,4.82,574.8,1.301,155.15,0.73,26.43,3.087
NBFC024,Middle Layer,FY24Q4,2024-03-31,Retail (Gold),9937.75,0.794,78.91,0.214,21.27,0.73,29.02,3.598
NBFC024,Middle Layer,FY24Q4,2024-03-31,Retail (Housing),13912.85,1.271,176.83,0.343,47.72,0.73,25.83,2.811
NBFC024,Middle Layer,FY24Q4,2024-03-31,Retail (Personal/Unsecured),13912.85,3.858,536.76,1.042,144.97,0.73,29.45,2.864
NBFC024,Middle Layer,FY24Q4,2024-03-31,Retail (Vehicle),15900.4,2.263,359.83,0.611,97.15,0.73,24.66,3.651
NBFC024,Middle Layer,FY24Q4,2024-03-31,Wholesale/Corporate,9937.75,2.639,262.26,0.713,70.86,0.73,29.01,3.576
NBFC024,Middle Layer,FY25Q2,2024-09-30,Infrastructure,8494.41,2.727,231.64,0.654,55.55,0.76,24.51,3.265
NBFC024,Middle Layer,FY25Q2,2024-09-30,MSME,16988.82,3.938,669.02,0.945,160.54,0.76,27.11,3.125
NBFC024,Middle Layer,FY25Q2,2024-09-30,Microfinance,12741.61,6.58,838.4,1.579,201.19,0.76,27.28,2.75
NBFC024,Middle Layer,FY25Q2,2024-09-30,Retail (Housing),14865.22,1.592,236.65,0.382,56.79,0.76,27.31,3.547
NBFC024,Middle Layer,FY25Q2,2024-09-30,Retail (Personal/Unsecured),14865.22,5.219,775.82,1.253,186.26,0.76,27.1,3.091
NBFC024,Middle Layer,FY25Q2,2024-09-30,Retail (Vehicle),16988.82,3.1455,534.38,0.783,133.02,0.751,24.18,3.36
NBFC024,Middle Layer,FY25Q2,2024-09-30,Wholesale/Corporate,10618.01,3.383,359.21,0.812,86.22,0.76,23.24,3.263
NBFC024,Middle Layer,FY25Q4,2025-03-31,Infrastructure,9038.62,2.359,213.22,0.495,44.74,0.79,28.28,3.007
NBFC024,Middle Layer,FY25Q4,2025-03-31,MSME,18077.24,3.485,629.99,0.732,132.33,0.79,22.81,2.969
NBFC024,Middle Layer,FY25Q4,2025-03-31,Microfinance,13557.93,5.822,789.34,1.223,165.81,0.79,24.15,2.746
NBFC024,Middle Layer,FY25Q4,2025-03-31,Retail (Gold),11298.27,0.957,108.12,0.194,21.92,0.797,24.23,2.49
NBFC024,Middle Layer,FY25Q4,2025-03-31,Retail (Housing),15817.58,1.479,233.94,0.311,49.19,0.79,28.24,2.982
NBFC024,Middle Layer,FY25Q4,2025-03-31,Retail (Personal/Unsecured),15817.58,4.708,744.69,0.989,156.44,0.79,23.87,3.075
NBFC024,Middle Layer,FY25Q4,2025-03-31,Retail (Vehicle),18077.24,2.799,505.98,0.588,106.29,0.79,27.35,2.754
NBFC024,Middle Layer,FY25Q4,2025-03-31,Wholesale/Corporate,11298.27,3.184,359.74,0.669,75.59,0.79,23.94,2.718
NBFC025,Middle Layer,FY21Q4,2021-03-31,Infrastructure,4952.82,5.109,253.04,2.299,113.87,0.55,26.24,1.454
NBFC025,Middle Layer,FY21Q4,2021-03-31,MSME,9905.65,7.506,743.52,3.378,334.61,0.55,24.43,1.864
NBFC025,Middle Layer,FY21Q4,2021-03-31,Microfinance,7429.24,11.332,841.88,5.3515,397.58,0.528,25.84,1.754
NBFC025,Middle Layer,FY21Q4,2021-03-31,Retail (Gold),6191.03,1.938,119.98,0.872,53.99,0.55,24.39,1.872
NBFC025,Middle Layer,FY21Q4,2021-03-31,Retail (Housing),8667.44,3.019,261.67,1.359,117.79,0.55,27.68,1.7
NBFC025,Middle Layer,FY21Q4,2021-03-31,Retail (Personal/Unsecured),8667.44,9.814,850.62,4.416,382.75,0.55,24.27,0.939
NBFC025,Middle Layer,FY21Q4,2021-03-31,Retail (Vehicle),9905.65,5.745,569.08,2.585,256.06,0.55,25.48,2.043
NBFC025,Middle Layer,FY21Q4,2021-03-31,Wholesale/Corporate,6191.03,6.347,392.94,2.856,176.82,0.55,25.19,1.203
NBFC025,Middle Layer,FY22Q2,2021-09-30,Infrastructure,5231.28,5.141,268.94,2.1654999999999998,113.28,0.579,25.09,2.149
NBFC025,Middle Layer,FY22Q2,2021-09-30,MSME,10462.56,7.656,801.01,3.216,336.48,0.58,24.33,1.649
NBFC025,Middle Layer,FY22Q2,2021-09-30,Microfinance,7846.92,12.1,949.48,5.082,398.78,0.58,26.48,1.512
NBFC025,Middle Layer,FY22Q2,2021-09-30,Retail (Gold),6539.1,1.946,127.25,0.817,53.42,0.58,24.78,1.726
NBFC025,Middle Layer,FY22Q2,2021-09-30,Retail (Housing),9154.74,3.026,277.02,1.271,116.36,0.58,28.26,1.757
NBFC025,Middle Layer,FY22Q2,2021-09-30,Retail (Personal/Unsecured),9154.74,10.046,919.69,4.219,386.24,0.58,27.33,1.62
NBFC025,Middle Layer,FY22Q2,2021-09-30,Retail (Vehicle),10462.56,6.29,658.1,2.642,276.42,0.58,26.96,1.163
NBFC025,Middle Layer,FY22Q2,2021-09-30,Wholesale/Corporate,6539.1,6.373,416.74,2.677,175.05,0.58,24.86,1.423
NBFC025,Middle Layer,FY22Q4,2022-03-31,Infrastructure,5510.91,4.611,254.11,1.798,99.09,0.61,26.85,1.886
NBFC025,Middle Layer,FY22Q4,2022-03-31,MSME,11021.81,6.987,770.09,2.725,300.34,0.61,28.63,1.715
NBFC025,Middle Layer,FY22Q4,2022-03-31,Retail (Gold),6888.63,1.904,131.16,0.743,51.18,0.61,27.12,2.269
NBFC025,Middle Layer,FY22Q4,2022-03-31,Retail (Housing),9644.08,2.886,278.33,1.161,111.97,0.598,28.58,1.733
NBFC025,Middle Layer,FY22Q4,2022-03-31,Retail (Personal/Unsecured),9644.08,9.291,896.03,3.623,349.41,0.61,27.38,1.32
NBFC025,Middle Layer,FY22Q4,2022-03-31,Retail (Vehicle),11021.81,5.567,613.58,2.171,239.28,0.61,29.38,1.967
NBFC025,Middle Layer,FY22Q4,2022-03-31,Wholesale/Corporate,6888.63,5.9895,412.59,2.237,154.1,0.627,28.51,1.395
NBFC025,Middle Layer,FY23Q2,2022-09-30,Infrastructure,5965.29,3.909,233.18,1.407,83.93,0.64,26.96,1.577
NBFC025,Middle Layer,FY23Q2,2022-09-30,MSME,11930.59,5.937,708.32,2.137,254.96,0.64,30.08,2.536
NBFC025,Middle Layer,FY23Q2,2022-09-30,Microfinance,8947.94,9.371,838.51,3.374,301.9,0.64,29.83,2.202
NBFC025,Middle Layer,FY23Q2,2022-09-30,Retail (Gold),7456.62,1.532,114.24,0.552,41.16,0.64,29.57,2.112
NBFC025,Middle Layer,FY23Q2,2022-09-30,Retail (Housing),10439.26,2.597,271.11,0.935,97.61,0.64,25.38,2.342
NBFC025,Middle Layer,FY23Q2,2022-09-30,Retail (Personal/Unsecured),10439.26,7.518,784.82,2.706,282.49,0.64,27.92,2.59
NBFC025,Middle Layer,FY23Q2,2022-09-30,Retail (Vehicle),11930.59,4.626,551.91,1.665,198.64,0.64,29.87,2.477
NBFC025,Middle Layer,FY23Q2,2022-09-30,Wholesale/Corporate,7456.62,5.351,399.0,1.863,138.92,0.652,30.05,1.596
NBFC025,Middle Layer,FY23Q4,2023-03-31,Infrastructure,6442.98,3.26,210.04,1.0465,67.43,0.679,25.0,2.919
NBFC025,Middle Layer,FY23Q4,2023-03-31,MSME,12885.96,4.643,598.3,1.532,197.41,0.67,25.71,3.243
NBFC025,Middle Layer,FY23Q4,2023-03-31,Microfinance,9857.76,7.099,699.8,2.343,230.97,0.67,28.75,3.081
NBFC025,Middle Layer,FY23Q4,2023-03-31,Retail (Gold),8053.73,1.217,98.01,0.402,32.38,0.67,27.665,3.44
NBFC025,Middle Layer,FY23Q4,2023-03-31,Retail (Housing),11275.22,1.936,218.29,0.639,72.05,0.67,28.14,3.082
NBFC025,Middle Layer,FY23Q4,2023-03-31,Retail (Personal/Unsecured),11275.22,5.921,667.61,1.954,220.32,0.67,25.57,2.834
NBFC025,Middle Layer,FY23Q4,2023-03-31,Retail (Vehicle),12885.96,3.796,489.15,1.253,161.46,0.67,30.35,3.367
NBFC025,Middle Layer,FY23Q4,2023-03-31,Wholesale/Corporate,8053.73,4.22,339.87,1.393,112.19,0.67,27.16,3.433
NBFC025,Middle Layer,FY24Q2,2023-09-30,Infrastructure,7025.53,3.02,212.17,0.906,63.65,0.7,28.61,3.13
NBFC025,Middle Layer,FY24Q2,2023-09-30,MSME,14051.06,4.298,603.91,1.289,181.12,0.7,27.4,3.187
NBFC025,Middle Layer,FY24Q2,2023-09-30,Microfinance,10538.3,6.917,728.93,2.075,218.67,0.7,25.74,3.552
NBFC025,Middle Layer,FY24Q2,2023-09-30,Retail (Gold),8781.91,1.17,102.75,0.351,30.82,0.7,26.15,2.904
NBFC025,Middle Layer,FY24Q2,2023-09-30,Retail (Housing),12294.68,1.886,231.88,0.566,69.59,0.7,24.92,3.33
NBFC025,Middle Layer,FY24Q2,2023-09-30,Retail (Personal/Unsecured),12294.68,5.984,735.71,1.795,220.69,0.7,27.94,3.251
NBFC025,Middle Layer,FY24Q2,2023-09-30,Retail (Vehicle),14051.06,3.351,470.85,1.005,141.21,0.7,28.63,3.1
NBFC025,Middle Layer,FY24Q2,2023-09-30,Wholesale/Corporate,8781.91,4.01,352.15,1.203,105.65,0.7,25.11,3.234
NBFC025,Middle Layer,FY24Q4,2024-03-31,Infrastructure,7829.45,1.891,148.05,0.511,40.01,0.73,28.08,3.767
NBFC025,Middle Layer,FY24Q4,2024-03-31,MSME,15658.89,2.735,428.27,0.738,115.56,0.73,29.02,3.509
NBFC025,Middle Layer,FY24Q4,2024-03-31,Microfinance,11744.17,4.675,549.04,1.262,148.21,0.73,26.16,3.649
NBFC025,Middle Layer,FY24Q4,2024-03-31,Retail (Gold),9786.81,0.7675000000000001,75.11,0.21,20.55,0.726,28.61,3.453
NBFC025,Middle Layer,FY24Q4,2024-03-31,Retail (Housing),13701.53,1.172,160.58,0.316,43.3,0.73,24.79,3.141
NBFC025,Middle Layer,FY24Q4,2024-03-31,Retail (Personal/Unsecured),13701.53,3.945,540.53,1.065,145.92,0.73,26.66,3.216
NBFC025,Middle Layer,FY24Q4,2024-03-31,Retail (Vehicle),15658.89,2.316,362.66,0.625,97.87,0.73,26.23,3.475
NBFC025,Middle Layer,FY24Q4,2024-03-31,Wholesale/Corporate,9786.81,2.511,245.75,0.678,66.35,0.73,23.69,3.704
NBFC025,Middle Layer,FY25Q2,2024-09-30,Infrastructure,8365.39,2.664,222.85,0.639,53.45,0.76,26.63,2.909
NBFC025,Middle Layer,FY25Q2,2024-09-30,MSME,16730.78,4.013,671.41,0.963,161.12,0.76,25.85,3.502
NBFC025,Middle Layer,FY25Q2,2024-09-30,Microfinance,12548.09,6.481,813.24,1.555,195.12,0.76,23.65,3.55
NBFC025,Middle Layer,FY25Q2,2024-09-30,Retail (Gold),10456.74,1.054,110.21,0.253,26.46,0.76,26.13,2.799
NBFC025,Middle Layer,FY25Q2,2024-09-30,Retail (Housing),14639.43,1.641,240.23,0.383,56.07,0.767,28.49,3.3
NBFC025,Middle Layer,FY25Q2,2024-09-30,Retail (Personal/Unsecured),14639.43,5.33,780.28,1.279,187.24,0.76,27.07,2.554
NBFC025,Middle Layer,FY25Q2,2024-09-30,Retail (Vehicle),16730.78,3.297,551.61,0.791,132.34,0.76,28.82,2.877
NBFC025,Middle Layer,FY25Q4,2025-03-31,Infrastructure,8901.34,2.418,215.23,0.508,45.22,0.79,24.43,3.103
NBFC025,Middle Layer,FY25Q4,2025-03-31,MSME,17802.67,3.523,627.19,0.74,131.74,0.79,23.91,3.217
NBFC025,Middle Layer,FY25Q4,2025-03-31,Microfinance,13352.0,5.485,732.36,1.152,153.82,0.79,27.03,2.654
NBFC025,Middle Layer,FY25Q4,2025-03-31,Retail (Gold),11126.67,0.953,106.04,0.2,22.25,0.79,25.94,3.194
NBFC025,Middle Layer,FY25Q4,2025-03-31,Retail (Housing),15577.34,1.451,226.03,0.305,47.51,0.79,24.41,3.326
NBFC025,Middle Layer,FY25Q4,2025-03-31,Retail (Personal/Unsecured),15577.34,4.596,715.93,0.965,150.32,0.79,25.31,2.66
NBFC025,Middle Layer,FY25Q4,2025-03-31,Retail (Vehicle),17802.67,2.95,525.18,0.619,110.2,0.79,26.48,2.425
NBFC025,Middle Layer,FY25Q4,2025-03-31,Wholesale/Corporate,11126.67,3.275,364.4,0.688,76.55,0.79,23.53,2.533
NBFC026,Middle Layer,FY21Q4,2021-03-31,Infrastructure,9383.52,5.275,494.98,2.374,222.76,0.55,22.12,1.222
NBFC026,Middle Layer,FY21Q4,2021-03-31,MSME,18767.04,7.015,1316.51,3.157,592.48,0.55,27.14,1.6215
NBFC026,Middle Layer,FY21Q4,2021-03-31,Retail (Gold),11729.4,1.898,222.62,0.854,100.17,0.55,25.4,1.421
NBFC026,Middle Layer,FY21Q4,2021-03-31,Retail (Housing),16421.16,3.179,522.03,1.431,234.99,0.55,26.95,1.56
NBFC026,Middle Layer,FY21Q4,2021-03-31,Retail (Personal/Unsecured),16421.16,9.494,1559.02,4.272,701.51,0.55,27.49,1.282
NBFC026,Middle Layer,FY21Q4,2021-03-31,Retail (Vehicle),18767.04,5.664,1062.97,2.549,478.37,0.55,26.45,1.484
NBFC026,Middle Layer,FY21Q4,2021-03-31,Wholesale/Corporate,11729.4,6.327,742.12,2.847,333.94,0.55,22.09,1.959
NBFC026,Middle Layer,FY22Q2,2021-09-30,Infrastructure,9911.08,5.319,527.17,2.234,221.41,0.58,26.78,2.125
NBFC026,Middle Layer,FY22Q2,2021-09-30,MSME,19822.16,7.331,1453.16,3.079,610.32,0.58,28.92,1.414
NBFC026,Middle Layer,FY22Q2,2021-09-30,Microfinance,14866.62,12.0605,1792.99,5.226,776.93,0.567,27.25,2.091
NBFC026,Middle Layer,FY22Q2,2021-09-30,Retail (Gold),12388.85,2.062,255.46,0.866,107.29,0.58,25.65,1.466
NBFC026,Middle Layer,FY22Q2,2021-09-30,Retail (Housing),17344.39,3.314,574.79,1.392,241.43,0.58,24.51,1.177
NBFC026,Middle Layer,FY22Q2,2021-09-30,Retail (Personal/Unsecured),17344.39,9.674,1677.9,4.063,704.7,0.58,26.01,1.062
NBFC026,Middle Layer,FY22Q2,2021-09-30,Retail (Vehicle),19822.16,5.947,1178.82,2.498,495.16,0.58,28.87,1.566
NBFC026,Middle Layer,FY22Q2,2021-09-30,Wholesale/Corporate,12388.85,6.288,779.01,2.641,327.19,0.58,28.26,1.162
NBFC026,Middle Layer,FY22Q4,2022-03-31,Infrastructure,10440.85,4.887,510.24,1.906,199.0,0.61,28.44,1.123
NBFC026,Middle Layer,FY22Q4,2022-03-31,MSME,20881.69,6.771,1413.9,2.641,551.49,0.61,29.51,1.947
NBFC026,Middle Layer,FY22Q4,2022-03-31,Microfinance,15661.27,10.979,1719.45,4.282,670.62,0.61,26.98,2.244
NBFC026,Middle Layer,FY22Q4,2022-03-31,Retail (Gold),13051.06,1.798,234.66,0.709,92.53,0.606,25.43,2.184
NBFC026,Middle Layer,FY22Q4,2022-03-31,Retail (Personal/Unsecured),18271.48,9.545,1744.01,3.723,680.25,0.61,24.73,1.602
NBFC026,Middle Layer,FY22Q4,2022-03-31,Retail (Vehicle),20881.69,5.581,1165.41,2.177,454.59,0.61,27.59,1.273
NBFC026,Middle Layer,FY23Q2,2022-09-30,Infrastructure,11301.72,4.187,473.2,1.507,170.32,0.64,25.05,2.563
NBFC026,Middle Layer,FY23Q2,2022-09-30,Microfinance,16952.58,9.167,1554.04,3.42,579.78,0.627,27.3,1.586
NBFC026,Middle Layer,FY23Q2,2022-09-30,Retail (Gold),14127.15,1.522,215.02,0.5625,79.47,0.63,27.06,1.811
NBFC026,Middle Layer,FY23Q2,2022-09-30,Retail (Housing),19778.01,2.525,499.39,0.909,179.78,0.64,27.06,2.382
NBFC026,Middle Layer,FY23Q2,2022-09-30,Retail (Personal/Unsecured),19778.01,8.175,1616.85,2.943,582.07,0.64,25.87,2.0785
NBFC026,Middle Layer,FY23Q2,2022-09-30,Retail (Vehicle),22603.44,4.581,1035.46,1.649,372.73,0.64,25.48,2.531
NBFC026,Middle Layer,FY23Q2,2022-09-30,Wholesale/Corporate,14127.15,5.048,713.14,1.817,256.69,0.64,27.29,1.73
NBFC026,Middle Layer,FY23Q4,2023-03-31,Infrastructure,12206.74,3.288,401.36,1.085,132.44,0.67,26.24,2.941
NBFC026,Middle Layer,FY23Q4,2023-03-31,MSME,24413.48,4.426,1080.54,1.461,356.68,0.67,26.1,2.475
NBFC026,Middle Layer,FY23Q4,2023-03-31,Microfinance,18310.11,7.715,1412.62,2.546,466.18,0.67,28.59,2.893
NBFC026,Middle Layer,FY23Q4,2023-03-31,Retail (Gold),15258.43,1.209,184.47,0.399,60.88,0.67,27.3,2.938
NBFC026,Middle Layer,FY23Q4,2023-03-31,Retail (Housing),21361.8,2.024,432.36,0.668,142.7,0.67,27.85,3.082
NBFC026,Middle Layer,FY23Q4,2023-03-31,Retail (Personal/Unsecured),21361.8,6.442,1376.13,2.126,454.15,0.67,25.67,2.455
NBFC026,Middle Layer,FY23Q4,2023-03-31,Retail (Vehicle),24413.48,3.652,891.58,1.205,294.18,0.67,27.33,3.271
NBFC026,Middle Layer,FY23Q4,2023-03-31,Wholesale/Corporate,15258.43,4.137,631.24,1.365,208.28,0.67,29.19,3.441
NBFC026,Middle Layer,FY24Q2,2023-09-30,Infrastructure,13310.42,3.044,405.17,0.913,121.52,0.7,27.43,2.994
NBFC026,Middle Layer,FY24Q2,2023-09-30,MSME,26620.85,4.189,1115.15,1.257,334.62,0.7,28.66,3.542
NBFC026,Middle Layer,FY24Q2,2023-09-30,Microfinance,19965.64,7.017,1400.99,2.071,413.49,0.705,29.52,2.642
NBFC026,Middle Layer,FY24Q2,2023-09-30,Retail (Gold),16638.03,1.118,186.01,0.335,55.74,0.7,24.85,3.36
NBFC026,Middle Layer,FY24Q2,2023-09-30,Retail (Housing),23293.24,1.766,411.36,0.53,123.45,0.7,29.88,2.9
NBFC026,Middle Layer,FY24Q2,2023-09-30,Retail (Personal/Unsecured),23293.24,6.086,1417.63,1.826,425.33,0.7,25.27,3.182
NBFC026,Middle Layer,FY24Q2,2023-09-30,Retail (Vehicle),26620.85,3.457,920.28,1.037,276.06,0.7,26.12,2.724
NBFC026,Middle Layer,FY24Q2,2023-09-30,Wholesale/Corporate,16638.03,3.985,663.03,1.195,198.82,0.7,29.75,2.796
NBFC026,Middle Layer,FY24Q4,2024-03-31,Infrastructure,14833.51,1.957,290.29,0.528,78.32,0.73,28.1,3.394
NBFC026,Middle Layer,FY24Q4,2024-03-31,MSME,29667.02,2.973,882.0,0.803,238.23,0.73,27.71,3.427
NBFC026,Middle Layer,FY24Q4,2024-03-31,Microfinance,22250.26,4.436,987.02,1.198,266.56,0.73,26.12,3.834
NBFC026,Middle Layer,FY24Q4,2024-03-31,Retail (Gold),18541.89,0.782,145.0,0.211,39.12,0.73,24.68,2.725
NBFC026,Middle Layer,FY24Q4,2024-03-31,Retail (Housing),25958.64,1.162,301.64,0.314,81.51,0.73,26.33,3.175
NBFC026,Middle Layer,FY24Q4,2024-03-31,Retail (Personal/Unsecured),25958.64,3.833,994.99,1.035,268.67,0.73,26.83,3.159
NBFC026,Middle Layer,FY24Q4,2024-03-31,Retail (Vehicle),30260.36,2.202,666.33,0.595,180.05,0.73,29.4,3.707
NBFC026,Middle Layer,FY24Q4,2024-03-31,Wholesale/Corporate,18541.89,2.631,487.84,0.71,131.65,0.73,24.77,3.69
NBFC026,Middle Layer,FY25Q2,2024-09-30,Infrastructure,15848.9,2.713,429.98,0.651,103.18,0.76,27.97,3.104
NBFC026,Middle Layer,FY25Q2,2024-09-30,MSME,31697.79,4.027,1276.47,0.966,306.2,0.76,28.04,2.566
NBFC026,Middle Layer,FY25Q2,2024-09-30,Microfinance,23773.35,6.477,1539.8,1.554,369.44,0.76,24.17,2.562
NBFC026,Middle Layer,FY25Q2,2024-09-30,Retail (Gold),19811.12,1.025,203.06,0.246,48.74,0.76,28.87,2.825
NBFC026,Middle Layer,FY25Q2,2024-09-30,Retail (Housing),27735.57,1.641,455.14,0.397,110.11,0.758,23.66,3.543
NBFC026,Middle Layer,FY25Q2,2024-09-30,Retail (Personal/Unsecured),27735.57,5.049,1400.37,1.212,336.16,0.76,28.19,3.134
NBFC026,Middle Layer,FY25Q2,2024-09-30,Retail (Vehicle),31697.79,3.294,1044.13,0.791,250.73,0.76,24.41,2.419
NBFC026,Middle Layer,FY25Q2,2024-09-30,Wholesale/Corporate,19811.12,3.402,673.97,0.816,161.66,0.76,24.19,3.208
NBFC026,Middle Layer,FY25Q4,2025-03-31,Infrastructure,16864.29,2.409,406.26,0.506,85.33,0.79,23.18,3.305
NBFC026,Middle Layer,FY25Q4,2025-03-31,MSME,33728.57,3.478,1173.08,0.73,246.22,0.79,27.1,2.639
NBFC026,Middle Layer,FY25Q4,2025-03-31,Microfinance,25296.43,5.764,1458.09,1.21,306.09,0.79,27.77,3.337
NBFC026,Middle Layer,FY25Q4,2025-03-31,Retail (Gold),21080.36,0.983,207.22,0.206,43.43,0.79,28.48,3.21
NBFC026,Middle Layer,FY25Q4,2025-03-31,Retail (Housing),29512.5,1.532,452.13,0.322,95.03,0.79,27.7,2.606
NBFC026,Middle Layer,FY25Q4,2025-03-31,Retail (Personal/Unsecured),29512.5,4.763,1405.68,1.0,295.12,0.79,22.79,2.333
NBFC026,Middle Layer,FY25Q4,2025-03-31,Retail (Vehicle),33728.57,2.742,924.84,0.576,194.28,0.79,24.65,3.185
NBFC026,Middle Layer,FY25Q4,2025-03-31,Wholesale/Corporate,21080.36,3.015,635.57,0.633,133.44,0.79,23.66,2.496
NBFC027,Middle Layer,FY21Q4,2021-03-31,Infrastructure,8933.4,5.006,447.21,2.253,201.27,0.55,25.78,1.099
NBFC027,Middle Layer,FY21Q4,2021-03-31,Microfinance,13400.11,11.75,1574.51,5.288,708.6,0.55,25.69,1.326
NBFC027,Middle Layer,FY21Q4,2021-03-31,Retail (Gold),11166.76,1.995,222.78,0.898,100.28,0.55,27.24,1.313
NBFC027,Middle Layer,FY21Q4,2021-03-31,Retail (Housing),15633.46,3.201,500.43,1.44,225.12,0.55,24.0,1.726
NBFC027,Middle Layer,FY21Q4,2021-03-31,Retail (Personal/Unsecured),15633.46,9.547,1492.53,4.296,671.61,0.55,24.35,1.53
NBFC027,Middle Layer,FY21Q4,2021-03-31,Retail (Vehicle),17866.81,5.799,1036.1,2.61,466.32,0.55,24.88,0.966
NBFC027,Middle Layer,FY21Q4,2021-03-31,Wholesale/Corporate,11166.76,6.613,738.46,2.976,332.32,0.55,27.4,2.084
NBFC027,Middle Layer,FY22Q2,2021-09-30,Infrastructure,9435.66,4.987,470.56,2.095,197.68,0.58,28.2,1.031
NBFC027,Middle Layer,FY22Q2,2021-09-30,MSME,18871.32,7.223,1363.08,3.034,572.56,0.58,23.92,1.887
NBFC027,Middle Layer,FY22Q2,2021-09-30,Microfinance,14153.49,12.081,1709.88,5.074,718.15,0.58,26.67,1.09
NBFC027,Middle Layer,FY22Q2,2021-09-30,Retail (Gold),11794.57,2.003,236.25,0.841,99.19,0.58,24.13,1.793
NBFC027,Middle Layer,FY22Q2,2021-09-30,Retail (Housing),16512.4,3.055,504.45,1.283,211.85,0.58,27.07,1.723
NBFC027,Middle Layer,FY22Q2,2021-09-30,Retail (Personal/Unsecured),16512.4,10.222,1687.9,4.293,708.88,0.58,28.33,1.954
NBFC027,Middle Layer,FY22Q2,2021-09-30,Retail (Vehicle),18871.32,6.26,1181.34,2.629,496.13,0.58,23.89,1.794
NBFC027,Middle Layer,FY22Q2,2021-09-30,Wholesale/Corporate,11794.57,6.468,762.87,2.717,320.46,0.58,26.25,1.362
NBFC027,Middle Layer,FY22Q4,2022-03-31,Infrastructure,9940.01,4.53,450.28,1.767,175.64,0.61,27.09,1.155
NBFC027,Middle Layer,FY22Q4,2022-03-31,MSME,19880.03,7.037,1398.96,2.744,545.51,0.61,25.59,1.457
NBFC027,Middle Layer,FY22Q4,2022-03-31,Microfinance,14910.02,10.506,1566.45,4.097,610.86,0.61,28.09,1.262
NBFC027,Middle Layer,FY22Q4,2022-03-31,Retail (Gold),12425.02,1.794,222.9,0.7,86.98,0.61,24.69,1.775
NBFC027,Middle Layer,FY22Q4,2022-03-31,Retail (Housing),17395.03,2.976,517.68,1.161,201.96,0.61,25.39,1.366
NBFC027,Middle Layer,FY22Q4,2022-03-31,Retail (Personal/Unsecured),17395.03,8.937,1554.59,3.5665,620.39,0.601,24.55,2.227
NBFC027,Middle Layer,FY22Q4,2022-03-31,Retail (Vehicle),19880.03,5.729,1138.93,2.234,444.12,0.61,24.42,1.235
NBFC027,Middle Layer,FY22Q4,2022-03-31,Wholesale/Corporate,12425.02,5.683,706.11,2.216,275.34,0.61,25.59,1.205
NBFC027,Middle Layer,FY23Q2,2022-09-30,Infrastructure,10759.59,4.049,435.66,1.458,156.87,0.64,28.89,2.631
NBFC027,Middle Layer,FY23Q2,2022-09-30,MSME,21519.19,5.828,1254.14,2.098,451.47,0.64,27.83,2.528
NBFC027,Middle Layer,FY23Q2,2022-09-30,Microfinance,16139.39,9.715,1567.94,3.497,564.39,0.64,27.83,2.396
NBFC027,Middle Layer,FY23Q2,2022-09-30,Retail (Gold),13449.49,1.575,211.83,0.567,76.26,0.64,28.25,1.722
NBFC027,Middle Layer,FY23Q2,2022-09-30,Retail (Housing),18829.29,2.496,469.98,0.899,169.28,0.64,25.58,2.498
NBFC027,Middle Layer,FY23Q2,2022-09-30,Retail (Personal/Unsecured),18829.29,7.858,1479.61,2.829,532.68,0.64,25.92,1.787
NBFC027,Middle Layer,FY23Q2,2022-09-30,Retail (Vehicle),21519.19,4.532,975.25,1.632,351.19,0.64,27.55,1.799
NBFC027,Middle Layer,FY23Q2,2022-09-30,Wholesale/Corporate,13449.49,5.168,695.07,1.86,250.16,0.64,30.01,1.554
NBFC027,Middle Layer,FY23Q4,2023-03-31,Infrastructure,11621.2,3.171,368.51,1.089,126.55,0.657,27.62,2.85
NBFC027,Middle Layer,FY23Q4,2023-03-31,MSME,23242.4,4.751,1104.25,1.568,364.44,0.67,30.36,2.848
NBFC027,Middle Layer,FY23Q4,2023-03-31,Microfinance,17431.8,7.306,1273.57,2.411,420.28,0.67,25.82,2.521
NBFC027,Middle Layer,FY23Q4,2023-03-31,Retail (Gold),14526.5,1.239,179.98,0.409,59.41,0.67,30.03,2.435
NBFC027,Middle Layer,FY23Q4,2023-03-31,Retail (Housing),20337.1,2.005,407.76,0.662,134.63,0.67,28.86,3.082
NBFC027,Middle Layer,FY23Q4,2023-03-31,Retail (Personal/Unsecured),20337.1,6.175,1255.82,2.038,414.47,0.67,29.62,2.75
NBFC027,Middle Layer,FY23Q4,2023-03-31,Retail (Vehicle),23242.4,3.777,877.87,1.246,289.6,0.67,28.59,2.755
NBFC027,Middle Layer,FY23Q4,2023-03-31,Wholesale/Corporate,14526.5,3.917,569.0,1.293,187.83,0.67,27.85,3.421
NBFC027,Middle Layer,FY24Q2,2023-09-30,Infrastructure,12671.94,3.003,380.54,0.901,114.17,0.7,25.09,2.676
NBFC027,Middle Layer,FY24Q2,2023-09-30,Microfinance,19007.91,6.695,1272.58,2.008,381.68,0.7,26.62,2.731
NBFC027,Middle Layer,FY24Q2,2023-09-30,Retail (Gold),15839.93,1.161,183.9,0.348,55.12,0.7,29.47,3.377
NBFC027,Middle Layer,FY24Q2,2023-09-30,Retail (Housing),22175.9,1.778,394.29,0.533,118.2,0.7,24.63,3.61
NBFC027,Middle Layer,FY24Q2,2023-09-30,Retail (Personal/Unsecured),22175.9,5.726,1269.79,1.718,380.98,0.7,28.43,2.872
NBFC027,Middle Layer,FY24Q2,2023-09-30,Retail (Vehicle),25343.88,3.552,900.21,1.066,270.17,0.7,25.85,2.679
NBFC027,Middle Layer,FY24Q2,2023-09-30,Wholesale/Corporate,15839.93,3.712,587.98,1.114,176.46,0.7,26.48,3.126
NBFC027,Middle Layer,FY24Q4,2024-03-31,Infrastructure,14121.97,2.058,290.63,0.556,78.52,0.73,27.6,3.898
NBFC027,Middle Layer,FY24Q4,2024-03-31,MSME,28243.93,2.795,789.42,0.755,213.24,0.73,29.48,2.774
NBFC027,Middle Layer,FY24Q4,2024-03-31,Microfinance,21182.95,4.509,955.14,1.217,257.8,0.73,23.71,3.668
NBFC027,Middle Layer,FY24Q4,2024-03-31,Retail (Gold),17652.46,0.765,135.04,0.207,36.54,0.729,23.94,3.0885
NBFC027,Middle Layer,FY24Q4,2024-03-31,Retail (Housing),24713.44,1.227,303.23,0.331,81.8,0.73,26.98,2.835
NBFC027,Middle Layer,FY24Q4,2024-03-31,Retail (Personal/Unsecured),24713.44,3.923,969.51,1.059,261.72,0.73,26.82,3.741
NBFC027,Middle Layer,FY24Q4,2024-03-31,Retail (Vehicle),28243.93,2.339,660.63,0.632,178.5,0.73,29.5,3.461
NBFC027,Middle Layer,FY24Q4,2024-03-31,Wholesale/Corporate,17652.46,2.459,434.07,0.664,117.21,0.73,25.88,3.325
NBFC027,Middle Layer,FY25Q2,2024-09-30,Infrastructure,15088.65,2.69,405.88,0.646,97.47,0.76,26.17,3.151
NBFC027,Middle Layer,FY25Q2,2024-09-30,MSME,30177.3,3.991,1204.38,0.958,289.1,0.76,26.78,2.844
NBFC027,Middle Layer,FY25Q2,2024-09-30,Microfinance,22632.97,6.526,1477.03,1.566,354.43,0.76,26.65,2.73
NBFC027,Middle Layer,FY25Q2,2024-09-30,Retail (Gold),18860.81,1.056,199.17,0.253,47.72,0.76,25.11,3.133
NBFC027,Middle Layer,FY25Q2,2024-09-30,Retail (Housing),26405.13,1.725,455.49,0.414,109.32,0.76,25.39,3.24
NBFC027,Middle Layer,FY25Q2,2024-09-30,Retail (Personal/Unsecured),26405.13,5.389,1422.97,1.293,341.42,0.76,26.795,3.125
NBFC027,Middle Layer,FY25Q2,2024-09-30,Retail (Vehicle),30177.3,3.193,963.56,0.766,231.16,0.76,27.93,3.575
NBFC027,Middle Layer,FY25Q2,2024-09-30,Wholesale/Corporate,18860.81,3.332,628.44,0.8,150.89,0.76,23.7,2.563
NBFC027,Middle Layer,FY25Q4,2025-03-31,Infrastructure,16055.33,2.419,388.38,0.508,81.56,0.79,23.49,3.121
NBFC027,Middle Layer,FY25Q4,2025-03-31,MSME,32110.66,3.572,1146.99,0.75,240.83,0.79,25.73,3.016
NBFC027,Middle Layer,FY25Q4,2025-03-31,Microfinance,24082.99,5.739,1382.12,1.205,290.2,0.79,28.61,3.01
NBFC027,Middle Layer,FY25Q4,2025-03-31,Retail (Gold),20069.16,0.926,185.84,0.194,38.93,0.791,28.15,2.904
NBFC027,Middle Layer,FY25Q4,2025-03-31,Retail (Housing),28096.83,1.438,404.03,0.302,84.85,0.79,23.87,2.504
NBFC027,Middle Layer,FY25Q4,2025-03-31,Retail (Personal/Unsecured),28096.83,4.911,1379.84,1.031,289.68,0.79,25.94,2.504
NBFC027,Middle Layer,FY25Q4,2025-03-31,Retail (Vehicle),32110.66,2.87,921.58,0.63,202.3,0.78,27.89,2.648
NBFC027,Middle Layer,FY25Q4,2025-03-31,Wholesale/Corporate,20069.16,3.049,611.91,0.654,131.25,0.786,26.34,2.744
NBFC028,Middle Layer,FY21Q4,2021-03-31,Infrastructure,13102.93,5.051,661.83,2.182,285.91,0.568,27.79,1.473
NBFC028,Middle Layer,FY21Q4,2021-03-31,MSME,26205.86,7.227,1893.9,3.252,852.21,0.55,24.9,2.09
NBFC028,Middle Layer,FY21Q4,2021-03-31,Microfinance,19654.4,12.033,2365.01,5.415,1064.29,0.55,24.07,1.434
NBFC028,Middle Layer,FY21Q4,2021-03-31,Retail (Gold),16378.67,2.026,331.83,0.912,149.37,0.55,24.89,1.4355
NBFC028,Middle Layer,FY21Q4,2021-03-31,Retail (Housing),22930.13,3.168,726.43,1.426,326.98,0.55,24.2,2.04
NBFC028,Middle Layer,FY21Q4,2021-03-31,Retail (Personal/Unsecured),22930.13,10.177,2333.6,4.58,1050.2,0.55,25.21,1.979
NBFC028,Middle Layer,FY21Q4,2021-03-31,Retail (Vehicle),26205.86,5.675,1487.18,2.554,669.3,0.55,27.17,1.399
NBFC028,Middle Layer,FY21Q4,2021-03-31,Wholesale/Corporate,16378.67,6.489,1062.81,2.92,478.26,0.55,27.28,1.21
NBFC028,Middle Layer,FY22Q2,2021-09-30,Infrastructure,13839.61,5.06,700.28,2.125,294.09,0.58,27.18,1.244
NBFC028,Middle Layer,FY22Q2,2021-09-30,MSME,27679.21,7.538,2086.46,3.166,876.32,0.58,23.55,1.338
NBFC028,Middle Layer,FY22Q2,2021-09-30,Microfinance,20759.41,11.898,2469.95,4.997,1037.35,0.58,28.29,1.508
NBFC028,Middle Layer,FY22Q2,2021-09-30,Retail (Gold),17299.51,1.937,335.09,0.814,140.82,0.58,28.54,2.117
NBFC028,Middle Layer,FY22Q2,2021-09-30,Retail (Housing),24219.31,3.072,744.02,1.29,312.43,0.58,23.59,1.684
NBFC028,Middle Layer,FY22Q2,2021-09-30,Retail (Personal/Unsecured),24219.31,10.024,2427.74,4.21,1019.63,0.58,26.18,2.034
NBFC028,Middle Layer,FY22Q2,2021-09-30,Retail (Vehicle),27679.21,5.766,1595.98,2.422,670.39,0.58,26.01,2.017
NBFC028,Middle Layer,FY22Q2,2021-09-30,Wholesale/Corporate,17299.51,6.302,1090.22,2.647,457.92,0.58,25.35,1.051
NBFC028,Middle Layer,FY22Q4,2022-03-31,Infrastructure,14579.36,4.677,681.88,1.824,265.93,0.61,25.42,2.222
NBFC028,Middle Layer,FY22Q4,2022-03-31,MSME,29158.73,6.48,1889.49,2.527,736.84,0.61,26.43,1.633
NBFC028,Middle Layer,FY22Q4,2022-03-31,Microfinance,21869.04,10.414,2277.44,4.061,888.1,0.61,25.44,1.615
NBFC028,Middle Layer,FY22Q4,2022-03-31,Retail (Gold),18224.2,1.818,331.32,0.721,131.4,0.603,24.54,1.713
NBFC028,Middle Layer,FY22Q4,2022-03-31,Retail (Housing),25513.88,2.886,736.33,1.126,287.29,0.61,27.25,1.791
NBFC028,Middle Layer,FY22Q4,2022-03-31,Retail (Personal/Unsecured),25513.88,9.307,2374.58,3.63,926.15,0.61,28.36,1.157
NBFC028,Middle Layer,FY22Q4,2022-03-31,Retail (Vehicle),29158.73,5.67,1653.3,2.211,644.7,0.61,29.61,1.617
NBFC028,Middle Layer,FY22Q4,2022-03-31,Wholesale/Corporate,18224.2,5.708,1040.24,2.226,405.67,0.61,26.64,1.493
NBFC028,Middle Layer,FY23Q2,2022-09-30,Infrastructure,15781.47,4.164,657.14,1.499,236.56,0.64,29.16,1.695
NBFC028,Middle Layer,FY23Q2,2022-09-30,MSME,31562.93,5.702,1799.72,2.053,647.99,0.64,28.96,2.225
NBFC028,Middle Layer,FY23Q2,2022-09-30,Microfinance,23672.2,9.227,2184.23,3.322,786.39,0.64,29.12,1.77
NBFC028,Middle Layer,FY23Q2,2022-09-30,Retail (Gold),19726.83,1.522,300.24,0.548,108.1,0.64,25.98,1.898
NBFC028,Middle Layer,FY23Q2,2022-09-30,Retail (Housing),27617.57,2.452,677.18,0.883,243.86,0.64,27.41,2.233
NBFC028,Middle Layer,FY23Q2,2022-09-30,Retail (Personal/Unsecured),27617.57,7.714,2130.42,2.777,766.94,0.64,27.665,2.389
NBFC028,Middle Layer,FY23Q2,2022-09-30,Retail (Vehicle),31562.93,4.703,1484.4,1.693,534.36,0.64,29.96,1.896
NBFC028,Middle Layer,FY23Q2,2022-09-30,Wholesale/Corporate,19726.83,4.975,981.41,1.791,353.31,0.64,29.4,1.681
NBFC028,Middle Layer,FY23Q4,2023-03-31,Infrastructure,17045.22,3.092,527.04,1.02,173.86,0.67,27.945,2.395
NBFC028,Middle Layer,FY23Q4,2023-03-31,MSME,34090.43,4.483,1528.27,1.479,504.2,0.67,26.59,2.836
NBFC028,Middle Layer,FY23Q4,2023-03-31,Retail (Gold),21306.52,1.195,254.61,0.394,83.95,0.67,27.84,2.35
NBFC028,Middle Layer,FY23Q4,2023-03-31,Retail (Housing),29829.13,1.896,565.56,0.626,186.73,0.67,26.82,3.36
NBFC028,Middle Layer,FY23Q4,2023-03-31,Retail (Personal/Unsecured),29829.13,5.984,1784.98,2.026,604.34,0.661,24.7,2.715
NBFC028,Middle Layer,FY23Q4,2023-03-31,Wholesale/Corporate,21306.52,3.892,829.25,1.284,273.58,0.67,28.89,2.728
NBFC028,Middle Layer,FY24Q2,2023-09-30,MSME,37172.75,4.366,1622.96,1.31,486.96,0.7,26.44,3.593
NBFC028,Middle Layer,FY24Q2,2023-09-30,Microfinance,27879.56,6.817,1900.55,2.045,570.14,0.7,25.13,3.124
NBFC028,Middle Layer,FY24Q2,2023-09-30,Retail (Gold),23232.97,1.21,281.12,0.363,84.34,0.7,26.5,3.323
NBFC028,Middle Layer,FY24Q2,2023-09-30,Retail (Housing),32526.16,1.932,628.41,0.58,188.65,0.7,29.67,3.24
NBFC028,Middle Layer,FY24Q2,2023-09-30,Retail (Personal/Unsecured),32526.16,5.718,1859.85,1.715,557.82,0.7,24.97,2.629
NBFC028,Middle Layer,FY24Q2,2023-09-30,Retail (Vehicle),37172.75,3.653,1357.92,1.096,407.41,0.7,28.01,3.302
NBFC028,Middle Layer,FY24Q2,2023-09-30,Wholesale/Corporate,23232.97,3.998,928.85,1.199,278.56,0.7,28.83,2.606
NBFC028,Middle Layer,FY24Q4,2024-03-31,Infrastructure,20713.17,1.932,400.18,0.522,108.12,0.73,28.93,2.786
NBFC028,Middle Layer,FY24Q4,2024-03-31,MSME,41426.35,2.781,1152.07,0.751,311.11,0.73,28.74,3.465
NBFC028,Middle Layer,FY24Q4,2024-03-31,Microfinance,31069.76,4.817,1496.63,1.301,404.22,0.73,24.16,3.127
NBFC028,Middle Layer,FY24Q4,2024-03-31,Retail (Gold),25891.47,0.758,196.26,0.205,53.08,0.73,27.8,3.832
NBFC028,Middle Layer,FY24Q4,2024-03-31,Retail (Housing),36248.06,1.208,437.88,0.335,121.43,0.723,28.36,3.217
NBFC028,Middle Layer,FY24Q4,2024-03-31,Retail (Personal/Unsecured),36248.06,3.805,1379.24,1.027,372.27,0.73,25.01,3.775
NBFC028,Middle Layer,FY24Q4,2024-03-31,Retail (Vehicle),41426.35,2.287,947.42,0.617,255.6,0.73,28.4,3.047
NBFC028,Middle Layer,FY24Q4,2024-03-31,Wholesale/Corporate,25891.47,2.632,681.46,0.711,184.09,0.73,25.67,3.651
NBFC028,Middle Layer,FY25Q2,2024-09-30,Infrastructure,22131.04,2.782,615.69,0.668,147.84,0.76,26.99,2.878
NBFC028,Middle Layer,FY25Q2,2024-09-30,Microfinance,33196.56,6.043,2006.07,1.45,481.35,0.76,24.21,2.848
NBFC028,Middle Layer,FY25Q2,2024-09-30,Retail (Gold),27663.8,1.096,303.2,0.263,72.76,0.76,24.69,2.443
NBFC028,Middle Layer,FY25Q2,2024-09-30,Retail (Housing),38729.32,1.701,658.79,0.408,158.02,0.76,25.0,2.602
NBFC028,Middle Layer,FY25Q2,2024-09-30,Retail (Personal/Unsecured),38729.32,5.056,1958.15,1.213,469.79,0.76,26.95,2.942
NBFC028,Middle Layer,FY25Q2,2024-09-30,Retail (Vehicle),44262.08,3.205,1418.6,0.769,340.38,0.76,27.87,2.763
NBFC028,Middle Layer,FY25Q2,2024-09-30,Wholesale/Corporate,27663.8,3.297,912.08,0.791,218.82,0.76,27.84,2.488
NBFC028,Middle Layer,FY25Q4,2025-03-31,Infrastructure,23548.91,2.39,562.82,0.502,118.22,0.79,26.2,2.406
NBFC028,Middle Layer,FY25Q4,2025-03-31,MSME,47097.81,3.729,1756.28,0.783,368.78,0.79,26.57,2.869
NBFC028,Middle Layer,FY25Q4,2025-03-31,Microfinance,35323.36,5.648,1995.06,1.186,418.94,0.79,28.48,2.533
NBFC028,Middle Layer,FY25Q4,2025-03-31,Retail (Gold),29436.13,0.941,276.99,0.198,58.28,0.79,27.61,2.784
NBFC028,Middle Layer,FY25Q4,2025-03-31,Retail (Housing),41210.59,1.453,598.79,0.305,125.69,0.79,23.13,2.501
NBFC028,Middle Layer,FY25Q4,2025-03-31,Retail (Personal/Unsecured),41210.59,4.924,2029.21,1.034,426.12,0.79,28.09,2.834
NBFC028,Middle Layer,FY25Q4,2025-03-31,Retail (Vehicle),47097.81,2.968,1397.86,0.623,293.42,0.79,25.37,2.713
NBFC028,Middle Layer,FY25Q4,2025-03-31,Wholesale/Corporate,29436.13,3.165,931.65,0.665,195.75,0.79,23.87,2.702
NBFC029,Middle Layer,FY21Q4,2021-03-31,Infrastructure,10440.67,4.879,509.4,2.196,229.28,0.55,27.32,1.137
NBFC029,Middle Layer,FY21Q4,2021-03-31,MSME,20881.33,7.612,1589.49,3.425,715.19,0.55,26.78,1.948
NBFC029,Middle Layer,FY21Q4,2021-03-31,Microfinance,15661.0,12.121,1898.27,5.454,854.15,0.55,27.09,1.335
NBFC029,Middle Layer,FY21Q4,2021-03-31,Retail (Gold),13050.83,1.925,251.23,0.866,113.02,0.55,27.69,1.032
NBFC029,Middle Layer,FY21Q4,2021-03-31,Retail (Housing),18271.17,3.002,548.5,1.351,246.84,0.55,26.1,0.986
NBFC029,Middle Layer,FY21Q4,2021-03-31,Retail (Personal/Unsecured),18271.17,9.891,1807.2,4.451,813.25,0.55,24.17,1.719
NBFC029,Middle Layer,FY21Q4,2021-03-31,Retail (Vehicle),20881.33,6.066,1266.66,2.73,570.06,0.55,23.89,1.111
NBFC029,Middle Layer,FY21Q4,2021-03-31,Wholesale/Corporate,13050.83,6.272,818.55,2.822,368.29,0.55,22.51,2.021
NBFC029,Middle Layer,FY22Q2,2021-09-30,Infrastructure,11027.66,5.374,592.63,2.257,248.89,0.58,26.905,1.5
NBFC029,Middle Layer,FY22Q2,2021-09-30,MSME,22055.32,7.403,1632.76,3.109,685.7,0.58,28.26,1.767
NBFC029,Middle Layer,FY22Q2,2021-09-30,Microfinance,16541.49,12.379,2047.67,5.199,859.99,0.58,24.1,1.997
NBFC029,Middle Layer,FY22Q2,2021-09-30,Retail (Gold),13784.58,1.963,270.59,0.824,113.58,0.58,28.05,1.057
NBFC029,Middle Layer,FY22Q2,2021-09-30,Retail (Housing),19298.41,3.242,625.65,1.362,262.84,0.58,26.85,1.967
NBFC029,Middle Layer,FY22Q2,2021-09-30,Retail (Personal/Unsecured),19298.41,9.963,1922.7,4.184,807.45,0.58,28.64,1.59
NBFC029,Middle Layer,FY22Q2,2021-09-30,Retail (Vehicle),22055.32,5.934,1308.76,2.492,549.62,0.58,26.32,1.86
NBFC029,Middle Layer,FY22Q2,2021-09-30,Wholesale/Corporate,13784.58,6.887,949.34,2.893,398.79,0.58,26.25,2.139
NBFC029,Middle Layer,FY22Q4,2022-03-31,Infrastructure,11617.11,4.863,564.94,1.897,220.38,0.61,26.16,1.51
NBFC029,Middle Layer,FY22Q4,2022-03-31,Microfinance,17425.67,10.418,1815.41,4.063,708.0,0.61,24.94,2.291
NBFC029,Middle Layer,FY22Q4,2022-03-31,Retail (Gold),14521.39,1.848,268.36,0.721,104.7,0.61,24.65,2.034
NBFC029,Middle Layer,FY22Q4,2022-03-31,Retail (Housing),20329.95,2.926,594.85,1.141,231.96,0.61,25.62,1.685
NBFC029,Middle Layer,FY22Q4,2022-03-31,Retail (Personal/Unsecured),20329.95,9.201,1870.56,3.588,729.44,0.61,29.46,1.825
NBFC029,Middle Layer,FY22Q4,2022-03-31,Retail (Vehicle),23234.23,5.463,1269.29,2.129,494.66,0.61,26.4,1.86
NBFC029,Middle Layer,FY22Q4,2022-03-31,Wholesale/Corporate,14521.39,5.751,835.13,2.243,325.71,0.61,24.41,1.604
NBFC029,Middle Layer,FY23Q2,2022-09-30,Infrastructure,12574.97,4.12,518.09,1.483,186.49,0.64,29.01,1.95
NBFC029,Middle Layer,FY23Q2,2022-09-30,MSME,25149.95,5.851,1471.52,2.106,529.66,0.64,28.31,2.643
NBFC029,Middle Layer,FY23Q2,2022-09-30,Microfinance,18862.46,9.33,1759.87,3.359,633.59,0.64,29.42,2.308
NBFC029,Middle Layer,FY23Q2,2022-09-30,Retail (Gold),15718.72,1.545,242.85,0.556,87.4,0.64,28.34,2.181
NBFC029,Middle Layer,FY23Q2,2022-09-30,Retail (Housing),22006.2,2.481,545.97,0.893,196.52,0.64,29.78,2.253
NBFC029,Middle Layer,FY23Q2,2022-09-30,Retail (Personal/Unsecured),22006.2,7.828,1722.65,2.761,607.59,0.647,28.19,1.951
NBFC029,Middle Layer,FY23Q2,2022-09-30,Retail (Vehicle),25149.95,4.586,1153.38,1.651,415.23,0.64,27.79,2.457
NBFC029,Middle Layer,FY23Q2,2022-09-30,Wholesale/Corporate,15718.72,5.419,851.8,1.951,306.67,0.64,29.98,1.557
NBFC029,Middle Layer,FY23Q4,2023-03-31,Infrastructure,13581.95,3.108,422.13,1.026,139.35,0.67,27.52,2.719
NBFC029,Middle Layer,FY23Q4,2023-03-31,MSME,27163.91,4.377,1188.96,1.444,392.25,0.67,28.77,3.039
NBFC029,Middle Layer,FY23Q4,2023-03-31,Microfinance,20372.93,7.481,1524.1,2.469,503.01,0.67,28.79,3.209
NBFC029,Middle Layer,FY23Q4,2023-03-31,Retail (Gold),16977.44,1.175,199.48,0.388,65.87,0.67,27.88,2.585
NBFC029,Middle Layer,FY23Q4,2023-03-31,Retail (Housing),23768.42,1.992,473.47,0.657,156.16,0.67,24.95,3.447
NBFC029,Middle Layer,FY23Q4,2023-03-31,Retail (Personal/Unsecured),23768.42,6.16,1464.13,2.033,483.21,0.67,26.63,2.408
NBFC029,Middle Layer,FY23Q4,2023-03-31,Retail (Vehicle),27163.91,3.637,987.95,1.2,325.97,0.67,28.21,2.964
NBFC029,Middle Layer,FY23Q4,2023-03-31,Wholesale/Corporate,16977.44,4.077,692.17,1.393,236.5,0.658,28.89,2.769
NBFC029,Middle Layer,FY24Q2,2023-09-30,Infrastructure,14809.98,2.886,427.42,0.866,128.25,0.7,28.98,2.714
NBFC029,Middle Layer,FY24Q2,2023-09-30,MSME,29619.96,4.363,1292.32,1.309,387.73,0.7,28.6,3.075
NBFC029,Middle Layer,FY24Q2,2023-09-30,Microfinance,22214.97,6.77,1503.95,2.031,451.19,0.7,28.16,2.867
NBFC029,Middle Layer,FY24Q2,2023-09-30,Retail (Gold),18512.47,1.154,213.63,0.346,64.05,0.7,28.69,3.62
NBFC029,Middle Layer,FY24Q2,2023-09-30,Retail (Housing),25917.46,1.918,497.1,0.575,149.03,0.7,29.85,3.501
NBFC029,Middle Layer,FY24Q2,2023-09-30,Retail (Personal/Unsecured),25917.46,5.913,1532.5,1.774,459.78,0.7,28.62,3.053
NBFC029,Middle Layer,FY24Q2,2023-09-30,Retail (Vehicle),29619.96,3.682,1090.61,1.105,327.3,0.7,28.77,2.57
NBFC029,Middle Layer,FY24Q2,2023-09-30,Wholesale/Corporate,18512.47,3.703,685.52,1.111,205.67,0.7,30.46,3.024
NBFC029,Middle Layer,FY24Q4,2024-03-31,Infrastructure,16504.65,2.052,338.68,0.554,91.44,0.73,27.03,2.967
NBFC029,Middle Layer,FY24Q4,2024-03-31,MSME,33009.3,2.957,976.09,0.798,263.41,0.73,27.86,3.867
NBFC029,Middle Layer,FY24Q4,2024-03-31,Microfinance,24756.98,4.858,1202.69,1.312,324.81,0.73,26.79,2.873
NBFC029,Middle Layer,FY24Q4,2024-03-31,Retail (Gold),20630.81,0.801,165.25,0.216,44.56,0.73,25.26,3.08
NBFC029,Middle Layer,FY24Q4,2024-03-31,Retail (Housing),28883.14,1.191,344.0,0.322,93.0,0.73,26.02,3.56
NBFC029,Middle Layer,FY24Q4,2024-03-31,Retail (Personal/Unsecured),28883.14,3.787,1093.8,1.022,295.19,0.73,29.23,2.883
NBFC029,Middle Layer,FY24Q4,2024-03-31,Retail (Vehicle),33009.3,2.262,746.67,0.611,201.69,0.73,25.92,2.79
NBFC029,Middle Layer,FY24Q4,2024-03-31,Wholesale/Corporate,20630.81,2.465,508.55,0.666,137.4,0.73,24.14,3.264
NBFC029,Middle Layer,FY25Q2,2024-09-30,Infrastructure,17634.43,2.64,465.55,0.634,111.8,0.76,26.12,3.535
NBFC029,Middle Layer,FY25Q2,2024-09-30,MSME,35268.87,4.001,1411.11,0.96,338.58,0.76,26.23,2.842
NBFC029,Middle Layer,FY25Q2,2024-09-30,Microfinance,26980.68,6.023,1625.05,1.446,390.14,0.76,25.59,3.347
NBFC029,Middle Layer,FY25Q2,2024-09-30,Retail (Gold),22043.04,1.1,242.47,0.264,58.19,0.76,24.61,2.426
NBFC029,Middle Layer,FY25Q2,2024-09-30,Retail (Housing),30860.26,1.608,496.23,0.386,119.12,0.76,25.67,2.447
NBFC029,Middle Layer,FY25Q2,2024-09-30,Retail (Personal/Unsecured),30860.26,5.166,1594.24,1.24,382.67,0.76,24.61,2.427
NBFC029,Middle Layer,FY25Q2,2024-09-30,Retail (Vehicle),35268.87,3.179,1121.2,0.763,269.1,0.76,25.14,3.433
NBFC029,Middle Layer,FY25Q2,2024-09-30,Wholesale/Corporate,22043.04,3.415,752.77,0.82,180.75,0.76,28.1,2.78
NBFC029,Middle Layer,FY25Q4,2025-03-31,Infrastructure,18764.22,2.359,442.65,0.51,95.7,0.784,23.37,2.625
NBFC029,Middle Layer,FY25Q4,2025-03-31,MSME,37528.43,3.672,1378.04,0.7464999999999999,280.15,0.797,24.76,2.321
NBFC029,Middle Layer,FY25Q4,2025-03-31,Microfinance,28146.33,5.79,1629.67,1.216,342.26,0.79,27.75,2.728
NBFC029,Middle Layer,FY25Q4,2025-03-31,Retail (Gold),23455.27,0.987,231.5,0.207,48.55,0.79,26.71,3.13
NBFC029,Middle Layer,FY25Q4,2025-03-31,Retail (Housing),32837.38,1.51,495.84,0.317,104.09,0.79,27.11,2.84
NBFC029,Middle Layer,FY25Q4,2025-03-31,Retail (Personal/Unsecured),32837.38,4.585,1505.59,0.963,316.22,0.79,26.87,2.237
NBFC029,Middle Layer,FY25Q4,2025-03-31,Retail (Vehicle),37528.43,2.893,1085.7,0.603,226.3,0.792,28.48,2.59
NBFC029,Middle Layer,FY25Q4,2025-03-31,Wholesale/Corporate,23455.27,3.171,743.77,0.666,156.21,0.79,28.65,3.083
NBFC030,Middle Layer,FY21Q4,2021-03-31,Infrastructure,9376.39,5.209,488.42,2.344,219.78,0.55,26.25,0.985
NBFC030,Middle Layer,FY21Q4,2021-03-31,Microfinance,14064.58,12.346,1736.41,5.556,781.43,0.55,22.54,1.398
NBFC030,Middle Layer,FY21Q4,2021-03-31,Retail (Gold),11720.49,2.015,236.17,0.907,106.3,0.55,23.45,1.308
NBFC030,Middle Layer,FY21Q4,2021-03-31,Retail (Housing),16408.68,3.142,515.56,1.414,232.02,0.55,27.89,1.224
NBFC030,Middle Layer,FY21Q4,2021-03-31,Retail (Personal/Unsecured),16408.68,10.345,1697.48,4.655,763.82,0.55,25.8,1.215
NBFC030,Middle Layer,FY21Q4,2021-03-31,Retail (Vehicle),18752.78,6.091,1142.23,2.741,514.01,0.55,27.54,1.128
NBFC030,Middle Layer,FY21Q4,2021-03-31,Wholesale/Corporate,11720.49,6.409,751.17,2.884,338.02,0.55,26.47,1.193
NBFC030,Middle Layer,FY22Q2,2021-09-30,Infrastructure,9903.55,5.399,534.69,2.268,224.61,0.58,28.71,1.093
NBFC030,Middle Layer,FY22Q2,2021-09-30,MSME,19807.1,7.489,1483.35,3.171,628.08,0.577,27.84,1.596
NBFC030,Middle Layer,FY22Q2,2021-09-30,Microfinance,14855.32,11.996,1782.04,5.038,748.41,0.58,25.43,1.471
NBFC030,Middle Layer,FY22Q2,2021-09-30,Retail (Gold),12379.44,1.962,242.88,0.824,102.01,0.58,27.73,1.597
NBFC030,Middle Layer,FY22Q2,2021-09-30,Retail (Housing),17331.21,3.236,560.84,1.359,235.53,0.58,24.81,1.375
NBFC030,Middle Layer,FY22Q2,2021-09-30,Retail (Personal/Unsecured),17331.21,9.697,1680.61,4.073,705.9,0.58,26.46,1.416
NBFC030,Middle Layer,FY22Q2,2021-09-30,Retail (Vehicle),19807.1,5.921,1172.78,2.487,492.6,0.58,24.91,1.507
NBFC030,Middle Layer,FY22Q2,2021-09-30,Wholesale/Corporate,12379.44,6.376,789.31,2.678,331.52,0.58,26.95,1.724
NBFC030,Middle Layer,FY22Q4,2022-03-31,Infrastructure,10432.91,4.779,498.59,1.864,194.47,0.61,28.17,2.041
NBFC030,Middle Layer,FY22Q4,2022-03-31,MSME,20865.83,6.788,1416.37,2.647,552.32,0.61,27.76,1.784
NBFC030,Middle Layer,FY22Q4,2022-03-31,Microfinance,15649.37,10.815,1692.48,4.218,660.09,0.61,25.91,2.232
NBFC030,Middle Layer,FY22Q4,2022-03-31,Retail (Gold),13041.14,1.899,247.65,0.741,96.63,0.61,27.2,2.212
NBFC030,Middle Layer,FY22Q4,2022-03-31,Retail (Housing),18257.6,2.73,498.43,1.065,194.44,0.61,26.14,1.542
NBFC030,Middle Layer,FY22Q4,2022-03-31,Retail (Personal/Unsecured),18257.6,8.796,1605.94,3.43,626.24,0.61,26.92,1.629
NBFC030,Middle Layer,FY22Q4,2022-03-31,Retail (Vehicle),20865.83,5.475,1142.4,2.135,445.49,0.61,25.07,2.127
NBFC030,Middle Layer,FY22Q4,2022-03-31,Wholesale/Corporate,13041.14,6.238,813.51,2.433,317.29,0.61,25.29,1.634
NBFC030,Middle Layer,FY23Q2,2022-09-30,Infrastructure,11293.13,3.875,437.61,1.395,157.54,0.64,30.09,1.939
NBFC030,Middle Layer,FY23Q2,2022-09-30,MSME,22586.27,6.114,1380.92,2.201,497.12,0.64,30.24,2.216
NBFC030,Middle Layer,FY23Q2,2022-09-30,Microfinance,16939.7,9.203,1558.96,3.313,561.21,0.64,29.64,1.745
NBFC030,Middle Layer,FY23Q2,2022-09-30,Retail (Gold),14116.42,1.567,221.2,0.564,79.62,0.64,26.19,1.857
NBFC030,Middle Layer,FY23Q2,2022-09-30,Retail (Housing),19762.98,2.458,485.77,0.885,174.9,0.64,28.91,2.437
NBFC030,Middle Layer,FY23Q2,2022-09-30,Retail (Personal/Unsecured),19762.98,7.808,1543.09,2.811,555.54,0.64,27.32,2.405
NBFC030,Middle Layer,FY23Q2,2022-09-30,Retail (Vehicle),22586.27,4.891,1104.69,1.761,397.74,0.64,26.77,1.809
NBFC030,Middle Layer,FY23Q2,2022-09-30,Wholesale/Corporate,14116.42,5.022,708.93,1.808,255.22,0.64,28.95,2.139
NBFC030,Middle Layer,FY23Q4,2023-03-31,Infrastructure,12197.47,3.167,386.29,1.045,127.46,0.67,30.1,2.89
NBFC030,Middle Layer,FY23Q4,2023-03-31,MSME,24394.93,4.433,1081.43,1.463,356.9,0.67,26.93,2.802
NBFC030,Middle Layer,FY23Q4,2023-03-31,Retail (Gold),15246.83,1.193,181.89,0.394,60.07,0.67,30.32,3.339
NBFC030,Middle Layer,FY23Q4,2023-03-31,Retail (Housing),21345.56,2.007,428.41,0.662,141.31,0.67,29.4,3.096
NBFC030,Middle Layer,FY23Q4,2023-03-31,Retail (Personal/Unsecured),21345.56,6.333,1351.81,2.09,446.12,0.67,29.9,2.66
NBFC030,Middle Layer,FY23Q4,2023-03-31,Retail (Vehicle),24394.93,3.885,947.74,1.282,312.74,0.67,25.36,2.694
NBFC030,Middle Layer,FY23Q4,2023-03-31,Wholesale/Corporate,15246.83,4.077,621.61,1.395,212.69,0.658,27.87,2.608
NBFC030,Middle Layer,FY24Q2,2023-09-30,Infrastructure,13300.31,3.062,407.26,0.919,122.23,0.7,28.0,3.124
NBFC030,Middle Layer,FY24Q2,2023-09-30,MSME,26600.62,4.186,1113.5,1.256,334.1,0.7,27.03,3.187
NBFC030,Middle Layer,FY24Q2,2023-09-30,Microfinance,19950.47,6.737,1344.06,2.021,403.2,0.7,30.16,3.251
NBFC030,Middle Layer,FY24Q2,2023-09-30,Retail (Gold),16625.39,1.15,191.19,0.345,57.36,0.7,25.35,2.626
NBFC030,Middle Layer,FY24Q2,2023-09-30,Retail (Housing),23275.54,1.806,420.36,0.542,126.15,0.7,28.46,3.14
NBFC030,Middle Layer,FY24Q2,2023-09-30,Retail (Personal/Unsecured),23275.54,5.983,1392.58,1.795,417.8,0.7,25.84,3.669
NBFC030,Middle Layer,FY24Q2,2023-09-30,Retail (Vehicle),26600.62,3.384,900.16,1.015,270.0,0.7,25.68,3.066
NBFC030,Middle Layer,FY24Q2,2023-09-30,Wholesale/Corporate,16625.39,3.919,651.55,1.176,195.51,0.7,25.87,2.559
NBFC030,Middle Layer,FY24Q4,2024-03-31,Infrastructure,14822.24,1.911,283.25,0.516,76.48,0.73,28.03,2.85
NBFC030,Middle Layer,FY24Q4,2024-03-31,MSME,29644.47,2.874,851.98,0.754,223.52,0.738,29.0,3.127
NBFC030,Middle Layer,FY24Q4,2024-03-31,Microfinance,22233.36,4.492,998.72,1.213,269.69,0.73,29.57,3.557
NBFC030,Middle Layer,FY24Q4,2024-03-31,Retail (Gold),18527.8,0.796,147.48,0.215,39.83,0.73,26.58,3.0885
NBFC030,Middle Layer,FY24Q4,2024-03-31,Retail (Housing),25938.91,1.243,322.42,0.336,87.15,0.73,24.49,3.288
NBFC030,Middle Layer,FY24Q4,2024-03-31,Retail (Personal/Unsecured),25938.91,3.75,972.71,1.013,262.76,0.73,27.37,2.999
NBFC030,Middle Layer,FY24Q4,2024-03-31,Retail (Vehicle),29644.47,2.248,666.41,0.607,179.94,0.73,24.03,2.887
NBFC030,Middle Layer,FY24Q4,2024-03-31,Wholesale/Corporate,18527.8,2.514,465.79,0.679,125.8,0.73,25.9,3.675
NBFC030,Middle Layer,FY25Q2,2024-09-30,Infrastructure,15836.85,2.739,433.77,0.657,104.05,0.76,26.145000000000003,2.473
NBFC030,Middle Layer,FY25Q2,2024-09-30,MSME,31673.71,3.813,1207.72,0.915,289.81,0.76,26.35,3.217
NBFC030,Middle Layer,FY25Q2,2024-09-30,Microfinance,23755.28,6.336,1505.13,1.521,361.32,0.76,23.48,2.851
NBFC030,Middle Layer,FY25Q2,2024-09-30,Retail (Gold),19796.07,1.009,199.74,0.242,47.91,0.76,23.32,3.537
NBFC030,Middle Layer,FY25Q2,2024-09-30,Retail (Housing),27714.49,1.619,448.7,0.389,107.81,0.76,24.84,3.239
NBFC030,Middle Layer,FY25Q2,2024-09-30,Retail (Personal/Unsecured),27714.49,5.111,1416.49,1.227,340.06,0.76,28.58,3.496
NBFC030,Middle Layer,FY25Q2,2024-09-30,Retail (Vehicle),31673.71,3.027,958.76,0.726,229.95,0.76,23.77,2.8885
NBFC030,Middle Layer,FY25Q2,2024-09-30,Wholesale/Corporate,19796.07,3.581,708.9,0.859,170.05,0.76,24.32,3.086
NBFC030,Middle Layer,FY25Q4,2025-03-31,Infrastructure,16851.47,2.509,422.8,0.527,88.81,0.79,26.45,2.593
NBFC030,Middle Layer,FY25Q4,2025-03-31,Microfinance,25277.21,5.881,1486.55,1.235,312.17,0.79,24.56,2.648
NBFC030,Middle Layer,FY25Q4,2025-03-31,Retail (Gold),21064.34,0.964,203.06,0.202,42.55,0.79,25.65,3.177
NBFC030,Middle Layer,FY25Q4,2025-03-31,Retail (Personal/Unsecured),29490.08,4.863,1434.1,1.021,301.09,0.79,22.94,2.608
NBFC030,Middle Layer,FY25Q4,2025-03-31,Retail (Vehicle),33702.94,2.865,965.59,0.602,202.89,0.79,22.89,2.962
NBFC030,Middle Layer,FY25Q4,2025-03-31,Wholesale/Corporate,21064.34,3.314,698.07,0.696,146.61,0.79,26.2,2.942
NBFC031,Middle Layer,FY21Q4,2021-03-31,Infrastructure,9216.95,5.007,461.49,2.253,207.66,0.55,23.42,1.039
NBFC031,Middle Layer,FY21Q4,2021-03-31,Microfinance,13825.43,12.089,1671.36,5.44,752.1,0.55,22.15,1.58
NBFC031,Middle Layer,FY21Q4,2021-03-31,Retail (Gold),11521.19,2.022,232.96,0.91,104.84,0.55,22.7,1.044
NBFC031,Middle Layer,FY21Q4,2021-03-31,Retail (Housing),16129.66,3.0,483.89,1.35,217.75,0.55,23.76,1.83
NBFC031,Middle Layer,FY21Q4,2021-03-31,Retail (Personal/Unsecured),16129.66,10.11,1630.71,4.549,733.74,0.55,26.9,1.512
NBFC031,Middle Layer,FY21Q4,2021-03-31,Retail (Vehicle),18433.9,5.997,1105.48,2.699,497.53,0.55,27.14,0.964
NBFC031,Middle Layer,FY21Q4,2021-03-31,Wholesale/Corporate,11521.19,6.425,740.24,2.891,333.08,0.55,26.65,1.22
NBFC031,Middle Layer,FY22Q2,2021-09-30,Infrastructure,9735.15,5.383,524.04,2.261,220.11,0.58,28.04,1.717
NBFC031,Middle Layer,FY22Q2,2021-09-30,MSME,19470.29,7.195,1400.89,3.022,588.39,0.58,23.37,1.443
NBFC031,Middle Layer,FY22Q2,2021-09-30,Microfinance,14602.72,12.308,1797.3,5.169,754.81,0.58,24.16,1.849
NBFC031,Middle Layer,FY22Q2,2021-09-30,Retail (Gold),12168.93,1.938,235.83,0.814,99.06,0.58,24.86,1.292
NBFC031,Middle Layer,FY22Q2,2021-09-30,Retail (Housing),17036.51,3.154,537.33,1.325,225.73,0.58,28.27,1.854
NBFC031,Middle Layer,FY22Q2,2021-09-30,Retail (Personal/Unsecured),17036.51,10.535,1794.8,4.425,753.87,0.58,29.08,1.049
NBFC031,Middle Layer,FY22Q2,2021-09-30,Retail (Vehicle),19470.29,6.164,1200.15,2.589,504.09,0.58,27.02,1.699
NBFC031,Middle Layer,FY22Q2,2021-09-30,Wholesale/Corporate,12168.93,6.348,772.48,2.666,324.42,0.58,24.15,1.325
NBFC031,Middle Layer,FY22Q4,2022-03-31,Infrastructure,10255.51,4.806,492.88,1.874,192.19,0.61,25.79,1.506
NBFC031,Middle Layer,FY22Q4,2022-03-31,MSME,20511.02,6.43,1318.86,2.508,514.42,0.61,26.95,1.729
NBFC031,Middle Layer,FY22Q4,2022-03-31,Microfinance,15383.27,11.429,1758.15,4.457,685.63,0.61,23.76,2.117
NBFC031,Middle Layer,FY22Q4,2022-03-31,Retail (Gold),12819.39,1.742,223.31,0.679,87.04,0.61,26.17,1.171
NBFC031,Middle Layer,FY22Q4,2022-03-31,Retail (Housing),17947.14,2.815,505.21,1.098,197.06,0.61,27.45,1.733
NBFC031,Middle Layer,FY22Q4,2022-03-31,Retail (Personal/Unsecured),17947.14,9.283,1666.03,3.62,649.69,0.61,28.68,1.34
NBFC031,Middle Layer,FY22Q4,2022-03-31,Retail (Vehicle),20511.02,5.586,1145.75,2.179,446.94,0.61,25.14,1.372
NBFC031,Middle Layer,FY22Q4,2022-03-31,Wholesale/Corporate,12819.39,5.783,741.35,2.255,289.08,0.61,24.97,1.273
NBFC031,Middle Layer,FY23Q2,2022-09-30,MSME,22202.21,5.906,1311.26,2.126,472.02,0.64,28.97,1.544
NBFC031,Middle Layer,FY23Q2,2022-09-30,Microfinance,16651.65,9.364,1559.26,3.371,561.33,0.64,24.51,2.016
NBFC031,Middle Layer,FY23Q2,2022-09-30,Retail (Gold),13876.38,1.54,213.7,0.554,76.88,0.64,28.06,2.387
NBFC031,Middle Layer,FY23Q2,2022-09-30,Retail (Housing),19426.93,2.497,485.09,0.899,174.65,0.64,29.71,2.212
NBFC031,Middle Layer,FY23Q2,2022-09-30,Retail (Personal/Unsecured),19426.93,8.219,1596.7,2.959,574.84,0.64,25.86,2.341
NBFC031,Middle Layer,FY23Q2,2022-09-30,Retail (Vehicle),22202.21,4.801,1065.93,1.728,383.65,0.64,29.49,1.95
NBFC031,Middle Layer,FY23Q2,2022-09-30,Wholesale/Corporate,13876.38,5.377,746.13,1.936,268.65,0.64,28.79,1.628
NBFC031,Middle Layer,FY23Q4,2023-03-31,Infrastructure,11990.06,3.086,370.01,1.018,122.06,0.67,30.32,2.731
NBFC031,Middle Layer,FY23Q4,2023-03-31,Microfinance,17985.09,7.765,1396.54,2.562,460.78,0.67,29.5,2.893
NBFC031,Middle Layer,FY23Q4,2023-03-31,Retail (Gold),14987.57,1.18,176.85,0.389,58.3,0.67,29.61,2.601
NBFC031,Middle Layer,FY23Q4,2023-03-31,Retail (Housing),20982.6,1.918,402.45,0.633,132.82,0.67,27.75,2.541
NBFC031,Middle Layer,FY23Q4,2023-03-31,Retail (Personal/Unsecured),20982.6,6.418,1346.66,2.118,444.41,0.67,28.57,2.825
NBFC031,Middle Layer,FY23Q4,2023-03-31,Retail (Vehicle),23980.12,3.842,921.32,1.268,304.07,0.67,25.79,2.404
NBFC031,Middle Layer,FY23Q4,2023-03-31,Wholesale/Corporate,14987.57,4.073,610.44,1.344,201.43,0.67,30.04,3.219
NBFC031,Middle Layer,FY24Q2,2023-09-30,MSME,26148.3,4.173,1091.17,1.252,327.38,0.7,28.59,2.708
NBFC031,Middle Layer,FY24Q2,2023-09-30,Microfinance,19611.23,7.017,1376.12,2.161,423.8,0.692,28.72,2.584
NBFC031,Middle Layer,FY24Q2,2023-09-30,Retail (Gold),16342.69,1.192,194.8,0.358,58.51,0.7,28.09,3.269
NBFC031,Middle Layer,FY24Q2,2023-09-30,Retail (Personal/Unsecured),22879.76,5.893,1348.3,1.768,404.51,0.7,30.33,3.626
NBFC031,Middle Layer,FY24Q2,2023-09-30,Retail (Vehicle),26148.3,3.592,939.25,1.078,281.88,0.7,27.66,3.204
NBFC031,Middle Layer,FY24Q2,2023-09-30,Wholesale/Corporate,16342.69,3.945,644.72,1.183,193.33,0.7,26.52,3.141
NBFC031,Middle Layer,FY24Q4,2024-03-31,Infrastructure,14570.2,1.921,279.89,0.519,75.62,0.73,28.42,3.599
NBFC031,Middle Layer,FY24Q4,2024-03-31,MSME,29140.39,2.799,815.64,0.756,220.3,0.73,24.32,3.438
NBFC031,Middle Layer,FY24Q4,2024-03-31,Microfinance,21855.3,4.45,972.56,1.202,262.7,0.73,27.97,3.097
NBFC031,Middle Layer,FY24Q4,2024-03-31,Retail (Gold),18212.75,0.737,134.23,0.199,36.24,0.73,25.67,3.843
NBFC031,Middle Layer,FY24Q4,2024-03-31,Retail (Housing),25497.84,1.228,313.11,0.332,84.65,0.73,27.78,3.467
NBFC031,Middle Layer,FY24Q4,2024-03-31,Retail (Personal/Unsecured),25497.84,3.738,953.11,1.009,257.27,0.73,28.19,3.567
NBFC031,Middle Layer,FY24Q4,2024-03-31,Retail (Vehicle),29140.39,2.301,670.52,0.625,182.13,0.728,25.67,3.113
NBFC031,Middle Layer,FY24Q4,2024-03-31,Wholesale/Corporate,18212.75,2.645,481.73,0.714,130.04,0.73,24.16,2.959
NBFC031,Middle Layer,FY25Q2,2024-09-30,Infrastructure,15567.56,2.726,424.37,0.654,101.81,0.76,26.145000000000003,3.026
NBFC031,Middle Layer,FY25Q2,2024-09-30,MSME,31135.12,3.902,1214.89,0.936,291.42,0.76,26.19,3.0965
NBFC031,Middle Layer,FY25Q2,2024-09-30,Microfinance,23351.34,6.189,1445.21,1.485,346.77,0.76,27.0,3.32
NBFC031,Middle Layer,FY25Q2,2024-09-30,Retail (Gold),19459.45,1.096,213.28,0.263,51.18,0.76,24.53,3.187
NBFC031,Middle Layer,FY25Q2,2024-09-30,Retail (Housing),27243.23,1.569,427.45,0.377,102.71,0.76,28.98,2.733
NBFC031,Middle Layer,FY25Q2,2024-09-30,Retail (Personal/Unsecured),27243.23,5.08,1383.96,1.219,332.09,0.76,23.94,2.767
NBFC031,Middle Layer,FY25Q2,2024-09-30,Retail (Vehicle),31135.12,3.167,986.05,0.76,236.63,0.76,28.98,3.175
NBFC031,Middle Layer,FY25Q2,2024-09-30,Wholesale/Corporate,19459.45,3.388,659.29,0.813,158.21,0.76,26.81,3.54
NBFC031,Middle Layer,FY25Q4,2025-03-31,Infrastructure,16564.93,2.516,416.77,0.528,87.46,0.79,24.6,3.247
NBFC031,Middle Layer,FY25Q4,2025-03-31,MSME,33129.85,3.432,1137.02,0.721,238.87,0.79,25.25,3.216
NBFC031,Middle Layer,FY25Q4,2025-03-31,Microfinance,24847.39,5.63,1398.91,1.182,293.7,0.79,25.03,2.7385
NBFC031,Middle Layer,FY25Q4,2025-03-31,Retail (Gold),20706.16,0.927,191.95,0.195,40.38,0.79,23.43,2.844
NBFC031,Middle Layer,FY25Q4,2025-03-31,Retail (Housing),28988.62,1.475,427.58,0.31,89.86,0.79,25.26,3.052
NBFC031,Middle Layer,FY25Q4,2025-03-31,Retail (Personal/Unsecured),28988.62,4.597,1332.61,0.965,279.74,0.79,25.02,2.261
NBFC031,Middle Layer,FY25Q4,2025-03-31,Retail (Vehicle),33129.85,2.929,970.37,0.615,203.75,0.79,22.81,3.004
NBFC031,Middle Layer,FY25Q4,2025-03-31,Wholesale/Corporate,20706.16,3.216,665.91,0.675,139.77,0.79,27.39,2.227
NBFC032,Middle Layer,FY21Q4,2021-03-31,Infrastructure,6911.42,5.051,349.1,2.254,155.78,0.554,23.66,1.667
NBFC032,Middle Layer,FY21Q4,2021-03-31,MSME,13822.83,7.484,1034.5,3.368,465.55,0.55,27.28,1.827
NBFC032,Middle Layer,FY21Q4,2021-03-31,Microfinance,10367.13,11.884,1232.03,5.348,554.43,0.55,26.72,1.096
NBFC032,Middle Layer,FY21Q4,2021-03-31,Retail (Gold),8639.27,1.98,171.06,0.891,76.98,0.55,24.39,1.937
NBFC032,Middle Layer,FY21Q4,2021-03-31,Retail (Housing),12094.98,3.204,387.52,1.442,174.41,0.55,27.03,1.014
NBFC032,Middle Layer,FY21Q4,2021-03-31,Retail (Personal/Unsecured),12094.98,9.745,1178.66,4.385,530.36,0.55,27.06,1.045
NBFC032,Middle Layer,FY21Q4,2021-03-31,Retail (Vehicle),13822.83,5.637,779.19,2.689,371.7,0.523,24.65,2.028
NBFC032,Middle Layer,FY21Q4,2021-03-31,Wholesale/Corporate,8639.27,6.691,578.05,3.011,260.13,0.55,24.13,1.285
NBFC032,Middle Layer,FY22Q2,2021-09-30,Infrastructure,7299.99,4.949,361.28,2.079,151.77,0.58,26.72,1.555
NBFC032,Middle Layer,FY22Q2,2021-09-30,MSME,14599.98,7.556,1103.17,3.174,463.4,0.58,23.61,1.379
NBFC032,Middle Layer,FY22Q2,2021-09-30,Microfinance,10949.99,12.576,1377.07,5.282,578.38,0.58,25.22,1.282
NBFC032,Middle Layer,FY22Q2,2021-09-30,Retail (Gold),9124.99,2.1,191.62,0.882,80.48,0.58,25.450000000000003,1.591
NBFC032,Middle Layer,FY22Q2,2021-09-30,Retail (Housing),12774.98,3.108,397.05,1.305,166.71,0.58,26.18,1.316
NBFC032,Middle Layer,FY22Q2,2021-09-30,Retail (Personal/Unsecured),12774.98,9.59,1225.12,4.028,514.58,0.58,25.64,1.777
NBFC032,Middle Layer,FY22Q2,2021-09-30,Retail (Vehicle),14599.98,5.79,845.34,2.432,355.07,0.58,25.11,1.418
NBFC032,Middle Layer,FY22Q2,2021-09-30,Wholesale/Corporate,9124.99,6.656,607.36,2.796,255.13,0.58,25.81,1.836
NBFC032,Middle Layer,FY22Q4,2022-03-31,Infrastructure,7690.19,4.778,367.44,1.863,143.27,0.61,24.64,2.159
NBFC032,Middle Layer,FY22Q4,2022-03-31,MSME,15380.38,6.683,1027.87,2.606,400.81,0.61,24.4,1.614
NBFC032,Middle Layer,FY22Q4,2022-03-31,Microfinance,11535.29,11.118,1282.49,4.336,500.17,0.61,29.5,1.346
NBFC032,Middle Layer,FY22Q4,2022-03-31,Retail (Gold),9612.74,1.84,176.87,0.709,68.15,0.615,28.43,1.653
NBFC032,Middle Layer,FY22Q4,2022-03-31,Retail (Housing),13457.83,2.865,385.57,1.117,150.32,0.61,25.0,1.376
NBFC032,Middle Layer,FY22Q4,2022-03-31,Retail (Personal/Unsecured),13457.83,9.54,1283.88,3.721,500.77,0.61,28.82,1.124
NBFC032,Middle Layer,FY22Q4,2022-03-31,Retail (Vehicle),15380.38,5.435,835.92,2.12,326.06,0.61,28.91,1.292
NBFC032,Middle Layer,FY22Q4,2022-03-31,Wholesale/Corporate,9612.74,5.957,572.63,2.323,223.3,0.61,24.2,2.139
NBFC032,Middle Layer,FY23Q2,2022-09-30,Infrastructure,8324.27,3.942,328.14,1.419,118.12,0.64,27.6,1.557
NBFC032,Middle Layer,FY23Q2,2022-09-30,MSME,16648.53,6.041,1005.74,2.175,362.11,0.64,25.75,2.658
NBFC032,Middle Layer,FY23Q2,2022-09-30,Microfinance,12486.4,9.421,1176.34,3.539,441.89,0.624,28.35,1.637
NBFC032,Middle Layer,FY23Q2,2022-09-30,Retail (Gold),10405.33,1.636,170.23,0.589,61.29,0.64,28.71,2.675
NBFC032,Middle Layer,FY23Q2,2022-09-30,Retail (Housing),14567.47,2.449,356.76,0.882,128.49,0.64,28.35,2.447
NBFC032,Middle Layer,FY23Q2,2022-09-30,Retail (Personal/Unsecured),14567.47,7.828,1140.34,2.961,431.34,0.622,27.59,2.372
NBFC032,Middle Layer,FY23Q2,2022-09-30,Retail (Vehicle),16648.53,4.537,755.34,1.633,271.87,0.64,27.88,1.955
NBFC032,Middle Layer,FY23Q4,2023-03-31,Infrastructure,8990.86,3.096,278.36,1.022,91.89,0.67,30.01,2.974
NBFC032,Middle Layer,FY23Q4,2023-03-31,MSME,17981.72,4.5685,821.49,1.444,259.66,0.684,28.52,3.069
NBFC032,Middle Layer,FY23Q4,2023-03-31,Microfinance,13486.29,7.4559999999999995,1005.54,2.394,322.86,0.679,25.51,2.723
NBFC032,Middle Layer,FY23Q4,2023-03-31,Retail (Gold),11238.57,1.216,136.66,0.401,45.07,0.67,25.59,2.392
NBFC032,Middle Layer,FY23Q4,2023-03-31,Retail (Housing),15734.0,1.936,304.61,0.639,100.54,0.67,30.04,2.874
NBFC032,Middle Layer,FY23Q4,2023-03-31,Retail (Personal/Unsecured),15734.0,6.015,946.4,1.985,312.32,0.67,26.69,3.37
NBFC032,Middle Layer,FY23Q4,2023-03-31,Retail (Vehicle),17981.72,3.775,678.81,1.246,224.05,0.67,26.75,2.605
NBFC032,Middle Layer,FY23Q4,2023-03-31,Wholesale/Corporate,11238.57,4.239,476.4,1.399,157.23,0.67,30.09,2.886
NBFC032,Middle Layer,FY24Q2,2023-09-30,Infrastructure,9803.77,2.998,293.92,0.899,88.14,0.7,28.65,2.636
NBFC032,Middle Layer,FY24Q2,2023-09-30,MSME,19607.55,4.425,867.63,1.327,260.19,0.7,29.0,3.028
NBFC032,Middle Layer,FY24Q2,2023-09-30,Microfinance,14705.66,7.017,1031.9,2.181,320.73,0.689,30.45,3.104
NBFC032,Middle Layer,FY24Q2,2023-09-30,Retail (Gold),12254.72,1.144,140.19,0.343,42.03,0.7,26.62,3.159
NBFC032,Middle Layer,FY24Q2,2023-09-30,Retail (Housing),17156.61,1.848,317.05,0.554,95.05,0.7,26.93,3.381
NBFC032,Middle Layer,FY24Q2,2023-09-30,Retail (Personal/Unsecured),17156.61,5.822,998.86,1.747,299.73,0.7,27.88,2.731
NBFC032,Middle Layer,FY24Q2,2023-09-30,Retail (Vehicle),19607.55,3.409,668.42,1.023,200.59,0.7,29.24,3.494
NBFC032,Middle Layer,FY24Q4,2024-03-31,Infrastructure,10925.6,1.959,214.03,0.529,57.8,0.73,28.37,3.28
NBFC032,Middle Layer,FY24Q4,2024-03-31,MSME,21851.2,2.907,635.21,0.785,171.53,0.73,25.19,2.886
NBFC032,Middle Layer,FY24Q4,2024-03-31,Microfinance,16388.4,4.637,759.93,1.286,210.75,0.723,29.16,3.269
NBFC032,Middle Layer,FY24Q4,2024-03-31,Retail (Gold),13657.0,0.784,107.07,0.212,28.95,0.73,27.51,2.745
NBFC032,Middle Layer,FY24Q4,2024-03-31,Retail (Housing),19119.8,1.168,223.32,0.315,60.23,0.73,29.45,2.972
NBFC032,Middle Layer,FY24Q4,2024-03-31,Retail (Personal/Unsecured),19119.8,4.039,772.25,1.091,208.6,0.73,28.74,3.339
NBFC032,Middle Layer,FY24Q4,2024-03-31,Retail (Vehicle),21851.2,2.284,499.08,0.617,134.82,0.73,25.51,3.846
NBFC032,Middle Layer,FY24Q4,2024-03-31,Wholesale/Corporate,13657.0,2.51,342.79,0.678,92.59,0.73,25.83,3.026
NBFC032,Middle Layer,FY25Q2,2024-09-30,Infrastructure,11673.48,2.638,307.95,0.633,73.89,0.76,25.96,3.0629999999999997
NBFC032,Middle Layer,FY25Q2,2024-09-30,Microfinance,17510.22,6.23,1090.89,1.495,261.78,0.76,25.8,3.365
NBFC032,Middle Layer,FY25Q2,2024-09-30,Retail (Gold),14591.85,1.043,152.19,0.25,36.48,0.76,24.98,3.537
NBFC032,Middle Layer,FY25Q2,2024-09-30,Retail (Housing),20428.59,1.667,340.54,0.4,81.71,0.76,27.71,3.528
NBFC032,Middle Layer,FY25Q2,2024-09-30,Retail (Personal/Unsecured),20428.59,5.125,1046.97,1.23,251.27,0.76,27.58,3.316
NBFC032,Middle Layer,FY25Q2,2024-09-30,Retail (Vehicle),23346.97,3.124,729.36,0.75,175.1,0.76,28.84,3.155
NBFC032,Middle Layer,FY25Q2,2024-09-30,Wholesale/Corporate,14591.85,3.477,507.36,0.834,121.7,0.76,26.61,3.348
NBFC032,Middle Layer,FY25Q4,2025-03-31,Infrastructure,12421.37,2.426,301.34,0.509,63.22,0.79,24.85,2.724
NBFC032,Middle Layer,FY25Q4,2025-03-31,MSME,24842.73,3.395,843.41,0.713,177.13,0.79,27.93,3.28
NBFC032,Middle Layer,FY25Q4,2025-03-31,Microfinance,18632.05,6.005,1118.85,1.261,234.95,0.79,24.83,2.233
NBFC032,Middle Layer,FY25Q4,2025-03-31,Retail (Gold),15526.71,0.957,148.59,0.201,31.21,0.79,24.76,2.949
NBFC032,Middle Layer,FY25Q4,2025-03-31,Retail (Personal/Unsecured),21737.39,4.688,1019.05,0.984,213.9,0.79,23.56,3.155
NBFC032,Middle Layer,FY25Q4,2025-03-31,Retail (Vehicle),24842.73,2.914,723.92,0.612,152.04,0.79,25.48,2.653
NBFC032,Middle Layer,FY25Q4,2025-03-31,Wholesale/Corporate,15526.71,3.179,493.59,0.668,103.72,0.79,27.62,3.36
NBFC033,Middle Layer,FY21Q4,2021-03-31,Infrastructure,4731.98,5.176,244.93,2.329,110.21,0.55,26.45,1.586
NBFC033,Middle Layer,FY21Q4,2021-03-31,MSME,9463.95,7.064,668.53,3.179,300.86,0.55,22.73,1.615
NBFC033,Middle Layer,FY21Q4,2021-03-31,Microfinance,7097.96,12.41,880.86,5.584,396.35,0.55,23.83,2.035
NBFC033,Middle Layer,FY21Q4,2021-03-31,Retail (Gold),5914.97,1.9,112.38,0.855,50.57,0.55,26.67,1.957
NBFC033,Middle Layer,FY21Q4,2021-03-31,Retail (Housing),8280.96,3.063,253.65,1.378,114.11,0.55,25.5,1.078
NBFC033,Middle Layer,FY21Q4,2021-03-31,Retail (Personal/Unsecured),8280.96,10.112,837.37,4.55,376.78,0.55,26.85,1.591
NBFC033,Middle Layer,FY21Q4,2021-03-31,Retail (Vehicle),9463.95,6.161,583.07,2.772,262.34,0.55,25.77,1.743
NBFC033,Middle Layer,FY21Q4,2021-03-31,Wholesale/Corporate,5914.97,6.687,395.53,3.009,177.98,0.55,26.12,1.93
NBFC033,Middle Layer,FY22Q2,2021-09-30,Infrastructure,4998.02,5.335,266.64,2.241,112.01,0.58,23.65,1.055
NBFC033,Middle Layer,FY22Q2,2021-09-30,MSME,9996.03,7.216,721.31,3.031,302.98,0.58,25.56,1.696
NBFC033,Middle Layer,FY22Q2,2021-09-30,Microfinance,7497.02,12.672,950.02,5.322,398.99,0.58,28.38,2.196
NBFC033,Middle Layer,FY22Q2,2021-09-30,Retail (Gold),6247.52,2.06,128.7,0.865,54.04,0.58,25.56,1.623
NBFC033,Middle Layer,FY22Q2,2021-09-30,Retail (Housing),8746.53,3.182,278.31,1.326,115.98,0.583,27.83,1.075
NBFC033,Middle Layer,FY22Q2,2021-09-30,Retail (Personal/Unsecured),8746.53,10.239,895.56,4.3,376.1,0.58,23.25,1.545
NBFC033,Middle Layer,FY22Q2,2021-09-30,Retail (Vehicle),9996.03,6.011,600.86,2.525,252.4,0.58,26.32,1.443
NBFC033,Middle Layer,FY22Q2,2021-09-30,Wholesale/Corporate,6247.52,6.552,409.34,2.752,171.93,0.58,24.83,1.773
NBFC033,Middle Layer,FY22Q4,2022-03-31,Infrastructure,5265.17,4.649,244.78,1.813,95.46,0.61,27.44,1.62
NBFC033,Middle Layer,FY22Q4,2022-03-31,MSME,10530.34,6.518,686.37,2.542,267.68,0.61,28.2,1.396
NBFC033,Middle Layer,FY22Q4,2022-03-31,Microfinance,7897.76,10.632,839.69,4.146,327.44,0.61,24.33,1.938
NBFC033,Middle Layer,FY22Q4,2022-03-31,Retail (Gold),6581.46,1.818,119.65,0.709,46.66,0.61,26.17,1.249
NBFC033,Middle Layer,FY22Q4,2022-03-31,Retail (Housing),9398.33,2.82,265.03,1.1,103.38,0.61,29.14,1.37
NBFC033,Middle Layer,FY22Q4,2022-03-31,Retail (Personal/Unsecured),9214.05,8.896,819.68,3.469,319.64,0.61,24.63,2.119
NBFC033,Middle Layer,FY22Q4,2022-03-31,Retail (Vehicle),10530.34,5.463,575.27,2.11,222.19,0.614,25.62,2.222
NBFC033,Middle Layer,FY22Q4,2022-03-31,Wholesale/Corporate,6581.46,5.853,385.21,2.333,153.55,0.601,23.71,2.21
NBFC033,Middle Layer,FY23Q2,2022-09-30,Infrastructure,5699.3,3.853,219.59,1.387,79.05,0.64,27.490000000000002,2.243
NBFC033,Middle Layer,FY23Q2,2022-09-30,MSME,11398.59,5.676,646.98,2.043,232.87,0.64,29.17,1.602
NBFC033,Middle Layer,FY23Q2,2022-09-30,Microfinance,8548.95,9.285,793.77,3.343,285.79,0.64,25.08,2.277
NBFC033,Middle Layer,FY23Q2,2022-09-30,Retail (Gold),7124.12,1.647,117.33,0.593,42.25,0.64,25.16,2.268
NBFC033,Middle Layer,FY23Q2,2022-09-30,Retail (Housing),9973.77,2.367,236.08,0.852,84.98,0.64,25.94,2.602
NBFC033,Middle Layer,FY23Q2,2022-09-30,Retail (Personal/Unsecured),9973.77,7.487,746.74,2.695,268.79,0.64,28.33,2.551
NBFC033,Middle Layer,FY23Q2,2022-09-30,Retail (Vehicle),11398.59,4.702,535.96,1.693,192.98,0.64,27.81,2.383
NBFC033,Middle Layer,FY23Q2,2022-09-30,Wholesale/Corporate,7124.12,5.174,368.6,1.863,132.72,0.64,29.03,2.013
NBFC033,Middle Layer,FY23Q4,2023-03-31,Infrastructure,6155.69,3.227,198.64,1.065,65.56,0.67,24.75,2.849
NBFC033,Middle Layer,FY23Q4,2023-03-31,MSME,12311.37,4.456,548.59,1.47,180.98,0.67,27.67,2.904
NBFC033,Middle Layer,FY23Q4,2023-03-31,Microfinance,9233.53,7.475,690.21,2.467,227.79,0.67,29.87,2.42
NBFC033,Middle Layer,FY23Q4,2023-03-31,Retail (Gold),7694.61,1.27,97.72,0.419,32.24,0.67,27.85,2.867
NBFC033,Middle Layer,FY23Q4,2023-03-31,Retail (Housing),10772.45,1.983,213.62,0.654,70.45,0.67,29.11,3.289
NBFC033,Middle Layer,FY23Q4,2023-03-31,Retail (Personal/Unsecured),10772.45,6.112,658.41,2.017,217.28,0.67,25.83,2.458
NBFC033,Middle Layer,FY23Q4,2023-03-31,Retail (Vehicle),12311.37,3.52,433.36,1.162,143.06,0.67,24.98,2.587
NBFC033,Middle Layer,FY23Q4,2023-03-31,Wholesale/Corporate,7694.61,4.139,318.48,1.366,105.11,0.67,28.145,2.631
NBFC033,Middle Layer,FY24Q2,2023-09-30,Infrastructure,6712.26,3.065,205.73,0.919,61.69,0.7,25.19,2.545
NBFC033,Middle Layer,FY24Q2,2023-09-30,MSME,13424.52,4.564,612.7,1.369,183.78,0.7,24.79,3.278
NBFC033,Middle Layer,FY24Q2,2023-09-30,Microfinance,10068.39,7.17,721.9,2.151,216.57,0.7,29.31,2.888
NBFC033,Middle Layer,FY24Q2,2023-09-30,Retail (Gold),8390.32,1.165,97.75,0.349,29.28,0.7,28.37,2.796
NBFC033,Middle Layer,FY24Q2,2023-09-30,Retail (Housing),11746.45,1.871,219.78,0.561,65.9,0.7,27.14,3.236
NBFC033,Middle Layer,FY24Q2,2023-09-30,Retail (Personal/Unsecured),11746.45,6.079,714.07,1.824,214.26,0.7,27.97,3.192
NBFC033,Middle Layer,FY24Q2,2023-09-30,Retail (Vehicle),13424.52,3.625,486.64,1.087,145.92,0.7,29.45,3.51
NBFC033,Middle Layer,FY24Q2,2023-09-30,Wholesale/Corporate,8390.32,4.007,336.2,1.202,100.85,0.7,26.29,3.224
NBFC033,Middle Layer,FY24Q4,2024-03-31,Infrastructure,7480.33,2.02,151.1,0.545,40.77,0.73,25.37,3.4530000000000003
NBFC033,Middle Layer,FY24Q4,2024-03-31,MSME,14960.66,2.908,435.06,0.785,117.44,0.73,28.68,3.004
NBFC033,Middle Layer,FY24Q4,2024-03-31,Microfinance,11220.49,4.795,538.02,1.295,145.31,0.73,27.45,3.836
NBFC033,Middle Layer,FY24Q4,2024-03-31,Retail (Gold),9350.41,0.795,74.34,0.215,20.1,0.73,24.36,3.329
NBFC033,Middle Layer,FY24Q4,2024-03-31,Retail (Housing),13090.57,1.208,158.13,0.337,44.12,0.721,24.24,3.29
NBFC033,Middle Layer,FY24Q4,2024-03-31,Retail (Personal/Unsecured),13090.57,3.852,504.25,1.041,136.27,0.73,27.39,2.873
NBFC033,Middle Layer,FY24Q4,2024-03-31,Retail (Vehicle),14960.66,2.268,339.31,0.612,91.56,0.73,23.99,3.676
NBFC033,Middle Layer,FY24Q4,2024-03-31,Wholesale/Corporate,9350.41,2.476,231.52,0.669,62.55,0.73,28.18,3.632
NBFC033,Middle Layer,FY25Q2,2024-09-30,Infrastructure,7992.37,2.812,224.75,0.675,53.95,0.76,28.53,3.0629999999999997
NBFC033,Middle Layer,FY25Q2,2024-09-30,MSME,15984.75,3.83,612.22,0.919,146.9,0.76,27.53,3.0965
NBFC033,Middle Layer,FY25Q2,2024-09-30,Microfinance,11988.56,6.38,764.87,1.531,183.54,0.76,27.57,2.957
NBFC033,Middle Layer,FY25Q2,2024-09-30,Retail (Gold),9990.47,1.07,106.9,0.257,25.68,0.76,28.03,2.408
NBFC033,Middle Layer,FY25Q2,2024-09-30,Retail (Housing),13986.65,1.632,228.26,0.392,54.83,0.76,24.76,3.435
NBFC033,Middle Layer,FY25Q2,2024-09-30,Retail (Vehicle),15984.75,3.147,503.04,0.755,120.68,0.76,28.6,3.346
NBFC033,Middle Layer,FY25Q2,2024-09-30,Wholesale/Corporate,9990.47,3.306,330.28,0.793,79.22,0.76,28.1,2.858
NBFC033,Middle Layer,FY25Q4,2025-03-31,Infrastructure,8504.42,2.492,211.93,0.51,43.37,0.795,24.46,2.843
NBFC033,Middle Layer,FY25Q4,2025-03-31,MSME,17008.84,3.49,593.61,0.733,124.67,0.79,26.87,2.441
NBFC033,Middle Layer,FY25Q4,2025-03-31,Microfinance,12756.63,5.512,703.15,1.158,147.72,0.79,25.4,2.33
NBFC033,Middle Layer,FY25Q4,2025-03-31,Retail (Gold),10630.53,0.959,101.95,0.201,21.37,0.79,25.68,3.341
NBFC033,Middle Layer,FY25Q4,2025-03-31,Retail (Housing),14882.74,1.563,232.62,0.328,48.82,0.79,24.25,2.676
NBFC033,Middle Layer,FY25Q4,2025-03-31,Retail (Personal/Unsecured),14882.74,4.741,705.59,0.996,148.23,0.79,23.38,2.758
NBFC033,Middle Layer,FY25Q4,2025-03-31,Retail (Vehicle),17008.84,2.79,474.55,0.586,99.67,0.79,26.86,3.147
NBFC033,Middle Layer,FY25Q4,2025-03-31,Wholesale/Corporate,10630.53,3.087,328.16,0.648,68.89,0.79,28.43,2.9515000000000002
NBFC034,Middle Layer,FY21Q4,2021-03-31,Infrastructure,6401.85,5.107,326.94,2.298,147.11,0.55,22.3,1.557
NBFC034,Middle Layer,FY21Q4,2021-03-31,Microfinance,9602.78,11.374,1092.22,5.118,491.47,0.55,23.64,1.665
NBFC034,Middle Layer,FY21Q4,2021-03-31,Retail (Gold),8002.32,1.891,151.32,0.851,68.1,0.55,22.14,1.634
NBFC034,Middle Layer,FY21Q4,2021-03-31,Retail (Housing),11203.24,2.981,333.97,1.397,156.51,0.531,22.34,1.5565
NBFC034,Middle Layer,FY21Q4,2021-03-31,Retail (Personal/Unsecured),11203.24,10.337,1158.08,4.652,521.17,0.55,23.49,1.252
NBFC034,Middle Layer,FY21Q4,2021-03-31,Retail (Vehicle),12803.7,6.162,788.96,2.773,355.05,0.55,23.66,1.599
NBFC034,Middle Layer,FY21Q4,2021-03-31,Wholesale/Corporate,8002.32,6.442,515.51,2.899,231.99,0.55,23.02,1.901
NBFC034,Middle Layer,FY22Q2,2021-09-30,Infrastructure,6761.78,5.404,365.41,2.27,153.49,0.58,26.905,1.5735000000000001
NBFC034,Middle Layer,FY22Q2,2021-09-30,MSME,13523.55,7.804,1055.38,3.278,443.3,0.58,27.15,2.133
NBFC034,Middle Layer,FY22Q2,2021-09-30,Microfinance,10142.67,12.015,1218.64,5.046,511.8,0.58,24.38,1.207
NBFC034,Middle Layer,FY22Q2,2021-09-30,Retail (Gold),8452.22,2.111,178.43,0.887,74.97,0.58,25.09,1.042
NBFC034,Middle Layer,FY22Q2,2021-09-30,Retail (Personal/Unsecured),11833.11,9.824,1162.48,4.126,488.23,0.58,25.935000000000002,1.721
NBFC034,Middle Layer,FY22Q2,2021-09-30,Retail (Vehicle),13523.55,6.207,839.41,2.607,352.56,0.58,24.63,1.099
NBFC034,Middle Layer,FY22Q2,2021-09-30,Wholesale/Corporate,8452.22,6.526,551.59,2.741,231.68,0.58,23.23,2.162
NBFC034,Middle Layer,FY22Q4,2022-03-31,Infrastructure,7123.21,4.703,335.0,1.834,130.64,0.61,27.4,1.24
NBFC034,Middle Layer,FY22Q4,2022-03-31,MSME,14246.42,6.661,948.95,2.598,370.12,0.61,26.44,1.236
NBFC034,Middle Layer,FY22Q4,2022-03-31,Microfinance,10684.81,11.353,1213.05,4.428,473.12,0.61,29.65,1.747
NBFC034,Middle Layer,FY22Q4,2022-03-31,Retail (Gold),8904.01,1.791,159.47,0.698,62.15,0.61,25.46,1.693
NBFC034,Middle Layer,FY22Q4,2022-03-31,Retail (Housing),12465.62,2.958,368.73,1.154,143.85,0.61,24.84,2.224
NBFC034,Middle Layer,FY22Q4,2022-03-31,Retail (Personal/Unsecured),12465.62,9.203,1147.21,3.589,447.39,0.61,24.31,1.331
NBFC034,Middle Layer,FY22Q4,2022-03-31,Retail (Vehicle),14246.42,5.641,803.64,2.2,313.42,0.61,27.22,2.08
NBFC034,Middle Layer,FY22Q4,2022-03-31,Wholesale/Corporate,8904.01,5.943,529.17,2.318,206.39,0.61,24.93,1.209
NBFC034,Middle Layer,FY23Q2,2022-09-30,Infrastructure,7710.53,3.98,306.88,1.464,112.88,0.632,27.490000000000002,1.746
NBFC034,Middle Layer,FY23Q2,2022-09-30,MSME,15421.07,6.023,928.81,2.168,334.33,0.64,29.04,1.748
NBFC034,Middle Layer,FY23Q2,2022-09-30,Microfinance,11565.8,9.772,1130.21,3.518,406.88,0.64,28.45,2.535
NBFC034,Middle Layer,FY23Q2,2022-09-30,Retail (Gold),9638.17,1.604,154.6,0.577,55.61,0.64,25.75,2.062
NBFC034,Middle Layer,FY23Q2,2022-09-30,Retail (Housing),13493.44,2.574,347.32,0.927,125.08,0.64,29.81,2.353
NBFC034,Middle Layer,FY23Q2,2022-09-30,Retail (Personal/Unsecured),13493.44,7.772,1048.71,2.798,377.55,0.64,25.35,1.623
NBFC034,Middle Layer,FY23Q2,2022-09-30,Retail (Vehicle),15421.07,4.525,697.8,1.629,251.21,0.64,26.53,2.093
NBFC034,Middle Layer,FY23Q2,2022-09-30,Wholesale/Corporate,9638.17,5.354,516.03,1.927,185.73,0.64,27.23,1.655
NBFC034,Middle Layer,FY23Q4,2023-03-31,Infrastructure,8327.98,3.102,258.33,1.024,85.28,0.67,24.56,3.312
NBFC034,Middle Layer,FY23Q4,2023-03-31,MSME,16655.96,4.667,777.33,1.54,256.5,0.67,29.97,2.369
NBFC034,Middle Layer,FY23Q4,2023-03-31,Microfinance,12491.97,7.458,931.65,2.461,307.43,0.67,25.02,3.27
NBFC034,Middle Layer,FY23Q4,2023-03-31,Retail (Gold),10409.97,1.292,134.5,0.426,44.35,0.67,25.69,3.121
NBFC034,Middle Layer,FY23Q4,2023-03-31,Retail (Housing),14573.96,1.938,282.44,0.64,93.27,0.67,29.61,3.296
NBFC034,Middle Layer,FY23Q4,2023-03-31,Retail (Personal/Unsecured),14573.96,6.396,932.15,2.111,307.66,0.67,28.05,2.472
NBFC034,Middle Layer,FY23Q4,2023-03-31,Retail (Vehicle),16655.96,3.789,631.09,1.25,208.2,0.67,28.59,2.755
NBFC034,Middle Layer,FY23Q4,2023-03-31,Wholesale/Corporate,10409.97,4.235,440.86,1.398,145.53,0.67,30.33,3.304
NBFC034,Middle Layer,FY24Q2,2023-09-30,Infrastructure,9080.96,2.882,261.71,0.865,78.55,0.7,29.36,2.888
NBFC034,Middle Layer,FY24Q2,2023-09-30,MSME,18161.92,4.401,799.31,1.32,239.74,0.7,25.0,3.163
NBFC034,Middle Layer,FY24Q2,2023-09-30,Microfinance,13621.44,7.017,955.82,2.105,286.73,0.7,27.78,2.766
NBFC034,Middle Layer,FY24Q2,2023-09-30,Retail (Gold),11351.2,1.213,137.69,0.364,41.32,0.7,25.3,3.185
NBFC034,Middle Layer,FY24Q2,2023-09-30,Retail (Housing),15891.68,1.881,298.92,0.564,89.63,0.7,28.69,3.61
NBFC034,Middle Layer,FY24Q2,2023-09-30,Retail (Personal/Unsecured),15891.68,5.622,893.43,1.687,268.09,0.7,25.15,3.439
NBFC034,Middle Layer,FY24Q2,2023-09-30,Retail (Vehicle),18161.92,3.535,642.02,1.06,192.52,0.7,25.81,3.172
NBFC034,Middle Layer,FY24Q2,2023-09-30,Wholesale/Corporate,11351.2,3.964,449.96,1.189,134.97,0.7,26.58,3.682
NBFC034,Middle Layer,FY24Q4,2024-03-31,Infrastructure,10120.08,2.044,206.85,0.552,55.86,0.73,25.02,2.92
NBFC034,Middle Layer,FY24Q4,2024-03-31,MSME,20240.15,2.957,598.5,0.798,161.52,0.73,25.5,3.006
NBFC034,Middle Layer,FY24Q4,2024-03-31,Microfinance,15180.12,4.812,730.47,1.299,197.19,0.73,29.59,2.866
NBFC034,Middle Layer,FY24Q4,2024-03-31,Retail (Gold),12650.1,0.803,101.58,0.217,27.45,0.73,26.755000000000003,3.472
NBFC034,Middle Layer,FY24Q4,2024-03-31,Retail (Housing),17710.13,1.179,208.8,0.318,56.32,0.73,25.48,3.084
NBFC034,Middle Layer,FY24Q4,2024-03-31,Retail (Personal/Unsecured),17710.13,3.972,703.45,1.072,189.85,0.73,25.96,3.561
NBFC034,Middle Layer,FY24Q4,2024-03-31,Retail (Vehicle),20240.15,2.254,456.21,0.609,123.26,0.73,25.2,3.324
NBFC034,Middle Layer,FY24Q4,2024-03-31,Wholesale/Corporate,12650.1,2.567,324.73,0.68,86.02,0.735,28.88,2.727
NBFC034,Middle Layer,FY25Q2,2024-09-30,Infrastructure,10812.82,2.796,302.33,0.671,72.55,0.76,25.64,2.844
NBFC034,Middle Layer,FY25Q2,2024-09-30,MSME,21625.64,4.076,881.46,0.978,211.5,0.76,26.23,3.163
NBFC034,Middle Layer,FY25Q2,2024-09-30,Microfinance,16219.23,6.384,1035.44,1.532,248.48,0.76,25.12,2.694
NBFC034,Middle Layer,FY25Q2,2024-09-30,Retail (Gold),13516.03,1.037,140.16,0.249,33.65,0.76,26.06,3.546
NBFC034,Middle Layer,FY25Q2,2024-09-30,Retail (Housing),18922.44,1.633,309.0,0.392,74.18,0.76,25.06,3.128
NBFC034,Middle Layer,FY25Q2,2024-09-30,Retail (Personal/Unsecured),18922.44,5.418,1025.22,1.3,245.99,0.76,24.77,3.139
NBFC034,Middle Layer,FY25Q2,2024-09-30,Retail (Vehicle),21625.64,3.239,700.45,0.777,168.03,0.76,26.97,2.424
NBFC034,Middle Layer,FY25Q2,2024-09-30,Wholesale/Corporate,13516.03,3.31,447.38,0.794,107.32,0.76,26.61,2.839
NBFC034,Middle Layer,FY25Q4,2025-03-31,Infrastructure,11505.56,2.567,295.35,0.539,62.01,0.79,25.11,2.664
NBFC034,Middle Layer,FY25Q4,2025-03-31,MSME,23011.13,3.647,839.22,0.766,176.27,0.79,28.23,3.081
NBFC034,Middle Layer,FY25Q4,2025-03-31,Microfinance,17258.35,5.874,1013.76,1.234,212.97,0.79,23.29,2.978
NBFC034,Middle Layer,FY25Q4,2025-03-31,Retail (Gold),14381.95,0.942,135.48,0.198,28.48,0.79,23.72,2.508
NBFC034,Middle Layer,FY25Q4,2025-03-31,Retail (Housing),20134.74,1.522,306.45,0.32,64.43,0.79,27.41,3.325
NBFC034,Middle Layer,FY25Q4,2025-03-31,Retail (Personal/Unsecured),20134.74,4.97,1000.7,1.044,210.21,0.79,28.69,3.373
NBFC034,Middle Layer,FY25Q4,2025-03-31,Retail (Vehicle),23011.13,2.751,633.04,0.578,133.0,0.79,22.79,2.573
NBFC034,Middle Layer,FY25Q4,2025-03-31,Wholesale/Corporate,14381.95,3.254,467.99,0.683,98.23,0.79,24.42,2.838
NBFC035,Middle Layer,FY21Q4,2021-03-31,Infrastructure,11021.36,5.055,557.13,2.275,250.74,0.55,24.43,1.286
NBFC035,Middle Layer,FY21Q4,2021-03-31,MSME,22042.72,7.005,1544.09,3.152,694.79,0.55,27.23,1.225
NBFC035,Middle Layer,FY21Q4,2021-03-31,Microfinance,16532.04,12.145,2007.82,5.3515,884.71,0.559,27.09,1.161
NBFC035,Middle Layer,FY21Q4,2021-03-31,Retail (Gold),13776.7,2.053,282.84,0.924,127.3,0.55,23.24,0.956
NBFC035,Middle Layer,FY21Q4,2021-03-31,Retail (Housing),19287.38,3.002,579.01,1.351,260.57,0.55,22.55,0.914
NBFC035,Middle Layer,FY21Q4,2021-03-31,Retail (Personal/Unsecured),19287.38,9.922,1913.69,4.31,831.29,0.566,24.63,0.922
NBFC035,Middle Layer,FY21Q4,2021-03-31,Retail (Vehicle),22042.72,6.062,1336.23,2.728,601.33,0.55,24.1,1.325
NBFC035,Middle Layer,FY21Q4,2021-03-31,Wholesale/Corporate,13776.7,6.174,850.57,2.778,382.72,0.55,22.76,1.685
NBFC035,Middle Layer,FY22Q2,2021-09-30,Infrastructure,11641.0,5.115,595.44,2.148,250.05,0.58,25.92,1.425
NBFC035,Middle Layer,FY22Q2,2021-09-30,MSME,23282.01,7.434,1730.78,3.158,735.25,0.575,28.08,1.226
NBFC035,Middle Layer,FY22Q2,2021-09-30,Microfinance,17461.51,12.037,2101.84,5.056,882.85,0.58,28.38,1.899
NBFC035,Middle Layer,FY22Q2,2021-09-30,Retail (Gold),14551.25,1.987,289.13,0.835,121.5,0.58,24.09,1.677
NBFC035,Middle Layer,FY22Q2,2021-09-30,Retail (Housing),20371.76,3.132,638.04,1.315,267.89,0.58,24.87,1.622
NBFC035,Middle Layer,FY22Q2,2021-09-30,Retail (Personal/Unsecured),20371.76,10.318,2101.96,4.334,882.91,0.58,26.68,1.608
NBFC035,Middle Layer,FY22Q2,2021-09-30,Retail (Vehicle),23282.01,6.301,1467.0,2.646,616.04,0.58,24.17,2.097
NBFC035,Middle Layer,FY22Q2,2021-09-30,Wholesale/Corporate,14551.25,6.566,955.44,2.7155,395.14,0.586,27.81,1.07
NBFC035,Middle Layer,FY22Q4,2022-03-31,Infrastructure,12263.24,4.74,581.28,1.849,226.75,0.61,26.12,2.131
NBFC035,Middle Layer,FY22Q4,2022-03-31,MSME,24526.48,6.956,1706.06,2.713,665.4,0.61,25.14,1.131
NBFC035,Middle Layer,FY22Q4,2022-03-31,Microfinance,18394.86,11.094,2040.73,4.327,795.95,0.61,25.19,1.907
NBFC035,Middle Layer,FY22Q4,2022-03-31,Retail (Gold),15329.05,1.753,268.72,0.684,104.85,0.61,28.18,1.409
NBFC035,Middle Layer,FY22Q4,2022-03-31,Retail (Housing),21460.67,2.99,641.67,1.123,241.0,0.624,27.58,1.297
NBFC035,Middle Layer,FY22Q4,2022-03-31,Retail (Personal/Unsecured),21460.67,9.518,2042.63,3.712,796.62,0.61,29.14,1.934
NBFC035,Middle Layer,FY22Q4,2022-03-31,Retail (Vehicle),24526.48,5.539,1358.52,2.16,529.77,0.61,25.95,1.402
NBFC035,Middle Layer,FY22Q4,2022-03-31,Wholesale/Corporate,15329.05,6.198,950.09,2.417,370.5,0.61,25.55,2.084
NBFC035,Middle Layer,FY23Q2,2022-09-30,Infrastructure,13274.37,3.882,515.31,1.398,185.58,0.64,29.85,2.09
NBFC035,Middle Layer,FY23Q2,2022-09-30,MSME,26548.75,5.76,1529.21,2.074,550.62,0.64,25.28,1.515
NBFC035,Middle Layer,FY23Q2,2022-09-30,Microfinance,19911.56,9.421,1875.87,3.552,707.26,0.623,26.22,2.041
NBFC035,Middle Layer,FY23Q2,2022-09-30,Retail (Gold),16592.97,1.559,258.68,0.559,92.75,0.641,26.73,1.738
NBFC035,Middle Layer,FY23Q2,2022-09-30,Retail (Housing),23230.15,2.505,581.92,0.902,209.54,0.64,26.17,1.982
NBFC035,Middle Layer,FY23Q2,2022-09-30,Retail (Personal/Unsecured),23230.15,8.19,1902.55,2.948,684.82,0.64,27.8,1.696
NBFC035,Middle Layer,FY23Q2,2022-09-30,Wholesale/Corporate,16592.97,5.365,890.21,1.931,320.41,0.64,25.14,1.628
NBFC035,Middle Layer,FY23Q4,2023-03-31,Infrastructure,14337.36,3.05,437.29,1.006,144.23,0.67,26.22,2.474
NBFC035,Middle Layer,FY23Q4,2023-03-31,Microfinance,21506.04,7.112,1529.51,2.347,504.75,0.67,27.13,3.084
NBFC035,Middle Layer,FY23Q4,2023-03-31,Retail (Housing),25090.38,2.016,505.82,0.665,166.85,0.67,29.01,3.489
NBFC035,Middle Layer,FY23Q4,2023-03-31,Retail (Personal/Unsecured),25090.38,6.468,1622.85,2.134,535.43,0.67,27.53,2.515
NBFC035,Middle Layer,FY23Q4,2023-03-31,Retail (Vehicle),28674.72,3.756,1077.02,1.239,355.28,0.67,27.89,2.448
NBFC035,Middle Layer,FY23Q4,2023-03-31,Wholesale/Corporate,17921.7,3.929,704.14,1.297,232.44,0.67,25.06,2.548
NBFC035,Middle Layer,FY24Q2,2023-09-30,Infrastructure,15633.69,3.116,487.15,0.935,146.18,0.7,29.28,2.668
NBFC035,Middle Layer,FY24Q2,2023-09-30,MSME,31267.37,4.316,1349.5,1.295,404.91,0.7,26.81,3.682
NBFC035,Middle Layer,FY24Q2,2023-09-30,Microfinance,23450.53,7.325,1717.75,2.198,515.44,0.7,25.96,3.158
NBFC035,Middle Layer,FY24Q2,2023-09-30,Retail (Gold),19542.11,1.157,226.1,0.347,67.81,0.7,30.46,3.248
NBFC035,Middle Layer,FY24Q2,2023-09-30,Retail (Personal/Unsecured),27358.95,5.844,1598.86,1.753,479.6,0.7,26.3,2.585
NBFC035,Middle Layer,FY24Q2,2023-09-30,Retail (Vehicle),31267.37,3.593,1123.44,1.078,337.06,0.7,26.41,3.649
NBFC035,Middle Layer,FY24Q2,2023-09-30,Wholesale/Corporate,19542.11,3.822,746.9,1.147,224.15,0.7,30.2,3.375
NBFC035,Middle Layer,FY24Q4,2024-03-31,Infrastructure,17422.62,1.917,333.99,0.518,90.25,0.73,28.22,2.813
NBFC035,Middle Layer,FY24Q4,2024-03-31,MSME,34845.23,2.973,1035.95,0.803,279.81,0.73,25.82,3.796
NBFC035,Middle Layer,FY24Q4,2024-03-31,Microfinance,26133.92,4.843,1265.67,1.308,341.83,0.73,24.0,3.162
NBFC035,Middle Layer,FY24Q4,2024-03-31,Retail (Gold),21778.27,0.783,170.52,0.211,45.95,0.731,25.63,3.027
NBFC035,Middle Layer,FY24Q4,2024-03-31,Retail (Housing),30489.58,1.172,357.34,0.316,96.35,0.73,24.58,3.899
NBFC035,Middle Layer,FY24Q4,2024-03-31,Retail (Personal/Unsecured),30489.58,3.68,1122.02,0.994,303.07,0.73,26.66,3.825
NBFC035,Middle Layer,FY24Q4,2024-03-31,Retail (Vehicle),34845.23,2.375,827.57,0.622,216.74,0.738,28.84,3.445
NBFC035,Middle Layer,FY24Q4,2024-03-31,Wholesale/Corporate,21778.27,2.602,566.67,0.703,153.1,0.73,28.21,3.081
NBFC035,Middle Layer,FY25Q2,2024-09-30,Infrastructure,18615.24,2.591,482.32,0.622,115.79,0.76,24.12,2.819
NBFC035,Middle Layer,FY25Q2,2024-09-30,MSME,37230.47,3.79,1411.03,0.91,338.8,0.76,24.59,3.334
NBFC035,Middle Layer,FY25Q2,2024-09-30,Microfinance,27922.85,6.596,1841.79,1.583,442.02,0.76,23.66,2.408
NBFC035,Middle Layer,FY25Q2,2024-09-30,Retail (Gold),23269.04,1.004,233.62,0.241,56.08,0.76,24.25,2.401
NBFC035,Middle Layer,FY25Q2,2024-09-30,Retail (Housing),32576.66,1.641,534.58,0.394,128.35,0.76,24.97,3.257
NBFC035,Middle Layer,FY25Q2,2024-09-30,Retail (Vehicle),37230.47,3.144,1170.53,0.755,281.09,0.76,24.93,2.467
NBFC035,Middle Layer,FY25Q2,2024-09-30,Wholesale/Corporate,23269.04,3.37,784.17,0.809,188.25,0.76,27.34,3.1685
NBFC035,Middle Layer,FY25Q4,2025-03-31,Infrastructure,19807.85,2.406,476.58,0.505,100.03,0.79,26.07,2.557
NBFC035,Middle Layer,FY25Q4,2025-03-31,MSME,39615.71,3.429,1358.42,0.72,285.23,0.79,23.18,2.695
NBFC035,Middle Layer,FY25Q4,2025-03-31,Microfinance,29711.78,5.594,1662.08,1.175,349.11,0.79,28.51,3.19
NBFC035,Middle Layer,FY25Q4,2025-03-31,Retail (Gold),24759.82,0.937,232.0,0.197,48.78,0.79,25.0,3.21
NBFC035,Middle Layer,FY25Q4,2025-03-31,Retail (Housing),34663.75,1.52,526.89,0.319,110.58,0.79,24.02,2.806
NBFC035,Middle Layer,FY25Q4,2025-03-31,Retail (Personal/Unsecured),34663.75,4.66,1615.33,0.979,339.36,0.79,28.31,3.121
NBFC035,Middle Layer,FY25Q4,2025-03-31,Retail (Vehicle),39615.71,2.833,1122.31,0.595,235.71,0.79,22.94,2.623
NBFC035,Middle Layer,FY25Q4,2025-03-31,Wholesale/Corporate,24759.82,3.07,760.13,0.645,159.7,0.79,25.45,2.91
NBFC036,Middle Layer,FY21Q4,2021-03-31,Infrastructure,6477.71,5.266,341.12,2.37,153.52,0.55,27.16,1.396
NBFC036,Middle Layer,FY21Q4,2021-03-31,MSME,12955.42,7.684,995.49,3.458,448.0,0.55,25.95,1.451
NBFC036,Middle Layer,FY21Q4,2021-03-31,Microfinance,9716.57,11.303,1098.26,5.086,494.18,0.55,25.69,1.765
NBFC036,Middle Layer,FY21Q4,2021-03-31,Retail (Gold),8097.14,2.014,163.08,0.906,73.36,0.55,24.44,1.802
NBFC036,Middle Layer,FY21Q4,2021-03-31,Retail (Housing),11335.99,3.039,344.5,1.368,155.08,0.55,26.05,1.823
NBFC036,Middle Layer,FY21Q4,2021-03-31,Retail (Personal/Unsecured),11335.99,9.811,1112.17,4.415,500.48,0.55,25.42,1.926
NBFC036,Middle Layer,FY21Q4,2021-03-31,Retail (Vehicle),12955.42,5.803,751.8,2.611,338.27,0.55,23.62,1.799
NBFC036,Middle Layer,FY21Q4,2021-03-31,Wholesale/Corporate,8097.14,6.746,546.23,3.036,245.83,0.55,22.51,0.998
NBFC036,Middle Layer,FY22Q2,2021-09-30,Infrastructure,6841.9,5.034,344.42,2.114,144.64,0.58,27.53,1.5735000000000001
NBFC036,Middle Layer,FY22Q2,2021-09-30,MSME,13683.8,7.699,1053.52,3.234,442.53,0.58,26.24,1.328
NBFC036,Middle Layer,FY22Q2,2021-09-30,Microfinance,10262.85,12.279,1260.18,5.157,529.26,0.58,27.59,1.267
NBFC036,Middle Layer,FY22Q2,2021-09-30,Retail (Gold),8552.38,2.063,176.44,0.866,74.06,0.58,27.92,2.103
NBFC036,Middle Layer,FY22Q2,2021-09-30,Retail (Housing),11973.33,3.023,361.95,1.27,152.06,0.58,26.91,1.23
NBFC036,Middle Layer,FY22Q2,2021-09-30,Retail (Personal/Unsecured),11973.33,10.124,1212.18,4.211,504.2,0.584,25.37,1.541
NBFC036,Middle Layer,FY22Q2,2021-09-30,Retail (Vehicle),13683.8,5.818,796.12,2.444,334.43,0.58,27.84,1.513
NBFC036,Middle Layer,FY22Q2,2021-09-30,Wholesale/Corporate,8552.38,6.435,550.35,2.703,231.17,0.58,26.25,1.107
NBFC036,Middle Layer,FY22Q4,2022-03-31,Infrastructure,7207.61,4.472,322.32,1.744,125.7,0.61,23.75,1.197
NBFC036,Middle Layer,FY22Q4,2022-03-31,MSME,14415.23,6.554,944.77,2.556,368.45,0.61,27.48,2.184
NBFC036,Middle Layer,FY22Q4,2022-03-31,Microfinance,10811.42,11.112,1201.36,4.334,468.57,0.61,27.08,1.948
NBFC036,Middle Layer,FY22Q4,2022-03-31,Retail (Gold),9009.52,1.776,160.01,0.693,62.44,0.61,25.94,1.976
NBFC036,Middle Layer,FY22Q4,2022-03-31,Retail (Housing),12613.33,2.918,368.06,1.138,143.54,0.61,25.93,1.362
NBFC036,Middle Layer,FY22Q4,2022-03-31,Retail (Personal/Unsecured),12613.33,9.102,1148.07,3.55,447.77,0.61,26.72,1.768
NBFC036,Middle Layer,FY22Q4,2022-03-31,Wholesale/Corporate,9009.52,6.15,554.09,2.333,210.19,0.621,28.11,2.11
NBFC036,Middle Layer,FY23Q2,2022-09-30,Infrastructure,7801.9,3.927,306.38,1.414,110.32,0.64,26.52,2.107
NBFC036,Middle Layer,FY23Q2,2022-09-30,MSME,15603.8,5.757,898.31,2.073,323.47,0.64,27.78,2.467
NBFC036,Middle Layer,FY23Q2,2022-09-30,Microfinance,11702.85,9.846,1152.26,3.545,414.87,0.64,24.79,2.682
NBFC036,Middle Layer,FY23Q2,2022-09-30,Retail (Gold),9752.38,1.585,154.58,0.571,55.69,0.64,27.08,2.516
NBFC036,Middle Layer,FY23Q2,2022-09-30,Retail (Housing),13653.33,2.409,328.91,0.896,122.33,0.628,29.47,1.644
NBFC036,Middle Layer,FY23Q2,2022-09-30,Retail (Personal/Unsecured),13653.33,7.724,1054.58,2.781,379.7,0.64,29.56,2.479
NBFC036,Middle Layer,FY23Q2,2022-09-30,Retail (Vehicle),15603.8,4.803,749.45,1.729,269.79,0.64,30.32,1.66
NBFC036,Middle Layer,FY23Q2,2022-09-30,Wholesale/Corporate,9752.38,4.938,481.57,1.778,173.4,0.64,26.2,1.972
NBFC036,Middle Layer,FY23Q4,2023-03-31,Infrastructure,8426.66,3.121,263.0,1.03,86.79,0.67,29.6,2.746
NBFC036,Middle Layer,FY23Q4,2023-03-31,MSME,16853.32,4.392,740.2,1.449,244.2,0.67,30.17,2.877
NBFC036,Middle Layer,FY23Q4,2023-03-31,Microfinance,12639.99,7.664,968.73,2.529,319.67,0.67,27.67,2.667
NBFC036,Middle Layer,FY23Q4,2023-03-31,Retail (Gold),10533.33,1.22,128.51,0.403,42.45,0.67,27.81,2.986
NBFC036,Middle Layer,FY23Q4,2023-03-31,Retail (Housing),14746.66,1.855,273.55,0.612,90.25,0.67,28.42,3.106
NBFC036,Middle Layer,FY23Q4,2023-03-31,Retail (Personal/Unsecured),14746.66,5.98,881.85,1.973,290.95,0.67,27.9,3.465
NBFC036,Middle Layer,FY23Q4,2023-03-31,Retail (Vehicle),16853.32,3.8,640.43,1.254,211.34,0.67,26.11,2.547
NBFC036,Middle Layer,FY23Q4,2023-03-31,Wholesale/Corporate,10533.33,4.199,442.29,1.386,145.99,0.67,26.08,2.758
NBFC036,Middle Layer,FY24Q2,2023-09-30,Infrastructure,9188.57,3.158,290.18,0.947,87.02,0.7,29.08,3.523
NBFC036,Middle Layer,FY24Q2,2023-09-30,MSME,18377.13,4.498,826.6,1.349,247.91,0.7,28.68,3.46
NBFC036,Middle Layer,FY24Q2,2023-09-30,Microfinance,13782.85,6.797,936.82,2.039,281.03,0.7,29.08,3.216
NBFC036,Middle Layer,FY24Q2,2023-09-30,Retail (Gold),11485.71,1.139,130.82,0.342,39.28,0.7,26.43,2.99
NBFC036,Middle Layer,FY24Q2,2023-09-30,Retail (Housing),16079.99,1.801,289.6,0.54,86.83,0.7,24.78,3.692
NBFC036,Middle Layer,FY24Q2,2023-09-30,Retail (Personal/Unsecured),16079.99,5.822,936.18,1.747,280.92,0.7,26.52,3.493
NBFC036,Middle Layer,FY24Q2,2023-09-30,Retail (Vehicle),18377.13,3.46,635.85,1.038,190.75,0.7,25.53,3.119
NBFC036,Middle Layer,FY24Q2,2023-09-30,Wholesale/Corporate,11485.71,3.697,424.63,1.109,127.38,0.7,26.96,3.277
NBFC036,Middle Layer,FY24Q4,2024-03-31,Infrastructure,10239.99,2.027,207.56,0.547,56.01,0.73,24.3,3.388
NBFC036,Middle Layer,FY24Q4,2024-03-31,MSME,20479.99,2.975,609.28,0.803,164.45,0.73,29.52,3.882
NBFC036,Middle Layer,FY24Q4,2024-03-31,Microfinance,15359.99,4.683,719.31,1.264,194.15,0.73,24.39,3.073
NBFC036,Middle Layer,FY24Q4,2024-03-31,Retail (Gold),12799.99,0.776,99.33,0.21,26.88,0.729,25.21,3.663
NBFC036,Middle Layer,FY24Q4,2024-03-31,Retail (Housing),17919.99,1.156,207.16,0.312,55.91,0.73,25.42,3.79
NBFC036,Middle Layer,FY24Q4,2024-03-31,Retail (Personal/Unsecured),17919.99,3.826,685.62,1.033,185.11,0.73,27.71,3.519
NBFC036,Middle Layer,FY24Q4,2024-03-31,Retail (Vehicle),20479.99,2.389,489.27,0.645,132.1,0.73,24.49,3.716
NBFC036,Middle Layer,FY24Q4,2024-03-31,Wholesale/Corporate,12799.99,2.461,315.01,0.664,84.99,0.73,26.77,3.683
NBFC036,Middle Layer,FY25Q2,2024-09-30,Infrastructure,10940.95,2.589,283.26,0.621,67.94,0.76,25.18,2.73
NBFC036,Middle Layer,FY25Q2,2024-09-30,MSME,21881.89,3.926,859.08,0.942,206.13,0.76,25.02,2.569
NBFC036,Middle Layer,FY25Q2,2024-09-30,Microfinance,16411.42,6.297,1033.43,1.511,247.98,0.76,27.93,3.49
NBFC036,Middle Layer,FY25Q2,2024-09-30,Retail (Gold),13676.18,1.041,142.37,0.25,34.19,0.76,28.03,2.648
NBFC036,Middle Layer,FY25Q2,2024-09-30,Retail (Housing),19146.66,1.611,308.45,0.387,74.1,0.76,23.7,2.621
NBFC036,Middle Layer,FY25Q2,2024-09-30,Retail (Personal/Unsecured),19146.66,5.413,1036.41,1.299,248.72,0.76,25.73,3.257
NBFC036,Middle Layer,FY25Q2,2024-09-30,Retail (Vehicle),21881.89,3.094,677.03,0.743,162.58,0.76,24.78,2.8885
NBFC036,Middle Layer,FY25Q2,2024-09-30,Wholesale/Corporate,13676.18,3.293,450.36,0.79,108.04,0.76,26.45,3.578
NBFC036,Middle Layer,FY25Q4,2025-03-31,Infrastructure,11641.9,2.402,279.64,0.504,58.68,0.79,26.5,3.071
NBFC036,Middle Layer,FY25Q4,2025-03-31,MSME,23283.8,3.636,846.6,0.764,177.89,0.79,23.66,3.084
NBFC036,Middle Layer,FY25Q4,2025-03-31,Microfinance,17462.85,5.592,976.52,1.174,205.01,0.79,28.12,3.263
NBFC036,Middle Layer,FY25Q4,2025-03-31,Retail (Gold),14552.37,0.917,133.45,0.201,29.25,0.781,25.86,2.479
NBFC036,Middle Layer,FY25Q4,2025-03-31,Retail (Housing),20373.32,1.472,299.9,0.309,62.95,0.79,26.4,3.047
NBFC036,Middle Layer,FY25Q4,2025-03-31,Retail (Personal/Unsecured),20373.32,4.766,970.99,1.001,203.94,0.79,28.1,3.151
NBFC036,Middle Layer,FY25Q4,2025-03-31,Retail (Vehicle),23283.8,2.932,682.68,0.616,143.43,0.79,23.32,3.343
NBFC036,Middle Layer,FY25Q4,2025-03-31,Wholesale/Corporate,14552.37,3.174,461.89,0.667,97.06,0.79,27.54,3.013
NBFC037,Middle Layer,FY21Q4,2021-03-31,Infrastructure,8039.61,4.878,392.17,2.195,176.47,0.55,24.43,1.895
NBFC037,Middle Layer,FY21Q4,2021-03-31,Retail (Gold),10049.51,1.984,199.38,0.863,86.73,0.565,25.13,1.078
NBFC037,Middle Layer,FY21Q4,2021-03-31,Retail (Housing),14069.32,3.103,436.57,1.379,194.02,0.556,22.2,1.928
NBFC037,Middle Layer,FY21Q4,2021-03-31,Retail (Personal/Unsecured),14069.32,9.486,1334.62,4.269,600.62,0.55,25.69,1.937
NBFC037,Middle Layer,FY21Q4,2021-03-31,Retail (Vehicle),16079.22,5.764,926.81,2.594,417.09,0.55,23.78,0.916
NBFC037,Middle Layer,FY21Q4,2021-03-31,Wholesale/Corporate,10049.51,6.267,629.8,2.82,283.4,0.55,23.01,1.757
NBFC037,Middle Layer,FY22Q2,2021-09-30,Infrastructure,8491.61,5.011,425.51,2.105,178.75,0.58,23.45,1.212
NBFC037,Middle Layer,FY22Q2,2021-09-30,MSME,16983.23,7.575,1286.48,3.181,540.24,0.58,28.04,2.097
NBFC037,Middle Layer,FY22Q2,2021-09-30,Microfinance,12737.42,11.858,1510.4,4.98,634.32,0.58,26.65,2.161
NBFC037,Middle Layer,FY22Q2,2021-09-30,Retail (Gold),10614.52,2.064,219.08,0.867,92.03,0.58,23.32,1.126
NBFC037,Middle Layer,FY22Q2,2021-09-30,Retail (Housing),14860.32,3.1,460.67,1.302,193.48,0.58,28.1,1.86
NBFC037,Middle Layer,FY22Q2,2021-09-30,Retail (Personal/Unsecured),14860.32,9.933,1476.08,4.172,619.97,0.58,25.66,2.01
NBFC037,Middle Layer,FY22Q2,2021-09-30,Retail (Vehicle),16983.23,5.902,1002.35,2.479,421.01,0.58,23.5,1.064
NBFC037,Middle Layer,FY22Q2,2021-09-30,Wholesale/Corporate,10614.52,6.35,674.02,2.667,283.09,0.58,27.13,1.952
NBFC037,Middle Layer,FY22Q4,2022-03-31,Infrastructure,8945.51,4.713,421.6,1.838,164.42,0.61,25.98,1.761
NBFC037,Middle Layer,FY22Q4,2022-03-31,MSME,17891.02,6.866,1228.4,2.678,479.12,0.61,29.14,1.994
NBFC037,Middle Layer,FY22Q4,2022-03-31,Microfinance,13418.26,10.459,1403.42,4.079,547.33,0.61,26.91,1.269
NBFC037,Middle Layer,FY22Q4,2022-03-31,Retail (Gold),11181.88,1.786,199.71,0.697,77.94,0.61,25.18,1.582
NBFC037,Middle Layer,FY22Q4,2022-03-31,Retail (Housing),15654.64,2.906,454.92,1.133,177.37,0.61,28.83,1.874
NBFC037,Middle Layer,FY22Q4,2022-03-31,Retail (Personal/Unsecured),15654.64,9.238,1446.18,3.603,564.04,0.61,25.23,1.749
NBFC037,Middle Layer,FY22Q4,2022-03-31,Retail (Vehicle),17891.02,5.625,1006.37,2.194,392.53,0.61,24.39,2.131
NBFC037,Middle Layer,FY22Q4,2022-03-31,Wholesale/Corporate,11181.88,6.047,676.17,2.358,263.67,0.61,26.58,1.79
NBFC037,Middle Layer,FY23Q2,2022-09-30,Infrastructure,9683.09,3.967,384.13,1.428,138.27,0.64,27.56,2.09
NBFC037,Middle Layer,FY23Q2,2022-09-30,MSME,19366.17,5.561,1076.95,2.002,387.71,0.64,26.11,2.641
NBFC037,Middle Layer,FY23Q2,2022-09-30,Microfinance,14524.63,9.896,1437.36,3.563,517.51,0.64,28.46,2.584
NBFC037,Middle Layer,FY23Q2,2022-09-30,Retail (Gold),12103.86,1.531,185.31,0.551,66.69,0.64,29.57,2.686
NBFC037,Middle Layer,FY23Q2,2022-09-30,Retail (Housing),16945.4,2.596,439.9,0.935,158.44,0.64,24.63,2.256
NBFC037,Middle Layer,FY23Q2,2022-09-30,Retail (Personal/Unsecured),16945.4,7.842,1328.86,2.823,478.37,0.64,24.87,2.0785
NBFC037,Middle Layer,FY23Q2,2022-09-30,Retail (Vehicle),19366.17,4.65,900.53,1.674,324.19,0.64,29.77,2.202
NBFC037,Middle Layer,FY23Q4,2023-03-31,Infrastructure,10458.49,3.252,340.11,1.073,112.22,0.67,27.84,3.214
NBFC037,Middle Layer,FY23Q4,2023-03-31,MSME,20916.98,4.696,982.26,1.55,324.21,0.67,28.52,2.9195
NBFC037,Middle Layer,FY23Q4,2023-03-31,Microfinance,15687.73,7.527,1180.82,2.484,389.68,0.67,28.39,2.631
NBFC037,Middle Layer,FY23Q4,2023-03-31,Retail (Gold),13073.11,1.295,169.3,0.427,55.82,0.67,26.11,3.12
NBFC037,Middle Layer,FY23Q4,2023-03-31,Retail (Housing),18302.36,1.979,362.2,0.653,119.51,0.67,30.31,3.243
NBFC037,Middle Layer,FY23Q4,2023-03-31,Retail (Personal/Unsecured),18302.36,5.876,1075.45,1.939,354.88,0.67,27.71,2.438
NBFC037,Middle Layer,FY23Q4,2023-03-31,Retail (Vehicle),20916.98,3.771,788.78,1.244,260.21,0.67,27.84,3.0
NBFC037,Middle Layer,FY23Q4,2023-03-31,Wholesale/Corporate,13073.11,4.142,541.49,1.367,178.71,0.67,28.94,3.341
NBFC037,Middle Layer,FY24Q2,2023-09-30,Infrastructure,11404.1,2.924,333.46,0.877,100.01,0.7,27.71,2.601
NBFC037,Middle Layer,FY24Q2,2023-09-30,MSME,22808.21,4.27,973.91,1.281,292.17,0.7,29.5,3.047
NBFC037,Middle Layer,FY24Q2,2023-09-30,Microfinance,17106.16,7.162,1225.14,2.149,367.61,0.7,24.7,3.258
NBFC037,Middle Layer,FY24Q2,2023-09-30,Retail (Gold),14255.13,1.223,174.34,0.367,52.32,0.7,24.89,3.448
NBFC037,Middle Layer,FY24Q2,2023-09-30,Retail (Housing),19957.18,1.751,349.45,0.525,104.78,0.7,30.25,3.215
NBFC037,Middle Layer,FY24Q2,2023-09-30,Retail (Personal/Unsecured),19957.18,5.613,1120.2,1.684,336.08,0.7,24.73,3.485
NBFC037,Middle Layer,FY24Q2,2023-09-30,Retail (Vehicle),22808.21,3.361,766.58,1.008,229.91,0.7,27.17,2.92
NBFC037,Middle Layer,FY24Q2,2023-09-30,Wholesale/Corporate,14540.23,3.755,545.99,1.126,163.72,0.7,27.81,2.639
NBFC037,Middle Layer,FY24Q4,2024-03-31,Infrastructure,12709.05,1.931,245.41,0.521,66.21,0.73,26.13,2.816
NBFC037,Middle Layer,FY24Q4,2024-03-31,MSME,25418.1,2.772,704.59,0.748,190.13,0.73,24.93,3.197
NBFC037,Middle Layer,FY24Q4,2024-03-31,Microfinance,19063.58,4.563,869.87,1.232,234.86,0.73,26.79,2.871
NBFC037,Middle Layer,FY24Q4,2024-03-31,Retail (Gold),15886.31,0.734,116.61,0.198,31.45,0.73,27.28,3.447
NBFC037,Middle Layer,FY24Q4,2024-03-31,Retail (Housing),22240.84,1.219,271.12,0.326,72.51,0.733,29.29,3.825
NBFC037,Middle Layer,FY24Q4,2024-03-31,Retail (Personal/Unsecured),22240.84,3.714,826.02,1.003,223.08,0.73,28.73,3.554
NBFC037,Middle Layer,FY24Q4,2024-03-31,Retail (Vehicle),25418.1,2.326,591.23,0.628,159.63,0.73,27.82,3.178
NBFC037,Middle Layer,FY24Q4,2024-03-31,Wholesale/Corporate,15886.31,2.579,409.71,0.696,110.57,0.73,27.24,3.125
NBFC037,Middle Layer,FY25Q2,2024-09-30,Infrastructure,13579.02,2.584,350.88,0.62,84.19,0.76,24.36,2.972
NBFC037,Middle Layer,FY25Q2,2024-09-30,MSME,27158.03,3.954,1073.83,0.949,257.73,0.76,26.23,3.293
NBFC037,Middle Layer,FY25Q2,2024-09-30,Microfinance,20368.52,6.374,1298.29,1.53,311.64,0.76,27.06,3.252
NBFC037,Middle Layer,FY25Q2,2024-09-30,Retail (Gold),16973.77,1.095,185.86,0.263,44.64,0.76,23.9,2.863
NBFC037,Middle Layer,FY25Q2,2024-09-30,Retail (Housing),23763.28,1.621,385.2,0.389,92.44,0.76,28.96,3.5
NBFC037,Middle Layer,FY25Q2,2024-09-30,Retail (Personal/Unsecured),23763.28,5.152,1224.28,1.236,293.71,0.76,28.58,3.322
NBFC037,Middle Layer,FY25Q2,2024-09-30,Retail (Vehicle),27158.03,3.285,892.14,0.788,214.01,0.76,23.52,3.224
NBFC037,Middle Layer,FY25Q2,2024-09-30,Wholesale/Corporate,16973.77,3.295,559.29,0.791,134.26,0.76,28.45,2.752
NBFC037,Middle Layer,FY25Q4,2025-03-31,Infrastructure,14448.98,2.364,341.57,0.496,71.67,0.79,28.05,3.299
NBFC037,Middle Layer,FY25Q4,2025-03-31,Microfinance,21673.47,5.78,1252.73,1.214,263.12,0.79,25.18,2.413
NBFC037,Middle Layer,FY25Q4,2025-03-31,Retail (Gold),18061.23,0.996,179.89,0.209,37.75,0.79,25.77,2.8045
NBFC037,Middle Layer,FY25Q4,2025-03-31,Retail (Housing),25285.72,1.507,381.06,0.316,79.9,0.79,26.1,2.673
NBFC037,Middle Layer,FY25Q4,2025-03-31,Retail (Personal/Unsecured),25285.72,4.709,1190.7,0.989,250.08,0.79,26.13,2.706
NBFC037,Middle Layer,FY25Q4,2025-03-31,Retail (Vehicle),28897.96,2.789,805.96,0.586,169.34,0.79,27.34,2.879
NBFC037,Middle Layer,FY25Q4,2025-03-31,Wholesale/Corporate,18061.23,3.005,542.74,0.631,113.97,0.79,24.79,2.351
NBFC038,Middle Layer,FY21Q4,2021-03-31,Infrastructure,4657.46,5.051,235.25,2.232,103.95,0.558,24.43,1.692
NBFC038,Middle Layer,FY21Q4,2021-03-31,MSME,9314.91,7.341,683.81,3.303,307.67,0.55,24.23,1.381
NBFC038,Middle Layer,FY21Q4,2021-03-31,Microfinance,6986.18,11.55,806.9,5.198,363.14,0.55,26.26,1.58
NBFC038,Middle Layer,FY21Q4,2021-03-31,Retail (Gold),5821.82,1.909,111.14,0.859,50.01,0.55,27.67,2.016
NBFC038,Middle Layer,FY21Q4,2021-03-31,Retail (Housing),8150.55,3.093,252.1,1.392,113.46,0.55,24.29,1.55
NBFC038,Middle Layer,FY21Q4,2021-03-31,Retail (Personal/Unsecured),8150.55,10.023,816.93,4.51,367.59,0.55,24.16,1.508
NBFC038,Middle Layer,FY21Q4,2021-03-31,Retail (Vehicle),9314.91,6.127,570.72,2.757,256.81,0.55,23.17,2.097
NBFC038,Middle Layer,FY21Q4,2021-03-31,Wholesale/Corporate,5821.82,6.487,377.66,2.919,169.94,0.55,22.84,1.968
NBFC038,Middle Layer,FY22Q2,2021-09-30,Infrastructure,4919.31,5.214,256.49,2.19,107.73,0.58,23.36,1.72
NBFC038,Middle Layer,FY22Q2,2021-09-30,MSME,9838.61,7.401,728.16,3.108,305.78,0.58,28.19,1.228
NBFC038,Middle Layer,FY22Q2,2021-09-30,Microfinance,7378.96,11.509,849.24,4.834,356.7,0.58,23.6,1.739
NBFC038,Middle Layer,FY22Q2,2021-09-30,Retail (Gold),6149.13,1.971,121.2,0.828,50.91,0.58,25.09,1.352
NBFC038,Middle Layer,FY22Q2,2021-09-30,Retail (Housing),8608.79,3.243,279.18,1.362,117.25,0.58,23.35,1.622
NBFC038,Middle Layer,FY22Q2,2021-09-30,Retail (Personal/Unsecured),8608.79,10.196,877.75,4.282,368.63,0.58,26.94,1.726
NBFC038,Middle Layer,FY22Q2,2021-09-30,Retail (Vehicle),9838.61,6.155,605.57,2.585,254.33,0.58,25.17,1.717
NBFC038,Middle Layer,FY22Q2,2021-09-30,Wholesale/Corporate,6149.13,6.447,396.43,2.708,166.52,0.58,24.53,1.87
NBFC038,Middle Layer,FY22Q4,2022-03-31,Infrastructure,5182.25,4.484,232.37,1.8205,94.34,0.594,29.22,1.259
NBFC038,Middle Layer,FY22Q4,2022-03-31,Microfinance,7773.38,11.181,869.14,4.361,339.0,0.61,29.34,1.196
NBFC038,Middle Layer,FY22Q4,2022-03-31,Retail (Gold),6477.82,1.86,120.49,0.725,46.96,0.61,25.43,1.157
NBFC038,Middle Layer,FY22Q4,2022-03-31,Retail (Housing),9068.95,2.78,252.12,1.084,98.31,0.61,24.37,1.221
NBFC038,Middle Layer,FY22Q4,2022-03-31,Retail (Personal/Unsecured),9068.95,9.062,821.83,3.534,320.5,0.61,29.2,1.243
NBFC038,Middle Layer,FY22Q4,2022-03-31,Retail (Vehicle),10364.51,5.428,562.59,2.117,219.42,0.61,26.19,1.951
NBFC038,Middle Layer,FY22Q4,2022-03-31,Wholesale/Corporate,6477.82,6.002,388.8,2.341,151.65,0.61,23.79,1.552
NBFC038,Middle Layer,FY23Q2,2022-09-30,Infrastructure,5609.54,4.128,231.56,1.486,83.36,0.64,27.490000000000002,2.105
NBFC038,Middle Layer,FY23Q2,2022-09-30,MSME,11219.09,5.882,659.91,2.118,237.62,0.64,24.43,1.786
NBFC038,Middle Layer,FY23Q2,2022-09-30,Microfinance,8414.32,9.537,802.47,3.433,288.86,0.64,28.7,1.596
NBFC038,Middle Layer,FY23Q2,2022-09-30,Retail (Gold),7011.93,1.628,114.15,0.586,41.09,0.64,27.155,1.997
NBFC038,Middle Layer,FY23Q2,2022-09-30,Retail (Housing),9816.7,2.581,253.37,0.929,91.2,0.64,24.99,2.696
NBFC038,Middle Layer,FY23Q2,2022-09-30,Retail (Personal/Unsecured),9816.7,7.594,745.48,2.734,268.39,0.64,27.665,2.431
NBFC038,Middle Layer,FY23Q2,2022-09-30,Retail (Vehicle),11219.09,4.534,508.67,1.632,183.1,0.64,29.18,2.238
NBFC038,Middle Layer,FY23Q2,2022-09-30,Wholesale/Corporate,7011.93,5.075,355.86,1.827,128.11,0.64,29.45,2.383
NBFC038,Middle Layer,FY23Q4,2023-03-31,Infrastructure,6058.75,3.184,192.91,1.051,63.68,0.67,30.02,3.021
NBFC038,Middle Layer,FY23Q4,2023-03-31,MSME,12117.49,4.359,528.2,1.438,174.25,0.67,28.61,2.931
NBFC038,Middle Layer,FY23Q4,2023-03-31,Microfinance,9088.12,7.229,656.98,2.386,216.84,0.67,28.33,2.665
NBFC038,Middle Layer,FY23Q4,2023-03-31,Retail (Gold),7573.43,1.268,96.03,0.418,31.66,0.67,27.9,2.358
NBFC038,Middle Layer,FY23Q4,2023-03-31,Retail (Housing),10602.81,1.859,197.11,0.613,65.0,0.67,30.12,2.851
NBFC038,Middle Layer,FY23Q4,2023-03-31,Retail (Personal/Unsecured),10602.81,6.239,661.51,2.059,218.31,0.67,26.53,2.923
NBFC038,Middle Layer,FY23Q4,2023-03-31,Retail (Vehicle),12117.49,3.544,429.44,1.17,141.77,0.67,26.75,2.733
NBFC038,Middle Layer,FY23Q4,2023-03-31,Wholesale/Corporate,7573.43,3.889,294.53,1.283,97.17,0.67,28.32,2.506
NBFC038,Middle Layer,FY24Q2,2023-09-30,Infrastructure,6606.55,3.062,202.29,0.919,60.71,0.7,25.77,3.517
NBFC038,Middle Layer,FY24Q2,2023-09-30,MSME,13213.11,4.228,558.65,1.268,167.54,0.7,27.07,2.746
NBFC038,Middle Layer,FY24Q2,2023-09-30,Microfinance,9909.83,6.849,678.72,2.055,203.65,0.7,25.27,2.979
NBFC038,Middle Layer,FY24Q2,2023-09-30,Retail (Gold),8258.19,1.215,100.34,0.364,30.06,0.7,27.78,3.312
NBFC038,Middle Layer,FY24Q2,2023-09-30,Retail (Housing),11561.47,1.754,202.79,0.526,60.81,0.7,29.48,2.975
NBFC038,Middle Layer,FY24Q2,2023-09-30,Retail (Personal/Unsecured),11561.47,5.902,682.36,1.771,204.75,0.7,26.57,3.125
NBFC038,Middle Layer,FY24Q2,2023-09-30,Retail (Vehicle),13213.11,3.584,473.56,1.075,142.04,0.7,28.52,3.275
NBFC038,Middle Layer,FY24Q2,2023-09-30,Wholesale/Corporate,8258.19,3.902,322.23,1.171,96.7,0.7,30.16,2.826
NBFC038,Middle Layer,FY24Q4,2024-03-31,Infrastructure,7362.53,1.884,138.71,0.534,39.32,0.717,23.66,3.633
NBFC038,Middle Layer,FY24Q4,2024-03-31,MSME,14725.05,2.91,428.5,0.786,115.74,0.73,26.72,3.155
NBFC038,Middle Layer,FY24Q4,2024-03-31,Microfinance,11043.79,4.637,512.1,1.271,140.37,0.726,26.69,3.61
NBFC038,Middle Layer,FY24Q4,2024-03-31,Retail (Gold),9203.16,0.783,72.06,0.211,19.42,0.731,26.84,2.708
NBFC038,Middle Layer,FY24Q4,2024-03-31,Retail (Housing),12884.42,1.207,155.51,0.326,42.0,0.73,28.3,3.049
NBFC038,Middle Layer,FY24Q4,2024-03-31,Retail (Personal/Unsecured),12884.42,3.957,509.84,1.068,137.61,0.73,25.9,3.217
NBFC038,Middle Layer,FY24Q4,2024-03-31,Retail (Vehicle),14725.05,2.421,356.49,0.654,96.3,0.73,26.7,3.381
NBFC038,Middle Layer,FY24Q4,2024-03-31,Wholesale/Corporate,9203.16,2.628,241.86,0.71,65.34,0.73,25.57,3.166
NBFC038,Middle Layer,FY25Q2,2024-09-30,Infrastructure,7866.51,2.643,207.91,0.634,49.87,0.76,25.61,3.073
NBFC038,Middle Layer,FY25Q2,2024-09-30,MSME,15733.02,3.874,609.5,0.93,146.32,0.76,28.92,2.797
NBFC038,Middle Layer,FY25Q2,2024-09-30,Microfinance,11799.76,6.267,739.49,1.481,174.75,0.764,28.28,3.428
NBFC038,Middle Layer,FY25Q2,2024-09-30,Retail (Gold),9833.14,1.026,100.89,0.246,24.19,0.76,24.26,2.494
NBFC038,Middle Layer,FY25Q2,2024-09-30,Retail (Housing),13766.39,1.585,218.2,0.38,52.31,0.76,25.58,2.572
NBFC038,Middle Layer,FY25Q2,2024-09-30,Retail (Personal/Unsecured),13766.39,5.079,699.19,1.219,167.81,0.76,24.13,2.856
NBFC038,Middle Layer,FY25Q2,2024-09-30,Retail (Vehicle),15733.02,3.125,491.66,0.75,118.0,0.76,26.32,2.837
NBFC038,Middle Layer,FY25Q2,2024-09-30,Wholesale/Corporate,9833.14,3.386,332.95,0.813,79.94,0.76,27.44,3.389
NBFC038,Middle Layer,FY25Q4,2025-03-31,Infrastructure,8370.49,2.466,206.42,0.518,43.36,0.79,25.05,2.454
NBFC038,Middle Layer,FY25Q4,2025-03-31,MSME,16740.98,3.568,597.32,0.726,121.54,0.797,27.21,2.735
NBFC038,Middle Layer,FY25Q4,2025-03-31,Microfinance,12806.85,5.959,763.16,1.251,160.21,0.79,25.34,2.375
NBFC038,Middle Layer,FY25Q4,2025-03-31,Retail (Gold),10463.11,0.979,102.43,0.206,21.55,0.79,27.9,2.597
NBFC038,Middle Layer,FY25Q4,2025-03-31,Retail (Personal/Unsecured),14648.36,4.730499999999999,692.94,1.0,146.48,0.789,24.17,2.596
NBFC038,Middle Layer,FY25Q4,2025-03-31,Retail (Vehicle),16740.98,2.87,480.47,0.626,104.8,0.782,25.34,3.165
NBFC038,Middle Layer,FY25Q4,2025-03-31,Wholesale/Corporate,10463.11,3.112,325.61,0.666,69.68,0.786,27.83,3.007
NBFC039,Middle Layer,FY21Q4,2021-03-31,Infrastructure,12297.43,4.884,600.61,2.273,279.52,0.535,23.59,1.339
NBFC039,Middle Layer,FY21Q4,2021-03-31,MSME,24594.87,7.087,1743.04,3.189,784.33,0.55,27.27,2.02
NBFC039,Middle Layer,FY21Q4,2021-03-31,Microfinance,18446.15,12.269,2263.16,5.521,1018.41,0.55,27.92,1.53
NBFC039,Middle Layer,FY21Q4,2021-03-31,Retail (Gold),15371.79,1.951,299.9,0.878,134.96,0.55,24.58,1.544
NBFC039,Middle Layer,FY21Q4,2021-03-31,Retail (Housing),21520.51,3.109,669.07,1.399,301.07,0.55,26.62,2.017
NBFC039,Middle Layer,FY21Q4,2021-03-31,Retail (Personal/Unsecured),21520.51,10.142,2182.61,4.564,982.2,0.55,23.71,1.453
NBFC039,Middle Layer,FY21Q4,2021-03-31,Retail (Vehicle),24594.87,5.989,1472.99,2.695,662.83,0.55,23.11,1.879
NBFC039,Middle Layer,FY21Q4,2021-03-31,Wholesale/Corporate,15371.79,6.477,995.63,2.802,430.72,0.567,24.61,0.972
NBFC039,Middle Layer,FY22Q2,2021-09-30,Infrastructure,12988.82,5.416,703.47,2.275,295.5,0.58,28.1,1.181
NBFC039,Middle Layer,FY22Q2,2021-09-30,MSME,25977.64,7.159,1859.74,3.007,781.15,0.58,24.29,1.919
NBFC039,Middle Layer,FY22Q2,2021-09-30,Microfinance,19483.23,12.321,2400.53,5.175,1008.26,0.58,28.53,1.389
NBFC039,Middle Layer,FY22Q2,2021-09-30,Retail (Gold),16236.02,2.03,329.59,0.853,138.49,0.58,28.65,1.032
NBFC039,Middle Layer,FY22Q2,2021-09-30,Retail (Housing),22730.43,3.196,726.46,1.342,305.04,0.58,23.49,2.027
NBFC039,Middle Layer,FY22Q2,2021-09-30,Retail (Vehicle),25977.64,5.944,1544.11,2.496,648.4,0.58,25.08,1.968
NBFC039,Middle Layer,FY22Q2,2021-09-30,Wholesale/Corporate,16236.02,6.414,1041.38,2.694,437.4,0.58,26.25,1.451
NBFC039,Middle Layer,FY22Q4,2022-03-31,Infrastructure,13683.1,4.769,652.55,1.86,254.51,0.61,25.81,2.043
NBFC039,Middle Layer,FY22Q4,2022-03-31,MSME,27366.2,6.595,1804.8,2.572,703.86,0.61,29.35,1.804
NBFC039,Middle Layer,FY22Q4,2022-03-31,Microfinance,20524.65,11.21,2300.81,4.372,897.34,0.61,26.31,1.569
NBFC039,Middle Layer,FY22Q4,2022-03-31,Retail (Gold),17103.87,1.889,323.09,0.737,126.06,0.61,26.26,2.194
NBFC039,Middle Layer,FY22Q4,2022-03-31,Retail (Housing),23945.42,2.979,713.33,1.162,278.25,0.61,23.85,1.409
NBFC039,Middle Layer,FY22Q4,2022-03-31,Retail (Personal/Unsecured),23945.42,8.692,2081.34,3.39,811.75,0.61,26.18,2.197
NBFC039,Middle Layer,FY22Q4,2022-03-31,Retail (Vehicle),27366.2,5.524,1511.71,2.154,589.47,0.61,28.01,1.888
NBFC039,Middle Layer,FY22Q4,2022-03-31,Wholesale/Corporate,17103.87,5.904,1009.81,2.303,393.9,0.61,23.81,2.278
NBFC039,Middle Layer,FY23Q2,2022-09-30,Infrastructure,14811.3,3.993,591.42,1.437,212.84,0.64,24.5,2.486
NBFC039,Middle Layer,FY23Q2,2022-09-30,MSME,29622.61,6.076,1799.87,2.187,647.85,0.64,25.87,1.978
NBFC039,Middle Layer,FY23Q2,2022-09-30,Microfinance,22216.96,9.832,2184.37,3.54,786.48,0.64,27.49,1.546
NBFC039,Middle Layer,FY23Q2,2022-09-30,Retail (Gold),18514.13,1.542,285.49,0.555,102.75,0.64,25.68,2.19
NBFC039,Middle Layer,FY23Q2,2022-09-30,Retail (Housing),25919.78,2.411,624.93,0.868,224.98,0.64,25.61,2.483
NBFC039,Middle Layer,FY23Q2,2022-09-30,Retail (Personal/Unsecured),25919.78,7.619,1974.83,2.743,710.98,0.64,29.4,1.663
NBFC039,Middle Layer,FY23Q2,2022-09-30,Retail (Vehicle),29622.61,4.67,1383.38,1.681,497.96,0.64,30.14,1.715
NBFC039,Middle Layer,FY23Q2,2022-09-30,Wholesale/Corporate,18514.13,5.275,976.62,1.899,351.58,0.64,25.7,2.672
NBFC039,Middle Layer,FY23Q4,2023-03-31,Infrastructure,15997.37,3.262,521.83,1.076,172.13,0.67,28.06,2.393
NBFC039,Middle Layer,FY23Q4,2023-03-31,MSME,31994.73,4.4,1407.77,1.452,464.56,0.67,29.67,2.381
NBFC039,Middle Layer,FY23Q4,2023-03-31,Microfinance,23996.05,7.4,1775.71,2.442,585.98,0.67,28.22,2.904
NBFC039,Middle Layer,FY23Q4,2023-03-31,Retail (Gold),19996.71,1.272,254.36,0.42,83.99,0.67,27.05,3.167
NBFC039,Middle Layer,FY23Q4,2023-03-31,Retail (Housing),27995.39,1.908,534.15,0.63,176.37,0.67,26.62,3.156
NBFC039,Middle Layer,FY23Q4,2023-03-31,Retail (Personal/Unsecured),27995.39,5.921,1657.61,1.954,547.03,0.67,26.22,3.485
NBFC039,Middle Layer,FY23Q4,2023-03-31,Retail (Vehicle),31994.73,3.794,1213.88,1.252,400.57,0.67,27.63,2.391
NBFC039,Middle Layer,FY23Q4,2023-03-31,Wholesale/Corporate,19996.71,4.079,815.67,1.346,269.16,0.67,25.72,3.465
NBFC039,Middle Layer,FY24Q2,2023-09-30,Infrastructure,17443.78,3.057,533.26,0.91,158.74,0.702,26.25,2.779
NBFC039,Middle Layer,FY24Q2,2023-09-30,MSME,34887.57,4.503,1570.99,1.351,471.33,0.7,30.28,3.474
NBFC039,Middle Layer,FY24Q2,2023-09-30,Microfinance,26165.67,7.062,1847.82,2.119,554.45,0.7,28.23,3.105
NBFC039,Middle Layer,FY24Q2,2023-09-30,Retail (Gold),21804.73,1.168,254.68,0.35,76.32,0.7,27.67,3.656
NBFC039,Middle Layer,FY24Q2,2023-09-30,Retail (Housing),30526.62,1.812,553.14,0.544,166.06,0.7,26.31,2.622
NBFC039,Middle Layer,FY24Q2,2023-09-30,Retail (Personal/Unsecured),30526.62,6.103,1863.04,1.831,558.94,0.7,27.42,2.683
NBFC039,Middle Layer,FY24Q2,2023-09-30,Retail (Vehicle),34887.57,3.454,1205.02,1.036,361.44,0.7,29.18,3.257
NBFC039,Middle Layer,FY24Q2,2023-09-30,Wholesale/Corporate,21804.73,3.876,845.15,1.163,253.59,0.7,28.29,3.274
NBFC039,Middle Layer,FY24Q4,2024-03-31,Infrastructure,19439.84,2.072,402.79,0.559,108.67,0.73,25.05,3.642
NBFC039,Middle Layer,FY24Q4,2024-03-31,MSME,38879.67,2.805,1090.57,0.757,294.32,0.73,25.82,3.653
NBFC039,Middle Layer,FY24Q4,2024-03-31,Microfinance,29159.76,4.746,1383.92,1.281,373.54,0.73,26.62,3.316
NBFC039,Middle Layer,FY24Q4,2024-03-31,Retail (Gold),24299.8,0.772,187.59,0.208,50.54,0.731,26.17,2.804
NBFC039,Middle Layer,FY24Q4,2024-03-31,Retail (Housing),34019.72,1.173,399.05,0.317,107.84,0.73,26.68,3.063
NBFC039,Middle Layer,FY24Q4,2024-03-31,Retail (Personal/Unsecured),34019.72,3.89,1323.37,1.05,357.21,0.73,28.08,3.638
NBFC039,Middle Layer,FY24Q4,2024-03-31,Retail (Vehicle),39657.26,2.235,886.34,0.603,239.13,0.73,27.04,3.36
NBFC039,Middle Layer,FY24Q4,2024-03-31,Wholesale/Corporate,24299.8,2.567,623.78,0.693,168.4,0.73,28.39,3.634
NBFC039,Middle Layer,FY25Q2,2024-09-30,Infrastructure,20770.54,2.561,531.93,0.615,127.74,0.76,25.61,3.053
NBFC039,Middle Layer,FY25Q2,2024-09-30,Microfinance,31155.81,6.243,1945.06,1.498,466.71,0.76,25.18,3.485
NBFC039,Middle Layer,FY25Q2,2024-09-30,Retail (Gold),25963.18,1.038,269.5,0.24,62.31,0.769,25.98,2.844
NBFC039,Middle Layer,FY25Q2,2024-09-30,Retail (Housing),36348.45,1.676,609.2,0.402,146.12,0.76,26.06,2.845
NBFC039,Middle Layer,FY25Q2,2024-09-30,Retail (Personal/Unsecured),36348.45,5.499,1998.8,1.32,479.8,0.76,26.42,3.254
NBFC039,Middle Layer,FY25Q2,2024-09-30,Retail (Vehicle),41541.08,3.139,1303.97,0.753,312.8,0.76,27.29,2.526
NBFC039,Middle Layer,FY25Q2,2024-09-30,Wholesale/Corporate,25963.18,3.29,854.19,0.79,205.11,0.76,26.13,2.404
NBFC039,Middle Layer,FY25Q4,2025-03-31,Infrastructure,22101.24,2.481,548.33,0.521,115.15,0.79,24.74,2.413
NBFC039,Middle Layer,FY25Q4,2025-03-31,MSME,44202.49,3.44,1520.57,0.722,319.14,0.79,24.89,2.37
NBFC039,Middle Layer,FY25Q4,2025-03-31,Microfinance,33151.87,5.815,1927.78,1.221,404.78,0.79,25.34,2.339
NBFC039,Middle Layer,FY25Q4,2025-03-31,Retail (Gold),27626.55,0.957,264.39,0.199,54.98,0.792,24.9,2.51
NBFC039,Middle Layer,FY25Q4,2025-03-31,Retail (Housing),38677.18,1.439,556.56,0.302,116.81,0.79,23.29,2.557
NBFC039,Middle Layer,FY25Q4,2025-03-31,Retail (Personal/Unsecured),38677.18,4.791,1853.02,1.006,389.09,0.79,23.58,2.826
NBFC039,Middle Layer,FY25Q4,2025-03-31,Retail (Vehicle),44202.49,2.967,1311.49,0.623,275.38,0.79,25.93,3.334
NBFC039,Middle Layer,FY25Q4,2025-03-31,Wholesale/Corporate,27626.55,3.218,889.02,0.676,186.76,0.79,27.68,3.195
NBFC040,Middle Layer,FY21Q4,2021-03-31,Infrastructure,6051.05,5.067,306.61,2.28,137.96,0.55,27.95,1.875
NBFC040,Middle Layer,FY21Q4,2021-03-31,MSME,12102.11,7.326,886.6,3.297,399.01,0.55,22.57,1.876
NBFC040,Middle Layer,FY21Q4,2021-03-31,Microfinance,9076.58,11.481,1042.08,5.166,468.9,0.55,26.86,1.725
NBFC040,Middle Layer,FY21Q4,2021-03-31,Retail (Gold),7563.82,1.918,145.07,0.863,65.28,0.55,24.56,1.899
NBFC040,Middle Layer,FY21Q4,2021-03-31,Retail (Housing),10589.35,3.103,328.59,1.455,154.08,0.531,23.0,1.68
NBFC040,Middle Layer,FY21Q4,2021-03-31,Retail (Personal/Unsecured),10589.35,10.319,1092.72,4.644,491.77,0.55,23.7,2.032
NBFC040,Middle Layer,FY21Q4,2021-03-31,Retail (Vehicle),12102.11,5.9755,723.16,2.789,337.53,0.533,25.4,1.37
NBFC040,Middle Layer,FY21Q4,2021-03-31,Wholesale/Corporate,7563.82,6.745,510.18,3.035,229.56,0.55,23.41,1.871
NBFC040,Middle Layer,FY22Q2,2021-09-30,Infrastructure,6391.26,5.406,345.51,2.271,145.15,0.58,27.87,1.883
NBFC040,Middle Layer,FY22Q2,2021-09-30,MSME,12782.51,7.839,1002.02,3.292,420.8,0.58,25.22,1.341
NBFC040,Middle Layer,FY22Q2,2021-09-30,Microfinance,9586.89,12.198,1169.41,5.123,491.14,0.58,28.69,1.007
NBFC040,Middle Layer,FY22Q2,2021-09-30,Retail (Gold),7989.07,2.111,168.65,0.887,70.86,0.58,23.61,1.739
NBFC040,Middle Layer,FY22Q2,2021-09-30,Retail (Housing),11184.7,3.067,343.03,1.288,144.06,0.58,27.24,1.835
NBFC040,Middle Layer,FY22Q2,2021-09-30,Retail (Personal/Unsecured),11184.7,9.845,1101.13,4.135,462.49,0.58,23.13,1.976
NBFC040,Middle Layer,FY22Q2,2021-09-30,Retail (Vehicle),12782.51,5.887,752.51,2.473,316.11,0.58,24.83,1.487
NBFC040,Middle Layer,FY22Q2,2021-09-30,Wholesale/Corporate,7989.07,6.308,503.95,2.649,211.63,0.58,25.65,1.287
NBFC040,Middle Layer,FY22Q4,2022-03-31,Infrastructure,6732.88,4.623,311.26,1.803,121.39,0.61,26.37,1.518
NBFC040,Middle Layer,FY22Q4,2022-03-31,MSME,13465.77,6.876,925.91,2.682,361.15,0.61,29.57,1.932
NBFC040,Middle Layer,FY22Q4,2022-03-31,Microfinance,10099.33,11.064,1117.39,4.315,435.79,0.61,26.86,1.891
NBFC040,Middle Layer,FY22Q4,2022-03-31,Retail (Gold),8416.1,1.824,153.51,0.711,59.84,0.61,26.17,1.152
NBFC040,Middle Layer,FY22Q4,2022-03-31,Retail (Housing),11782.55,2.855,336.39,1.113,131.14,0.61,28.2,1.64
NBFC040,Middle Layer,FY22Q4,2022-03-31,Retail (Personal/Unsecured),11782.55,9.271,1092.36,3.5665,420.22,0.615,24.05,1.87
NBFC040,Middle Layer,FY22Q4,2022-03-31,Retail (Vehicle),13465.77,5.36,721.77,2.09,281.43,0.61,24.36,1.931
NBFC040,Middle Layer,FY22Q4,2022-03-31,Wholesale/Corporate,8416.1,6.082,511.87,2.372,199.63,0.61,24.59,2.134
NBFC040,Middle Layer,FY23Q2,2022-09-30,Infrastructure,7288.03,4.23,308.28,1.523,111.0,0.64,26.77,1.906
NBFC040,Middle Layer,FY23Q2,2022-09-30,MSME,14576.05,5.896,859.4,2.123,309.45,0.64,27.51,2.173
NBFC040,Middle Layer,FY23Q2,2022-09-30,Microfinance,10932.04,9.3,1016.68,3.348,366.0,0.64,27.46,1.976
NBFC040,Middle Layer,FY23Q2,2022-09-30,Retail (Gold),9110.03,1.551,141.3,0.5625,51.24,0.637,26.53,2.577
NBFC040,Middle Layer,FY23Q2,2022-09-30,Retail (Housing),12754.05,2.421,308.78,0.872,111.22,0.64,28.8,1.77
NBFC040,Middle Layer,FY23Q2,2022-09-30,Retail (Personal/Unsecured),12754.05,8.241,1051.06,2.967,378.41,0.64,29.91,1.687
NBFC040,Middle Layer,FY23Q2,2022-09-30,Retail (Vehicle),14576.05,4.72,687.99,1.699,247.65,0.64,28.45,2.412
NBFC040,Middle Layer,FY23Q2,2022-09-30,Wholesale/Corporate,9110.03,5.07,461.88,1.825,166.26,0.64,26.82,1.895
NBFC040,Middle Layer,FY23Q4,2023-03-31,Infrastructure,7871.64,3.314,260.87,1.094,86.12,0.67,27.83,3.413
NBFC040,Middle Layer,FY23Q4,2023-03-31,Microfinance,11807.46,7.668,905.4,2.53,298.73,0.67,30.17,3.232
NBFC040,Middle Layer,FY23Q4,2023-03-31,Retail (Gold),9839.55,1.257,123.68,0.415,40.83,0.67,26.27,2.808
NBFC040,Middle Layer,FY23Q4,2023-03-31,Retail (Housing),13775.37,2.029,279.5,0.67,92.29,0.67,29.77,2.498
NBFC040,Middle Layer,FY23Q4,2023-03-31,Retail (Vehicle),15743.28,3.604,567.39,1.189,187.19,0.67,24.72,2.755
NBFC040,Middle Layer,FY23Q4,2023-03-31,Wholesale/Corporate,9839.55,3.973,390.93,1.311,129.0,0.67,29.98,3.089
NBFC040,Middle Layer,FY24Q2,2023-09-30,Infrastructure,8583.36,3.127,268.4,0.938,80.51,0.7,30.36,3.191
NBFC040,Middle Layer,FY24Q2,2023-09-30,MSME,17166.72,4.278,734.39,1.283,220.25,0.7,27.86,3.318
NBFC040,Middle Layer,FY24Q2,2023-09-30,Microfinance,12875.04,6.811,876.92,2.043,263.04,0.7,25.14,3.104
NBFC040,Middle Layer,FY24Q2,2023-09-30,Retail (Gold),10729.2,1.172,125.75,0.352,37.77,0.7,25.91,2.661
NBFC040,Middle Layer,FY24Q2,2023-09-30,Retail (Housing),15020.88,1.876,281.79,0.563,84.57,0.7,30.33,3.655
NBFC040,Middle Layer,FY24Q2,2023-09-30,Retail (Personal/Unsecured),15020.88,5.995,900.5,1.798,270.08,0.7,28.49,2.73
NBFC040,Middle Layer,FY24Q2,2023-09-30,Retail (Vehicle),17166.72,3.514,603.24,1.054,180.94,0.7,27.63,2.99
NBFC040,Middle Layer,FY24Q2,2023-09-30,Wholesale/Corporate,10729.2,3.812,409.0,1.144,122.74,0.7,28.92,2.719
NBFC040,Middle Layer,FY24Q4,2024-03-31,Infrastructure,9565.53,1.971,188.54,0.532,50.89,0.73,27.03,3.897
NBFC040,Middle Layer,FY24Q4,2024-03-31,MSME,19131.07,2.844,544.09,0.768,146.93,0.73,29.15,3.734
NBFC040,Middle Layer,FY24Q4,2024-03-31,Microfinance,14348.3,4.692,673.22,1.267,181.79,0.73,26.63,3.424
NBFC040,Middle Layer,FY24Q4,2024-03-31,Retail (Gold),11956.92,0.738,88.24,0.199,23.79,0.73,24.92,2.971
NBFC040,Middle Layer,FY24Q4,2024-03-31,Retail (Housing),16739.68,1.209,202.38,0.326,54.57,0.73,27.98,3.052
NBFC040,Middle Layer,FY24Q4,2024-03-31,Retail (Personal/Unsecured),16739.68,3.668,614.01,0.99,165.72,0.73,27.84,3.262
NBFC040,Middle Layer,FY24Q4,2024-03-31,Retail (Vehicle),19131.07,2.393,457.81,0.646,123.59,0.73,29.13,3.157
NBFC040,Middle Layer,FY24Q4,2024-03-31,Wholesale/Corporate,11956.92,2.49,297.73,0.672,80.35,0.73,28.24,3.576
NBFC040,Middle Layer,FY25Q2,2024-09-30,Infrastructure,10220.32,2.657,271.55,0.638,65.21,0.76,28.96,2.7
NBFC040,Middle Layer,FY25Q2,2024-09-30,MSME,20440.64,3.731,762.64,0.895,182.94,0.76,25.17,2.999
NBFC040,Middle Layer,FY25Q2,2024-09-30,Microfinance,15330.48,6.409,982.53,1.538,235.78,0.76,27.06,2.834
NBFC040,Middle Layer,FY25Q2,2024-09-30,Retail (Gold),12775.4,1.038,132.61,0.249,31.81,0.76,23.57,2.737
NBFC040,Middle Layer,FY25Q2,2024-09-30,Retail (Housing),17885.56,1.714,306.56,0.411,73.51,0.76,28.95,2.88
NBFC040,Middle Layer,FY25Q2,2024-09-30,Retail (Personal/Unsecured),17885.56,5.42,969.4,1.301,232.69,0.76,27.4,2.895
NBFC040,Middle Layer,FY25Q2,2024-09-30,Retail (Vehicle),20440.64,3.017,616.69,0.724,147.99,0.76,24.19,2.761
NBFC040,Middle Layer,FY25Q2,2024-09-30,Wholesale/Corporate,12775.4,3.384,432.32,0.812,103.74,0.76,23.32,2.868
NBFC040,Middle Layer,FY25Q4,2025-03-31,Infrastructure,10875.1,2.58,280.58,0.542,58.94,0.79,28.08,3.081
NBFC040,Middle Layer,FY25Q4,2025-03-31,MSME,21750.2,3.519,765.39,0.739,160.73,0.79,23.75,2.273
NBFC040,Middle Layer,FY25Q4,2025-03-31,Microfinance,16312.65,5.699,929.66,1.197,195.26,0.79,28.21,2.41
NBFC040,Middle Layer,FY25Q4,2025-03-31,Retail (Gold),13593.88,0.955,129.82,0.201,27.32,0.79,27.3,3.2
NBFC040,Middle Layer,FY25Q4,2025-03-31,Retail (Housing),19031.43,1.468,279.38,0.308,58.62,0.79,27.23,3.145
NBFC040,Middle Layer,FY25Q4,2025-03-31,Retail (Personal/Unsecured),19031.43,4.706,895.62,0.988,188.03,0.79,28.06,2.562
NBFC040,Middle Layer,FY25Q4,2025-03-31,Retail (Vehicle),21750.2,2.949,641.41,0.619,134.63,0.79,28.08,2.804
NBFC040,Middle Layer,FY25Q4,2025-03-31,Wholesale/Corporate,13593.88,3.003,408.22,0.631,85.78,0.79,23.67,2.846
NBFC041,Base Layer,FY21Q4,2021-03-31,Infrastructure,165.2,5.262,8.69,2.368,3.91,0.55,24.34,1.7
NBFC041,Base Layer,FY21Q4,2021-03-31,MSME,1156.41,7.296,84.37,3.283,37.96,0.55,25.17,2.091
NBFC041,Base Layer,FY21Q4,2021-03-31,Microfinance,1652.01,11.515,190.23,5.182,85.61,0.55,22.41,1.046
NBFC041,Base Layer,FY21Q4,2021-03-31,Retail (Gold),1486.81,1.991,29.6,0.896,13.32,0.55,27.48,1.97
NBFC041,Base Layer,FY21Q4,2021-03-31,Retail (Housing),660.8,3.04,20.09,1.368,9.04,0.55,22.45,2.034
NBFC041,Base Layer,FY21Q4,2021-03-31,Retail (Personal/Unsecured),1486.81,9.428,140.18,4.243,63.09,0.55,26.97,0.909
NBFC041,Base Layer,FY21Q4,2021-03-31,Retail (Vehicle),1156.41,5.642,65.24,2.539,29.36,0.55,23.99,1.619
NBFC041,Base Layer,FY21Q4,2021-03-31,Wholesale/Corporate,495.6,6.646,32.94,2.991,14.82,0.55,25.64,1.068
NBFC041,Base Layer,FY22Q2,2021-09-30,Infrastructure,174.49,4.933,8.61,2.072,3.62,0.58,24.65,1.493
NBFC041,Base Layer,FY22Q2,2021-09-30,MSME,1221.42,7.102,86.75,2.983,36.43,0.58,25.5,1.135
NBFC041,Base Layer,FY22Q2,2021-09-30,Microfinance,1744.89,11.864,207.01,4.983,86.95,0.58,23.21,2.099
NBFC041,Base Layer,FY22Q2,2021-09-30,Retail (Gold),1570.4,2.053,32.24,0.862,13.54,0.58,24.13,1.8
NBFC041,Base Layer,FY22Q2,2021-09-30,Retail (Housing),697.95,3.194,22.29,1.341,9.36,0.58,25.95,1.373
NBFC041,Base Layer,FY22Q2,2021-09-30,Retail (Personal/Unsecured),1570.4,10.0375,157.63,4.155,65.25,0.586,23.59,1.608
NBFC041,Base Layer,FY22Q2,2021-09-30,Retail (Vehicle),1221.42,6.048,73.87,2.54,31.02,0.58,23.66,2.012
NBFC041,Base Layer,FY22Q2,2021-09-30,Wholesale/Corporate,523.47,6.644,34.78,2.79,14.6,0.58,25.12,1.467
NBFC041,Base Layer,FY22Q4,2022-03-31,Infrastructure,183.82,4.546,8.36,1.773,3.26,0.61,29.69,2.125
NBFC041,Base Layer,FY22Q4,2022-03-31,MSME,1286.71,6.755,86.92,2.634,33.89,0.61,27.48,1.479
NBFC041,Base Layer,FY22Q4,2022-03-31,Microfinance,1838.15,10.387,190.93,4.051,74.46,0.61,27.89,1.954
NBFC041,Base Layer,FY22Q4,2022-03-31,Retail (Housing),735.26,2.889,21.24,1.127,8.29,0.61,25.97,1.556
NBFC041,Base Layer,FY22Q4,2022-03-31,Retail (Personal/Unsecured),1654.34,9.152,151.41,3.569,59.04,0.61,29.68,1.137
NBFC041,Base Layer,FY22Q4,2022-03-31,Retail (Vehicle),1286.71,5.372,69.12,2.095,26.96,0.61,27.65,1.811
NBFC041,Base Layer,FY22Q4,2022-03-31,Wholesale/Corporate,551.45,5.908,32.58,2.304,12.71,0.61,26.73,1.486
NBFC041,Base Layer,FY23Q2,2022-09-30,Infrastructure,198.97,4.135,8.23,1.489,2.96,0.64,28.23,2.149
NBFC041,Base Layer,FY23Q2,2022-09-30,Retail (Gold),1790.74,1.612,28.87,0.58,10.39,0.64,27.04,2.062
NBFC041,Base Layer,FY23Q2,2022-09-30,Retail (Housing),795.89,2.379,18.93,0.856,6.81,0.64,29.35,2.585
NBFC041,Base Layer,FY23Q2,2022-09-30,Retail (Personal/Unsecured),1826.55,8.116,148.24,2.922,53.37,0.64,25.79,1.605
NBFC041,Base Layer,FY23Q2,2022-09-30,Retail (Vehicle),1392.8,4.871,67.84,1.754,24.43,0.64,26.55,2.02
NBFC041,Base Layer,FY23Q2,2022-09-30,Wholesale/Corporate,596.91,5.422,32.36,1.952,11.65,0.64,25.03,2.647
NBFC041,Base Layer,FY23Q4,2023-03-31,Infrastructure,214.9,3.029,6.51,1.0,2.15,0.67,30.48,3.026
NBFC041,Base Layer,FY23Q4,2023-03-31,MSME,1504.33,4.646,69.89,1.533,23.06,0.67,25.46,2.632
NBFC041,Base Layer,FY23Q4,2023-03-31,Microfinance,2149.05,7.348,157.91,2.425,52.11,0.67,29.37,2.563
NBFC041,Base Layer,FY23Q4,2023-03-31,Retail (Gold),1934.14,1.263,24.43,0.417,8.07,0.67,28.57,2.76
NBFC041,Base Layer,FY23Q4,2023-03-31,Retail (Housing),859.62,1.854,15.94,0.612,5.26,0.67,30.14,3.394
NBFC041,Base Layer,FY23Q4,2023-03-31,Retail (Personal/Unsecured),1934.14,6.042,116.86,1.994,38.57,0.67,24.98,2.785
NBFC041,Base Layer,FY23Q4,2023-03-31,Retail (Vehicle),1504.33,3.882,58.4,1.281,19.27,0.67,26.92,2.786
NBFC041,Base Layer,FY23Q4,2023-03-31,Wholesale/Corporate,644.71,3.943,25.42,1.301,8.39,0.67,24.8,2.653
NBFC041,Base Layer,FY24Q2,2023-09-30,Infrastructure,234.34,2.952,6.92,0.886,2.08,0.699,25.92,2.562
NBFC041,Base Layer,FY24Q2,2023-09-30,MSME,1640.35,4.427,72.62,1.328,21.78,0.7,28.11,2.98
NBFC041,Base Layer,FY24Q2,2023-09-30,Microfinance,2343.36,7.216,169.1,2.165,50.73,0.7,30.27,3.653
NBFC041,Base Layer,FY24Q2,2023-09-30,Retail (Gold),2109.02,1.182,24.93,0.355,7.49,0.7,27.84,3.308
NBFC041,Base Layer,FY24Q2,2023-09-30,Retail (Housing),937.34,1.923,18.03,0.577,5.41,0.7,30.5,2.578
NBFC041,Base Layer,FY24Q2,2023-09-30,Retail (Personal/Unsecured),2109.02,5.629,118.72,1.689,35.62,0.7,28.08,2.895
NBFC041,Base Layer,FY24Q2,2023-09-30,Retail (Vehicle),1640.35,3.638,59.68,1.091,17.9,0.7,24.79,3.088
NBFC041,Base Layer,FY24Q2,2023-09-30,Wholesale/Corporate,703.01,3.992,28.06,1.198,8.42,0.7,27.18,2.514
NBFC041,Base Layer,FY24Q4,2024-03-31,Infrastructure,261.15,2.055,5.37,0.555,1.45,0.73,25.04,3.192
NBFC041,Base Layer,FY24Q4,2024-03-31,Microfinance,2611.5,4.479,116.97,1.209,31.57,0.73,27.75,3.744
NBFC041,Base Layer,FY24Q4,2024-03-31,Retail (Gold),2350.35,0.752,17.67,0.203,4.77,0.73,27.23,3.4
NBFC041,Base Layer,FY24Q4,2024-03-31,Retail (Housing),1044.6,1.209,12.63,0.326,3.41,0.73,28.73,3.046
NBFC041,Base Layer,FY24Q4,2024-03-31,Retail (Personal/Unsecured),2350.35,4.008,94.2,1.082,25.43,0.73,23.65,3.262
NBFC041,Base Layer,FY24Q4,2024-03-31,Retail (Vehicle),1828.05,2.239,40.93,0.622,11.37,0.722,26.4,3.381
NBFC041,Base Layer,FY24Q4,2024-03-31,Wholesale/Corporate,783.45,2.505,19.63,0.676,5.3,0.73,24.33,2.969
NBFC041,Base Layer,FY25Q2,2024-09-30,Infrastructure,279.03,2.747,7.66,0.659,1.84,0.76,23.22,3.35
NBFC041,Base Layer,FY25Q2,2024-09-30,MSME,1953.18,3.839,74.98,0.921,17.99,0.76,28.26,2.579
NBFC041,Base Layer,FY25Q2,2024-09-30,Microfinance,2790.26,6.271,174.98,1.505,41.99,0.76,27.37,3.598
NBFC041,Base Layer,FY25Q2,2024-09-30,Retail (Gold),2511.24,1.004,25.21,0.241,6.05,0.76,26.95,3.25
NBFC041,Base Layer,FY25Q2,2024-09-30,Retail (Housing),1116.11,1.688,18.84,0.405,4.52,0.76,25.13,2.904
NBFC041,Base Layer,FY25Q2,2024-09-30,Retail (Personal/Unsecured),2511.24,5.462,137.16,1.311,32.92,0.76,26.64,2.437
NBFC041,Base Layer,FY25Q2,2024-09-30,Retail (Vehicle),1953.18,3.128,61.1,0.751,14.67,0.76,24.74,2.663
NBFC041,Base Layer,FY25Q2,2024-09-30,Wholesale/Corporate,837.08,3.365,28.17,0.808,6.76,0.76,26.46,2.745
NBFC041,Base Layer,FY25Q4,2025-03-31,Infrastructure,296.9,2.555,7.59,0.537,1.59,0.791,26.52,2.37
NBFC041,Base Layer,FY25Q4,2025-03-31,MSME,2078.32,3.696,76.81,0.776,16.13,0.79,22.7,2.344
NBFC041,Base Layer,FY25Q4,2025-03-31,Microfinance,2969.03,5.641,167.48,1.185,35.18,0.79,28.29,2.687
NBFC041,Base Layer,FY25Q4,2025-03-31,Retail (Gold),2672.12,0.92,24.58,0.193,5.16,0.79,23.56,2.404
NBFC041,Base Layer,FY25Q4,2025-03-31,Retail (Housing),1187.61,1.439,17.09,0.302,3.59,0.79,27.45,2.987
NBFC041,Base Layer,FY25Q4,2025-03-31,Retail (Personal/Unsecured),2672.12,4.662,124.57,0.979,26.16,0.79,28.49,2.782
NBFC041,Base Layer,FY25Q4,2025-03-31,Retail (Vehicle),2078.32,2.87,59.65,0.632,13.13,0.78,24.33,3.222
NBFC041,Base Layer,FY25Q4,2025-03-31,Wholesale/Corporate,890.71,3.294,29.34,0.692,6.16,0.79,28.25,3.047
NBFC042,Base Layer,FY21Q4,2021-03-31,Infrastructure,297.07,4.968,14.76,2.236,6.64,0.55,24.57,1.004
NBFC042,Base Layer,FY21Q4,2021-03-31,MSME,2079.5,7.494,155.84,3.372,70.12,0.55,25.9,1.187
NBFC042,Base Layer,FY21Q4,2021-03-31,Microfinance,2970.72,11.893,353.31,5.419,160.98,0.544,23.61,1.246
NBFC042,Base Layer,FY21Q4,2021-03-31,Retail (Gold),2673.64,2.012,53.79,0.905,24.2,0.55,23.31,1.545
NBFC042,Base Layer,FY21Q4,2021-03-31,Retail (Housing),1188.29,3.178,37.76,1.43,16.99,0.55,27.74,1.007
NBFC042,Base Layer,FY21Q4,2021-03-31,Retail (Personal/Unsecured),2673.64,10.2,272.71,4.59,122.72,0.55,26.92,1.365
NBFC042,Base Layer,FY21Q4,2021-03-31,Retail (Vehicle),2079.5,6.108,127.02,2.749,57.17,0.55,24.02,1.993
NBFC042,Base Layer,FY21Q4,2021-03-31,Wholesale/Corporate,891.21,6.261,55.8,2.817,25.11,0.55,25.16,1.353
NBFC042,Base Layer,FY22Q2,2021-09-30,Infrastructure,313.77,5.14,16.13,2.159,6.77,0.58,26.27,1.868
NBFC042,Base Layer,FY22Q2,2021-09-30,MSME,2196.41,7.792,171.14,3.273,71.89,0.58,27.29,1.961
NBFC042,Base Layer,FY22Q2,2021-09-30,Microfinance,3137.74,11.505,361.0,4.832,151.62,0.58,27.6,2.167
NBFC042,Base Layer,FY22Q2,2021-09-30,Retail (Gold),2823.96,1.978,55.86,0.831,23.47,0.58,27.34,1.63
NBFC042,Base Layer,FY22Q2,2021-09-30,Retail (Housing),1255.09,3.067,38.49,1.288,16.17,0.58,28.08,1.643
NBFC042,Base Layer,FY22Q2,2021-09-30,Retail (Personal/Unsecured),2823.96,9.627,271.86,4.043,114.17,0.58,24.56,1.953
NBFC042,Base Layer,FY22Q2,2021-09-30,Retail (Vehicle),2196.41,5.78,126.95,2.428,53.33,0.58,28.87,1.364
NBFC042,Base Layer,FY22Q2,2021-09-30,Wholesale/Corporate,941.32,6.415,60.39,2.694,25.36,0.58,24.53,1.237
NBFC042,Base Layer,FY22Q4,2022-03-31,Infrastructure,330.55,4.503,14.88,1.756,5.8,0.61,23.75,1.246
NBFC042,Base Layer,FY22Q4,2022-03-31,MSME,2313.82,6.837,158.2,2.666,61.69,0.61,26.12,2.225
NBFC042,Base Layer,FY22Q4,2022-03-31,Microfinance,3305.45,10.483,346.51,4.088,135.13,0.61,25.89,1.779
NBFC042,Base Layer,FY22Q4,2022-03-31,Retail (Gold),2974.91,1.891,56.26,0.737,21.93,0.61,29.45,1.556
NBFC042,Base Layer,FY22Q4,2022-03-31,Retail (Housing),1322.18,2.903,38.38,1.132,14.97,0.61,28.8,2.04
NBFC042,Base Layer,FY22Q4,2022-03-31,Retail (Personal/Unsecured),2974.91,8.962,266.61,3.495,103.97,0.61,28.02,2.283
NBFC042,Base Layer,FY22Q4,2022-03-31,Retail (Vehicle),2313.82,5.224,120.87,2.037,47.13,0.61,26.42,1.467
NBFC042,Base Layer,FY22Q4,2022-03-31,Wholesale/Corporate,991.64,6.211,61.59,2.422,24.02,0.61,25.14,1.156
NBFC042,Base Layer,FY23Q2,2022-09-30,Infrastructure,357.8,4.163,14.9,1.499,5.36,0.64,27.71,1.643
NBFC042,Base Layer,FY23Q2,2022-09-30,MSME,2504.6,5.978,149.72,2.152,53.9,0.64,25.01,2.052
NBFC042,Base Layer,FY23Q2,2022-09-30,Microfinance,3578.0,9.421,337.08,3.381,120.97,0.641,29.9,2.003
NBFC042,Base Layer,FY23Q2,2022-09-30,Retail (Gold),3220.2,1.53,49.27,0.551,17.74,0.64,24.48,2.4
NBFC042,Base Layer,FY23Q2,2022-09-30,Retail (Housing),1431.2,2.48,35.49,0.893,12.78,0.64,27.2,2.448
NBFC042,Base Layer,FY23Q2,2022-09-30,Retail (Personal/Unsecured),3220.2,7.547,243.03,2.717,87.49,0.64,30.17,2.06
NBFC042,Base Layer,FY23Q2,2022-09-30,Retail (Vehicle),2504.6,4.62,115.71,1.663,41.65,0.64,26.91,2.11
NBFC042,Base Layer,FY23Q2,2022-09-30,Wholesale/Corporate,1073.4,4.925,52.86,1.773,19.03,0.64,26.28,1.604
NBFC042,Base Layer,FY23Q4,2023-03-31,Infrastructure,386.45,3.311,12.8,1.093,4.22,0.67,28.82,2.533
NBFC042,Base Layer,FY23Q4,2023-03-31,MSME,2705.16,4.463,120.73,1.473,39.85,0.67,26.14,2.908
NBFC042,Base Layer,FY23Q4,2023-03-31,Microfinance,3864.52,7.277,281.22,2.401,92.79,0.67,28.395,2.992
NBFC042,Base Layer,FY23Q4,2023-03-31,Retail (Gold),3478.06,1.2,41.74,0.396,13.77,0.67,27.74,3.414
NBFC042,Base Layer,FY23Q4,2023-03-31,Retail (Housing),1545.81,1.986,30.7,0.655,10.13,0.67,25.42,2.92
NBFC042,Base Layer,FY23Q4,2023-03-31,Retail (Personal/Unsecured),3478.06,6.169,214.56,2.036,70.81,0.67,26.73,3.022
NBFC042,Base Layer,FY23Q4,2023-03-31,Retail (Vehicle),2705.16,3.556,96.2,1.173,31.73,0.67,29.04,3.332
NBFC042,Base Layer,FY23Q4,2023-03-31,Wholesale/Corporate,1159.35,4.058,47.05,1.339,15.52,0.67,30.14,2.721
NBFC042,Base Layer,FY24Q2,2023-09-30,Infrastructure,421.39,2.894,12.2,0.868,3.66,0.7,25.33,2.581
NBFC042,Base Layer,FY24Q2,2023-09-30,MSME,2949.75,4.492,132.5,1.348,39.76,0.7,25.2,2.812
NBFC042,Base Layer,FY24Q2,2023-09-30,Microfinance,4213.93,7.112,299.69,2.134,89.93,0.7,25.22,2.941
NBFC042,Base Layer,FY24Q2,2023-09-30,Retail (Gold),3792.54,1.122,42.55,0.337,12.78,0.7,25.61,3.641
NBFC042,Base Layer,FY24Q2,2023-09-30,Retail (Housing),1685.57,1.761,29.68,0.528,8.9,0.7,26.98,2.814
NBFC042,Base Layer,FY24Q2,2023-09-30,Retail (Personal/Unsecured),3792.54,5.703,216.29,1.711,64.89,0.7,26.93,3.436
NBFC042,Base Layer,FY24Q2,2023-09-30,Retail (Vehicle),2949.75,3.511,103.57,1.053,31.06,0.7,29.1,2.895
NBFC042,Base Layer,FY24Q2,2023-09-30,Wholesale/Corporate,1264.18,3.8434999999999997,48.59,1.1,13.91,0.714,27.66,2.648
NBFC042,Base Layer,FY24Q4,2024-03-31,Infrastructure,469.61,2.064,9.69,0.557,2.62,0.73,26.87,3.778
NBFC042,Base Layer,FY24Q4,2024-03-31,Microfinance,4696.12,4.781,224.52,1.291,60.63,0.73,26.43,2.752
NBFC042,Base Layer,FY24Q4,2024-03-31,Retail (Gold),4226.51,0.769,32.5,0.208,8.79,0.73,26.47,2.943
NBFC042,Base Layer,FY24Q4,2024-03-31,Retail (Housing),1878.45,1.222,22.95,0.33,6.2,0.73,26.97,3.617
NBFC042,Base Layer,FY24Q4,2024-03-31,Retail (Personal/Unsecured),4226.51,3.977,168.09,1.074,45.39,0.73,23.7,3.086
NBFC042,Base Layer,FY24Q4,2024-03-31,Retail (Vehicle),3287.28,2.377,78.14,0.642,21.1,0.73,25.99,2.961
NBFC042,Base Layer,FY24Q4,2024-03-31,Wholesale/Corporate,1408.84,2.416,34.04,0.652,9.19,0.73,28.06,3.151
NBFC042,Base Layer,FY25Q2,2024-09-30,Infrastructure,501.76,2.715,13.62,0.652,3.27,0.76,25.78,3.248
NBFC042,Base Layer,FY25Q2,2024-09-30,MSME,3512.31,4.032,141.62,0.968,34.0,0.76,24.96,3.437
NBFC042,Base Layer,FY25Q2,2024-09-30,Microfinance,5017.58,6.1,306.07,1.464,73.46,0.76,23.14,2.856
NBFC042,Base Layer,FY25Q2,2024-09-30,Retail (Gold),4515.82,1.045,47.19,0.251,11.33,0.76,26.26,3.078
NBFC042,Base Layer,FY25Q2,2024-09-30,Retail (Housing),2007.03,1.633,32.77,0.392,7.87,0.76,27.24,3.347
NBFC042,Base Layer,FY25Q2,2024-09-30,Retail (Personal/Unsecured),4515.82,5.076,229.22,1.218,55.0,0.76,25.19,2.716
NBFC042,Base Layer,FY25Q2,2024-09-30,Retail (Vehicle),3512.31,3.21,112.75,0.77,27.04,0.76,25.51,2.485
NBFC042,Base Layer,FY25Q2,2024-09-30,Wholesale/Corporate,1505.27,3.416,51.42,0.82,12.34,0.76,25.12,2.734
NBFC042,Base Layer,FY25Q4,2025-03-31,Infrastructure,533.9,2.347,12.53,0.493,2.63,0.79,28.44,2.698
NBFC042,Base Layer,FY25Q4,2025-03-31,Microfinance,5339.04,5.538,295.68,1.163,62.09,0.79,26.19,2.727
NBFC042,Base Layer,FY25Q4,2025-03-31,Retail (Gold),4805.14,0.973,46.75,0.204,9.8,0.79,26.22,2.35
NBFC042,Base Layer,FY25Q4,2025-03-31,Retail (Housing),2135.62,1.437,30.69,0.302,6.45,0.79,25.92,2.704
NBFC042,Base Layer,FY25Q4,2025-03-31,Retail (Personal/Unsecured),4805.14,4.995,240.02,1.049,50.41,0.79,26.02,2.509
NBFC042,Base Layer,FY25Q4,2025-03-31,Retail (Vehicle),3737.33,2.85,106.51,0.598,22.35,0.79,25.94,2.994
NBFC042,Base Layer,FY25Q4,2025-03-31,Wholesale/Corporate,1601.71,3.23,51.74,0.678,10.86,0.79,23.19,3.106
NBFC043,Base Layer,FY21Q4,2021-03-31,Infrastructure,217.32,4.894,10.64,2.202,4.79,0.55,24.14,1.557
NBFC043,Base Layer,FY21Q4,2021-03-31,MSME,1521.27,7.641,116.24,3.438,52.3,0.55,23.52,1.964
NBFC043,Base Layer,FY21Q4,2021-03-31,Microfinance,2173.25,11.625,252.64,5.231,113.68,0.55,27.83,2.025
NBFC043,Base Layer,FY21Q4,2021-03-31,Retail (Gold),1955.92,2.054,40.17,0.924,18.07,0.55,22.41,1.286
NBFC043,Base Layer,FY21Q4,2021-03-31,Retail (Housing),869.3,2.994,26.03,1.347,11.71,0.55,25.76,1.649
NBFC043,Base Layer,FY21Q4,2021-03-31,Retail (Personal/Unsecured),1955.92,9.951,194.63,4.478,87.59,0.55,22.36,1.82
NBFC043,Base Layer,FY21Q4,2021-03-31,Retail (Vehicle),1521.27,6.065,92.27,2.729,41.52,0.55,25.13,1.5145
NBFC043,Base Layer,FY21Q4,2021-03-31,Wholesale/Corporate,651.97,6.486,42.29,2.919,19.03,0.55,23.44,1.837
NBFC043,Base Layer,FY22Q2,2021-09-30,Infrastructure,229.54,4.963,11.39,2.084,4.78,0.58,28.48,1.46
NBFC043,Base Layer,FY22Q2,2021-09-30,MSME,1606.8,7.574,121.7,3.181,51.11,0.58,27.17,1.323
NBFC043,Base Layer,FY22Q2,2021-09-30,Microfinance,2295.43,12.551,288.1,5.271,120.99,0.58,25.89,1.068
NBFC043,Base Layer,FY22Q2,2021-09-30,Retail (Gold),2065.89,1.961,40.51,0.824,17.02,0.58,24.76,1.112
NBFC043,Base Layer,FY22Q2,2021-09-30,Retail (Housing),918.17,3.006,27.6,1.263,11.6,0.58,25.62,1.015
NBFC043,Base Layer,FY22Q2,2021-09-30,Retail (Personal/Unsecured),2065.89,10.523,217.39,4.42,91.31,0.58,25.935000000000002,1.939
NBFC043,Base Layer,FY22Q2,2021-09-30,Retail (Vehicle),1606.8,6.161,98.99,2.498,40.14,0.595,24.35,1.255
NBFC043,Base Layer,FY22Q2,2021-09-30,Wholesale/Corporate,688.63,6.49,44.69,2.726,18.77,0.58,26.83,1.189
NBFC043,Base Layer,FY22Q4,2022-03-31,Infrastructure,241.81,4.777,11.55,1.863,4.5,0.61,26.69,2.072
NBFC043,Base Layer,FY22Q4,2022-03-31,MSME,1692.69,6.604,111.79,2.576,43.6,0.61,27.48,2.261
NBFC043,Base Layer,FY22Q4,2022-03-31,Microfinance,2418.13,10.716,259.13,4.179,101.05,0.61,27.1,1.73
NBFC043,Base Layer,FY22Q4,2022-03-31,Retail (Gold),2176.31,1.818,39.57,0.709,15.43,0.61,28.84,1.672
NBFC043,Base Layer,FY22Q4,2022-03-31,Retail (Housing),967.25,2.819,27.27,1.099,10.63,0.61,26.63,2.151
NBFC043,Base Layer,FY22Q4,2022-03-31,Retail (Personal/Unsecured),2176.31,8.747,190.36,3.411,74.23,0.61,27.72,1.98
NBFC043,Base Layer,FY22Q4,2022-03-31,Retail (Vehicle),1692.69,5.251,88.88,2.048,34.67,0.61,28.36,1.116
NBFC043,Base Layer,FY22Q4,2022-03-31,Wholesale/Corporate,725.44,6.267,45.46,2.444,17.73,0.61,27.7,1.675
NBFC043,Base Layer,FY23Q2,2022-09-30,Infrastructure,261.75,3.982,10.42,1.434,3.75,0.64,29.29,1.988
NBFC043,Base Layer,FY23Q2,2022-09-30,MSME,1832.25,5.988,109.72,2.156,39.5,0.64,28.6,2.673
NBFC043,Base Layer,FY23Q2,2022-09-30,Microfinance,2617.51,9.822,257.09,3.536,92.56,0.64,26.6,1.678
NBFC043,Base Layer,FY23Q2,2022-09-30,Retail (Gold),2355.76,1.542,36.33,0.555,13.07,0.64,24.72,1.599
NBFC043,Base Layer,FY23Q2,2022-09-30,Retail (Housing),1047.0,2.412,25.25,0.868,9.09,0.64,26.05,1.657
NBFC043,Base Layer,FY23Q2,2022-09-30,Retail (Personal/Unsecured),2355.76,8.136,191.66,2.929,69.0,0.64,28.53,1.975
NBFC043,Base Layer,FY23Q2,2022-09-30,Retail (Vehicle),1832.25,4.934,90.4,1.776,32.54,0.64,25.67,1.637
NBFC043,Base Layer,FY23Q2,2022-09-30,Wholesale/Corporate,785.25,5.156,40.49,1.856,14.57,0.64,27.84,1.505
NBFC043,Base Layer,FY23Q4,2023-03-31,Infrastructure,282.71,3.069,8.68,1.013,2.86,0.671,27.945,2.801
NBFC043,Base Layer,FY23Q4,2023-03-31,MSME,1978.98,4.569,90.42,1.508,29.84,0.67,25.34,3.254
NBFC043,Base Layer,FY23Q4,2023-03-31,Microfinance,2827.11,7.092,200.5,2.34,66.15,0.67,29.64,2.543
NBFC043,Base Layer,FY23Q4,2023-03-31,Retail (Gold),2544.4,1.274,32.42,0.42,10.69,0.67,25.0,3.224
NBFC043,Base Layer,FY23Q4,2023-03-31,Retail (Housing),1153.46,1.979,22.83,0.653,7.53,0.67,28.78,3.113
NBFC043,Base Layer,FY23Q4,2023-03-31,Retail (Personal/Unsecured),2544.4,6.024,153.27,1.988,50.58,0.67,29.17,2.799
NBFC043,Base Layer,FY23Q4,2023-03-31,Retail (Vehicle),1978.98,3.758,74.37,1.24,24.54,0.67,24.88,3.375
NBFC043,Base Layer,FY23Q4,2023-03-31,Wholesale/Corporate,848.13,3.86,32.74,1.274,10.81,0.67,27.13,3.234
NBFC043,Base Layer,FY24Q2,2023-09-30,Infrastructure,308.27,3.099,9.55,0.93,2.87,0.699,28.32,2.631
NBFC043,Base Layer,FY24Q2,2023-09-30,MSME,2157.91,4.558,98.36,1.367,29.5,0.7,25.56,3.24
NBFC043,Base Layer,FY24Q2,2023-09-30,Microfinance,3082.73,7.017,216.32,2.199,67.79,0.687,29.52,3.104
NBFC043,Base Layer,FY24Q2,2023-09-30,Retail (Gold),2774.45,1.166,32.35,0.35,9.71,0.7,29.03,3.442
NBFC043,Base Layer,FY24Q2,2023-09-30,Retail (Housing),1233.09,1.826,22.52,0.548,6.76,0.7,27.395,2.568
NBFC043,Base Layer,FY24Q2,2023-09-30,Retail (Personal/Unsecured),2774.45,6.05,167.85,1.815,50.36,0.7,28.27,2.974
NBFC043,Base Layer,FY24Q2,2023-09-30,Retail (Vehicle),2157.91,3.561,76.84,1.068,23.05,0.7,26.53,3.391
NBFC043,Base Layer,FY24Q2,2023-09-30,Wholesale/Corporate,924.82,3.661,33.86,1.098,10.15,0.7,26.18,3.407
NBFC043,Base Layer,FY24Q4,2024-03-31,Infrastructure,343.55,2.064,7.09,0.557,1.91,0.731,26.31,3.865
NBFC043,Base Layer,FY24Q4,2024-03-31,MSME,2404.83,2.856,68.68,0.771,18.54,0.73,25.81,3.788
NBFC043,Base Layer,FY24Q4,2024-03-31,Microfinance,3435.48,4.618,158.65,1.247,42.84,0.73,23.96,2.96
NBFC043,Base Layer,FY24Q4,2024-03-31,Retail (Gold),3091.93,0.756,23.37,0.204,6.31,0.73,28.39,3.003
NBFC043,Base Layer,FY24Q4,2024-03-31,Retail (Housing),1374.19,1.21,16.63,0.327,4.49,0.73,25.14,2.974
NBFC043,Base Layer,FY24Q4,2024-03-31,Retail (Personal/Unsecured),3091.93,3.826,118.3,1.033,31.94,0.73,24.91,3.367
NBFC043,Base Layer,FY24Q4,2024-03-31,Retail (Vehicle),2404.83,2.199,52.88,0.594,14.28,0.73,26.09,3.804
NBFC043,Base Layer,FY24Q4,2024-03-31,Wholesale/Corporate,1030.64,2.64,27.21,0.713,7.35,0.73,24.85,2.847
NBFC043,Base Layer,FY25Q2,2024-09-30,Infrastructure,367.06,2.63,9.65,0.631,2.32,0.76,25.7,2.431
NBFC043,Base Layer,FY25Q2,2024-09-30,MSME,2569.45,3.936,101.13,0.945,24.28,0.76,25.71,3.27
NBFC043,Base Layer,FY25Q2,2024-09-30,Microfinance,3670.64,5.981,219.54,1.435,52.67,0.76,25.27,3.367
NBFC043,Base Layer,FY25Q2,2024-09-30,Retail (Gold),3303.58,1.012,33.43,0.243,8.03,0.76,25.11,2.545
NBFC043,Base Layer,FY25Q2,2024-09-30,Retail (Personal/Unsecured),3303.58,5.499,181.66,1.32,43.61,0.76,28.21,2.675
NBFC043,Base Layer,FY25Q2,2024-09-30,Retail (Vehicle),2569.45,3.23,82.99,0.775,19.91,0.76,25.38,2.684
NBFC043,Base Layer,FY25Q2,2024-09-30,Wholesale/Corporate,1101.19,3.357,36.97,0.806,8.88,0.76,28.52,2.937
NBFC043,Base Layer,FY25Q4,2025-03-31,Infrastructure,390.58,2.455,9.59,0.516,2.02,0.789,26.31,2.335
NBFC043,Base Layer,FY25Q4,2025-03-31,Microfinance,3905.81,5.763,225.09,1.21,47.26,0.79,28.11,2.763
NBFC043,Base Layer,FY25Q4,2025-03-31,Retail (Gold),3515.23,0.997,35.05,0.209,7.35,0.79,23.1,3.098
NBFC043,Base Layer,FY25Q4,2025-03-31,Retail (Housing),1562.32,1.571,24.54,0.33,5.16,0.79,22.73,2.923
NBFC043,Base Layer,FY25Q4,2025-03-31,Retail (Personal/Unsecured),3515.23,4.585,161.17,0.963,33.85,0.79,23.91,2.703
NBFC043,Base Layer,FY25Q4,2025-03-31,Retail (Vehicle),2734.07,2.88,78.74,0.605,16.54,0.79,24.1,2.638
NBFC043,Base Layer,FY25Q4,2025-03-31,Wholesale/Corporate,1171.74,3.02,35.39,0.634,7.43,0.79,24.58,3.017
NBFC044,Base Layer,FY21Q4,2021-03-31,Infrastructure,289.93,5.051,14.64,2.273,6.59,0.55,22.54,1.464
NBFC044,Base Layer,FY21Q4,2021-03-31,Microfinance,2899.3,11.569,335.42,5.206,150.94,0.55,24.1,1.709
NBFC044,Base Layer,FY21Q4,2021-03-31,Retail (Gold),2609.37,1.986,51.82,0.894,23.33,0.55,24.42,1.591
NBFC044,Base Layer,FY21Q4,2021-03-31,Retail (Housing),1159.72,3.242,37.6,1.459,16.92,0.55,24.65,2.067
NBFC044,Base Layer,FY21Q4,2021-03-31,Retail (Personal/Unsecured),2609.37,10.155,264.98,4.57,119.25,0.55,23.93,1.552
NBFC044,Base Layer,FY21Q4,2021-03-31,Retail (Vehicle),2029.51,5.672,115.11,2.552,51.79,0.55,25.87,1.01
NBFC044,Base Layer,FY21Q4,2021-03-31,Wholesale/Corporate,869.79,6.57,57.15,2.956,25.71,0.55,22.29,1.046
NBFC044,Base Layer,FY22Q2,2021-09-30,Infrastructure,306.23,4.995,15.3,2.098,6.42,0.58,28.23,1.891
NBFC044,Base Layer,FY22Q2,2021-09-30,MSME,2143.61,7.174,153.78,3.013,64.59,0.58,26.81,2.09
NBFC044,Base Layer,FY22Q2,2021-09-30,Microfinance,3062.31,12.232,374.58,5.137,157.31,0.58,24.43,1.031
NBFC044,Base Layer,FY22Q2,2021-09-30,Retail (Gold),2756.08,1.916,52.81,0.805,22.19,0.58,28.64,1.491
NBFC044,Base Layer,FY22Q2,2021-09-30,Retail (Housing),1224.92,3.073,37.64,1.291,15.81,0.58,25.02,1.303
NBFC044,Base Layer,FY22Q2,2021-09-30,Retail (Personal/Unsecured),2756.08,9.683,266.87,4.067,112.09,0.58,25.935000000000002,1.214
NBFC044,Base Layer,FY22Q2,2021-09-30,Retail (Vehicle),2143.61,5.751,123.28,2.415,51.77,0.58,24.06,1.408
NBFC044,Base Layer,FY22Q2,2021-09-30,Wholesale/Corporate,918.69,6.877,63.18,2.888,26.53,0.58,28.02,1.924
NBFC044,Base Layer,FY22Q4,2022-03-31,Infrastructure,322.6,4.828,15.58,1.883,6.07,0.61,28.68,2.096
NBFC044,Base Layer,FY22Q4,2022-03-31,MSME,2258.2,6.613,149.33,2.579,58.24,0.61,29.46,2.104
NBFC044,Base Layer,FY22Q4,2022-03-31,Microfinance,3225.99,10.84,349.7,4.228,136.39,0.61,29.56,1.958
NBFC044,Base Layer,FY22Q4,2022-03-31,Retail (Gold),2903.39,1.754,50.93,0.684,19.86,0.61,28.29,1.569
NBFC044,Base Layer,FY22Q4,2022-03-31,Retail (Housing),1290.4,2.941,37.95,1.147,14.8,0.61,25.82,1.561
NBFC044,Base Layer,FY22Q4,2022-03-31,Retail (Personal/Unsecured),2903.39,9.167,266.15,3.575,103.8,0.61,24.13,1.532
NBFC044,Base Layer,FY22Q4,2022-03-31,Retail (Vehicle),2258.2,5.382,121.54,2.099,47.4,0.61,26.64,1.317
NBFC044,Base Layer,FY22Q4,2022-03-31,Wholesale/Corporate,967.8,6.124,59.27,2.388,23.11,0.61,26.5,1.336
NBFC044,Base Layer,FY23Q2,2022-09-30,Infrastructure,349.2,4.003,13.98,1.441,5.03,0.64,24.68,2.251
NBFC044,Base Layer,FY23Q2,2022-09-30,MSME,2444.39,6.082,148.67,2.19,53.53,0.64,25.23,2.398
NBFC044,Base Layer,FY23Q2,2022-09-30,Microfinance,3491.98,9.42,328.94,3.391,118.41,0.64,29.09,1.882
NBFC044,Base Layer,FY23Q2,2022-09-30,Retail (Gold),3142.79,1.623,51.01,0.584,18.35,0.64,28.31,2.638
NBFC044,Base Layer,FY23Q2,2022-09-30,Retail (Housing),1396.79,2.44,34.08,0.878,12.26,0.64,25.24,2.358
NBFC044,Base Layer,FY23Q2,2022-09-30,Retail (Personal/Unsecured),3142.79,8.097,254.47,2.915,91.61,0.64,27.665,1.794
NBFC044,Base Layer,FY23Q2,2022-09-30,Retail (Vehicle),2444.39,4.883,119.36,1.758,42.97,0.64,27.71,2.293
NBFC044,Base Layer,FY23Q2,2022-09-30,Wholesale/Corporate,1047.6,5.304,55.56,1.909,20.0,0.64,29.67,2.25
NBFC044,Base Layer,FY23Q4,2023-03-31,Infrastructure,377.16,3.07,11.58,1.013,3.82,0.67,27.945,3.11
NBFC044,Base Layer,FY23Q4,2023-03-31,MSME,2640.13,4.599,121.42,1.518,40.08,0.67,29.93,3.478
NBFC044,Base Layer,FY23Q4,2023-03-31,Microfinance,3771.62,7.598,286.57,2.507,94.55,0.67,26.48,2.541
NBFC044,Base Layer,FY23Q4,2023-03-31,Retail (Gold),3394.45,1.224,41.55,0.404,13.71,0.67,26.81,3.08
NBFC044,Base Layer,FY23Q4,2023-03-31,Retail (Housing),1508.65,1.964,29.63,0.648,9.78,0.67,30.29,2.723
NBFC044,Base Layer,FY23Q4,2023-03-31,Retail (Personal/Unsecured),3394.45,5.946,201.83,1.962,66.6,0.67,25.76,3.417
NBFC044,Base Layer,FY23Q4,2023-03-31,Retail (Vehicle),2640.13,3.858,101.86,1.273,33.61,0.67,26.35,2.381
NBFC044,Base Layer,FY23Q4,2023-03-31,Wholesale/Corporate,1131.48,4.25,48.09,1.402,15.86,0.67,27.23,2.54
NBFC044,Base Layer,FY24Q2,2023-09-30,Infrastructure,411.26,2.987,12.28,0.896,3.68,0.7,26.71,2.555
NBFC044,Base Layer,FY24Q2,2023-09-30,MSME,2878.84,4.31,124.08,1.293,37.22,0.7,28.35,3.335
NBFC044,Base Layer,FY24Q2,2023-09-30,Microfinance,4112.63,7.045,289.73,2.113,86.9,0.7,30.11,3.226
NBFC044,Base Layer,FY24Q2,2023-09-30,Retail (Gold),3701.37,1.226,45.38,0.368,13.62,0.7,28.1,3.665
NBFC044,Base Layer,FY24Q2,2023-09-30,Retail (Housing),1645.05,1.859,30.58,0.558,9.18,0.7,27.28,2.633
NBFC044,Base Layer,FY24Q2,2023-09-30,Retail (Personal/Unsecured),3701.37,5.617,207.91,1.769,65.48,0.685,28.02,3.468
NBFC044,Base Layer,FY24Q2,2023-09-30,Retail (Vehicle),2878.84,3.395,97.74,1.018,29.31,0.7,27.57,3.553
NBFC044,Base Layer,FY24Q2,2023-09-30,Wholesale/Corporate,1233.79,3.763,46.43,1.129,13.93,0.7,29.37,3.1254999999999997
NBFC044,Base Layer,FY24Q4,2024-03-31,Infrastructure,458.32,1.885,8.64,0.509,2.33,0.73,26.08,3.476
NBFC044,Base Layer,FY24Q4,2024-03-31,Microfinance,4583.23,4.582,210.0,1.237,56.69,0.73,24.46,2.774
NBFC044,Base Layer,FY24Q4,2024-03-31,Retail (Gold),4124.91,0.783,32.3,0.211,8.7,0.731,24.33,3.887
NBFC044,Base Layer,FY24Q4,2024-03-31,Retail (Housing),1833.29,1.186,21.74,0.32,5.87,0.73,24.99,3.209
NBFC044,Base Layer,FY24Q4,2024-03-31,Retail (Personal/Unsecured),4124.91,3.74,154.27,1.01,41.66,0.73,27.57,3.883
NBFC044,Base Layer,FY24Q4,2024-03-31,Retail (Vehicle),3208.26,2.278,73.08,0.615,19.73,0.73,29.33,3.237
NBFC044,Base Layer,FY24Q4,2024-03-31,Wholesale/Corporate,1374.97,2.603,35.79,0.703,9.67,0.73,25.24,3.266
NBFC044,Base Layer,FY25Q2,2024-09-30,Infrastructure,489.7,2.623,12.84,0.63,3.09,0.759,23.36,3.177
NBFC044,Base Layer,FY25Q2,2024-09-30,MSME,3427.87,3.763,128.99,0.903,30.95,0.76,28.48,2.632
NBFC044,Base Layer,FY25Q2,2024-09-30,Microfinance,4896.96,6.569,321.68,1.577,77.23,0.76,24.27,3.41
NBFC044,Base Layer,FY25Q2,2024-09-30,Retail (Gold),4407.27,1.041,45.88,0.25,11.02,0.76,23.13,2.911
NBFC044,Base Layer,FY25Q2,2024-09-30,Retail (Personal/Unsecured),4407.27,5.351,235.83,1.284,56.59,0.76,28.83,2.673
NBFC044,Base Layer,FY25Q2,2024-09-30,Retail (Vehicle),3427.87,3.141,107.67,0.754,25.85,0.76,26.73,2.878
NBFC044,Base Layer,FY25Q2,2024-09-30,Wholesale/Corporate,1469.09,3.48,51.12,0.835,12.27,0.76,28.24,2.739
NBFC044,Base Layer,FY25Q4,2025-03-31,Infrastructure,521.07,2.58,13.44,0.542,2.82,0.79,25.05,2.634
NBFC044,Base Layer,FY25Q4,2025-03-31,MSME,3647.49,3.411,124.42,0.716,26.12,0.79,23.14,3.13
NBFC044,Base Layer,FY25Q4,2025-03-31,Microfinance,5210.7,5.991,312.17,1.258,65.55,0.79,23.98,3.396
NBFC044,Base Layer,FY25Q4,2025-03-31,Retail (Gold),4689.63,0.913,42.82,0.192,9.0,0.79,25.68,2.783
NBFC044,Base Layer,FY25Q4,2025-03-31,Retail (Housing),2084.28,1.496,31.18,0.314,6.54,0.79,23.86,2.426
NBFC044,Base Layer,FY25Q4,2025-03-31,Retail (Personal/Unsecured),4689.63,4.791,224.68,1.006,47.18,0.79,24.92,3.313
NBFC044,Base Layer,FY25Q4,2025-03-31,Retail (Vehicle),3647.49,2.842,103.66,0.597,21.78,0.79,28.63,2.316
NBFC044,Base Layer,FY25Q4,2025-03-31,Wholesale/Corporate,1563.21,3.153,49.29,0.662,10.35,0.79,23.91,2.413
NBFC045,Base Layer,FY21Q4,2021-03-31,Infrastructure,245.29,5.155,12.64,2.32,5.69,0.55,27.02,1.864
NBFC045,Base Layer,FY21Q4,2021-03-31,MSME,1717.01,7.201,123.64,3.24,55.63,0.55,22.22,1.806
NBFC045,Base Layer,FY21Q4,2021-03-31,Microfinance,2452.87,12.223,299.81,5.5,134.91,0.55,23.24,1.597
NBFC045,Base Layer,FY21Q4,2021-03-31,Retail (Gold),2207.58,1.984,43.8,0.879,19.4,0.557,22.85,1.059
NBFC045,Base Layer,FY21Q4,2021-03-31,Retail (Housing),981.15,3.077,30.19,1.385,13.59,0.55,24.65,1.5565
NBFC045,Base Layer,FY21Q4,2021-03-31,Retail (Personal/Unsecured),2207.58,9.922,219.04,4.52,99.78,0.544,25.29,2.064
NBFC045,Base Layer,FY21Q4,2021-03-31,Retail (Vehicle),1717.01,6.18,106.11,2.781,47.75,0.55,23.94,2.002
NBFC045,Base Layer,FY21Q4,2021-03-31,Wholesale/Corporate,735.86,6.288,46.27,2.83,20.82,0.55,22.76,1.735
NBFC045,Base Layer,FY22Q2,2021-09-30,Infrastructure,259.08,5.234,13.56,2.198,5.69,0.58,27.89,1.025
NBFC045,Base Layer,FY22Q2,2021-09-30,MSME,1813.54,7.508,136.16,3.153,57.18,0.58,23.54,1.952
NBFC045,Base Layer,FY22Q2,2021-09-30,Microfinance,2590.78,12.284,318.25,5.159,133.66,0.58,26.91,1.347
NBFC045,Base Layer,FY22Q2,2021-09-30,Retail (Gold),2331.7,1.929,44.98,0.81,18.89,0.58,25.34,2.0
NBFC045,Base Layer,FY22Q2,2021-09-30,Retail (Housing),1036.31,3.109,32.22,1.306,13.53,0.58,27.31,2.128
NBFC045,Base Layer,FY22Q2,2021-09-30,Retail (Personal/Unsecured),2331.7,10.357,241.49,4.35,101.43,0.58,25.935000000000002,1.49
NBFC045,Base Layer,FY22Q2,2021-09-30,Retail (Vehicle),1813.54,5.936,107.65,2.493,45.21,0.58,27.49,1.306
NBFC045,Base Layer,FY22Q2,2021-09-30,Wholesale/Corporate,777.23,6.346,49.32,2.665,20.71,0.58,23.89,1.687
NBFC045,Base Layer,FY22Q4,2022-03-31,Infrastructure,272.93,4.904,13.38,1.913,5.22,0.61,26.7,1.181
NBFC045,Base Layer,FY22Q4,2022-03-31,MSME,1910.48,7.007,133.87,2.733,52.21,0.61,28.99,1.503
NBFC045,Base Layer,FY22Q4,2022-03-31,Microfinance,2729.26,11.035,301.17,4.304,117.47,0.61,28.49,2.184
NBFC045,Base Layer,FY22Q4,2022-03-31,Retail (Gold),2456.33,1.877,46.11,0.732,17.98,0.61,26.46,1.98
NBFC045,Base Layer,FY22Q4,2022-03-31,Retail (Housing),1091.7,2.799,30.56,1.092,11.92,0.61,26.11,1.905
NBFC045,Base Layer,FY22Q4,2022-03-31,Retail (Personal/Unsecured),2456.33,9.542,234.38,3.5665,87.61,0.626,25.03,2.04
NBFC045,Base Layer,FY22Q4,2022-03-31,Retail (Vehicle),1910.48,5.463,104.37,2.05,39.16,0.625,26.4,1.302
NBFC045,Base Layer,FY22Q4,2022-03-31,Wholesale/Corporate,818.78,6.12,50.11,2.387,19.54,0.61,28.82,1.544
NBFC045,Base Layer,FY23Q2,2022-09-30,Infrastructure,295.43,4.249,12.55,1.53,4.52,0.64,28.69,1.907
NBFC045,Base Layer,FY23Q2,2022-09-30,MSME,2068.0,5.622,116.26,2.024,41.86,0.64,27.73,1.522
NBFC045,Base Layer,FY23Q2,2022-09-30,Microfinance,2954.29,9.484,280.18,3.414,100.86,0.64,28.19,2.632
NBFC045,Base Layer,FY23Q2,2022-09-30,Retail (Gold),2658.86,1.58,42.01,0.569,15.13,0.64,28.65,1.51
NBFC045,Base Layer,FY23Q2,2022-09-30,Retail (Housing),1181.72,2.433,28.75,0.876,10.35,0.64,24.97,2.696
NBFC045,Base Layer,FY23Q2,2022-09-30,Retail (Personal/Unsecured),2658.86,7.958,211.59,2.865,76.18,0.64,24.74,1.965
NBFC045,Base Layer,FY23Q2,2022-09-30,Retail (Vehicle),2068.0,4.791,99.08,1.725,35.67,0.64,28.04,2.622
NBFC045,Base Layer,FY23Q2,2022-09-30,Wholesale/Corporate,886.29,5.416,48.0,1.95,17.28,0.64,24.96,2.417
NBFC045,Base Layer,FY23Q4,2023-03-31,Infrastructure,319.09,3.063,9.77,1.011,3.23,0.669,26.93,2.874
NBFC045,Base Layer,FY23Q4,2023-03-31,MSME,2233.61,4.653,103.93,1.535,34.29,0.67,30.34,2.405
NBFC045,Base Layer,FY23Q4,2023-03-31,Microfinance,3190.87,7.257,231.56,2.395,76.42,0.67,29.27,2.796
NBFC045,Base Layer,FY23Q4,2023-03-31,Retail (Gold),2871.78,1.274,36.59,0.42,12.06,0.67,29.54,3.111
NBFC045,Base Layer,FY23Q4,2023-03-31,Retail (Housing),1276.35,2.022,25.81,0.667,8.51,0.67,28.09,3.414
NBFC045,Base Layer,FY23Q4,2023-03-31,Retail (Personal/Unsecured),2871.78,6.19,177.76,2.026,58.18,0.673,24.55,3.167
NBFC045,Base Layer,FY23Q4,2023-03-31,Retail (Vehicle),2233.61,3.869,86.42,1.277,28.52,0.67,27.46,2.318
NBFC045,Base Layer,FY23Q4,2023-03-31,Wholesale/Corporate,957.26,4.102,39.27,1.354,12.96,0.67,27.13,3.072
NBFC045,Base Layer,FY24Q2,2023-09-30,Infrastructure,347.94,3.057,10.64,0.917,3.19,0.7,24.81,3.438
NBFC045,Base Layer,FY24Q2,2023-09-30,MSME,2435.56,4.448,108.33,1.334,32.49,0.7,25.28,2.724
NBFC045,Base Layer,FY24Q2,2023-09-30,Microfinance,3479.37,6.997,243.45,2.099,73.03,0.7,29.11,2.913
NBFC045,Base Layer,FY24Q2,2023-09-30,Retail (Gold),3131.43,1.126,35.26,0.338,10.58,0.7,28.06,2.761
NBFC045,Base Layer,FY24Q2,2023-09-30,Retail (Housing),1391.75,1.794,24.97,0.538,7.49,0.7,29.25,3.536
NBFC045,Base Layer,FY24Q2,2023-09-30,Retail (Personal/Unsecured),3131.43,5.894,184.57,1.768,55.36,0.7,26.16,3.156
NBFC045,Base Layer,FY24Q2,2023-09-30,Retail (Vehicle),2435.56,3.531,86.0,1.031,25.11,0.708,25.57,3.587
NBFC045,Base Layer,FY24Q2,2023-09-30,Wholesale/Corporate,1043.81,4.027,42.03,1.208,12.61,0.7,27.81,3.311
NBFC045,Base Layer,FY24Q4,2024-03-31,Infrastructure,387.75,2.001,7.76,0.54,2.09,0.731,28.32,3.66
NBFC045,Base Layer,FY24Q4,2024-03-31,MSME,2714.26,2.957,80.26,0.798,21.66,0.73,29.47,3.177
NBFC045,Base Layer,FY24Q4,2024-03-31,Microfinance,3877.51,4.533,175.77,1.224,47.46,0.73,27.08,3.2119999999999997
NBFC045,Base Layer,FY24Q4,2024-03-31,Retail (Gold),3489.76,0.752,26.24,0.208,7.26,0.723,27.47,2.854
NBFC045,Base Layer,FY24Q4,2024-03-31,Retail (Personal/Unsecured),3489.76,3.872,135.12,1.045,36.47,0.73,24.29,3.178
NBFC045,Base Layer,FY24Q4,2024-03-31,Retail (Vehicle),2714.26,2.368,64.27,0.639,17.34,0.73,27.52,3.224
NBFC045,Base Layer,FY24Q4,2024-03-31,Wholesale/Corporate,1163.25,2.485,28.91,0.671,7.81,0.73,29.28,3.699
NBFC045,Base Layer,FY25Q2,2024-09-30,Infrastructure,414.29,2.78,11.52,0.667,2.76,0.76,26.85,2.961
NBFC045,Base Layer,FY25Q2,2024-09-30,MSME,2900.05,4.063,117.83,0.975,28.28,0.76,23.94,3.3
NBFC045,Base Layer,FY25Q2,2024-09-30,Microfinance,4142.93,6.543,271.07,1.57,65.04,0.76,24.04,3.217
NBFC045,Base Layer,FY25Q2,2024-09-30,Retail (Gold),3728.64,1.048,39.08,0.252,9.4,0.759,25.45,3.451
NBFC045,Base Layer,FY25Q2,2024-09-30,Retail (Housing),1657.17,1.616,26.78,0.388,6.43,0.76,25.99,2.607
NBFC045,Base Layer,FY25Q2,2024-09-30,Retail (Personal/Unsecured),3728.64,5.342,199.18,1.282,47.8,0.76,26.795,2.843
NBFC045,Base Layer,FY25Q2,2024-09-30,Retail (Vehicle),2900.05,3.115,90.34,0.748,21.69,0.76,26.9,3.143
NBFC045,Base Layer,FY25Q2,2024-09-30,Wholesale/Corporate,1242.88,3.39,42.13,0.814,10.12,0.76,25.15,3.047
NBFC045,Base Layer,FY25Q4,2025-03-31,Infrastructure,440.84,2.379,10.49,0.5,2.2,0.79,26.84,2.576
NBFC045,Base Layer,FY25Q4,2025-03-31,MSME,3085.85,3.704,114.3,0.778,24.01,0.79,25.57,3.316
NBFC045,Base Layer,FY25Q4,2025-03-31,Microfinance,4408.36,5.693,250.97,1.196,52.72,0.79,26.4,2.943
NBFC045,Base Layer,FY25Q4,2025-03-31,Retail (Gold),3967.52,0.958,38.01,0.201,7.97,0.79,24.76,2.542
NBFC045,Base Layer,FY25Q4,2025-03-31,Retail (Housing),1763.34,1.58,27.86,0.332,5.85,0.79,28.01,2.276
NBFC045,Base Layer,FY25Q4,2025-03-31,Retail (Personal/Unsecured),3967.52,4.773,189.37,1.002,39.75,0.79,25.51,3.05
NBFC045,Base Layer,FY25Q4,2025-03-31,Retail (Vehicle),3085.85,2.799,86.37,0.588,18.14,0.79,22.84,2.69
NBFC045,Base Layer,FY25Q4,2025-03-31,Wholesale/Corporate,1322.51,3.065,40.53,0.644,8.52,0.79,24.86,2.701
NBFC046,Base Layer,FY21Q4,2021-03-31,Infrastructure,267.25,5.053,13.5,2.274,6.08,0.55,26.99,1.968
NBFC046,Base Layer,FY21Q4,2021-03-31,MSME,1870.76,7.657,143.24,3.446,64.47,0.55,23.17,1.343
NBFC046,Base Layer,FY21Q4,2021-03-31,Microfinance,2672.51,11.254,300.76,5.064,135.34,0.55,27.66,1.58
NBFC046,Base Layer,FY21Q4,2021-03-31,Retail (Gold),2405.26,1.885,45.34,0.848,20.4,0.55,23.46,0.962
NBFC046,Base Layer,FY21Q4,2021-03-31,Retail (Housing),1069.0,3.181,34.0,1.431,15.3,0.55,26.9,1.236
NBFC046,Base Layer,FY21Q4,2021-03-31,Retail (Personal/Unsecured),2405.26,10.08,242.45,4.536,109.1,0.55,23.19,1.649
NBFC046,Base Layer,FY21Q4,2021-03-31,Retail (Vehicle),1870.76,5.944,111.2,2.675,50.04,0.55,22.81,1.432
NBFC046,Base Layer,FY21Q4,2021-03-31,Wholesale/Corporate,801.75,6.418,51.46,2.888,23.15,0.55,23.84,1.985
NBFC046,Base Layer,FY22Q2,2021-09-30,Infrastructure,282.28,4.923,13.9,2.068,5.84,0.58,23.2,1.324
NBFC046,Base Layer,FY22Q2,2021-09-30,MSME,1975.93,7.487,147.94,3.145,62.14,0.58,28.98,1.42
NBFC046,Base Layer,FY22Q2,2021-09-30,Microfinance,2822.76,12.241,345.53,5.141,145.12,0.58,23.47,1.719
NBFC046,Base Layer,FY22Q2,2021-09-30,Retail (Gold),2540.49,2.103,53.43,0.883,22.43,0.58,24.1,2.109
NBFC046,Base Layer,FY22Q2,2021-09-30,Retail (Housing),1129.1,3.188,36.0,1.339,15.12,0.58,29.1,2.095
NBFC046,Base Layer,FY22Q2,2021-09-30,Retail (Personal/Unsecured),2540.49,10.378,263.65,4.359,110.74,0.58,26.59,1.515
NBFC046,Base Layer,FY22Q2,2021-09-30,Retail (Vehicle),1975.93,5.891,116.4,2.474,48.88,0.58,23.25,2.041
NBFC046,Base Layer,FY22Q2,2021-09-30,Wholesale/Corporate,846.83,6.869,58.17,2.885,24.43,0.58,27.23,1.694
NBFC046,Base Layer,FY22Q4,2022-03-31,Infrastructure,297.36,4.628,13.76,1.805,5.37,0.61,27.86,1.791
NBFC046,Base Layer,FY22Q4,2022-03-31,MSME,2081.55,6.622,137.84,2.583,53.77,0.61,28.06,2.143
NBFC046,Base Layer,FY22Q4,2022-03-31,Microfinance,2973.64,11.379,338.37,4.438,131.97,0.61,29.48,1.848
NBFC046,Base Layer,FY22Q4,2022-03-31,Retail (Gold),2676.28,1.795,48.04,0.7,18.73,0.61,29.54,1.915
NBFC046,Base Layer,FY22Q4,2022-03-31,Retail (Housing),1189.46,2.779,33.06,1.084,12.89,0.61,28.86,1.232
NBFC046,Base Layer,FY22Q4,2022-03-31,Retail (Personal/Unsecured),2676.28,9.207,246.41,3.591,96.11,0.61,27.72,1.714
NBFC046,Base Layer,FY22Q4,2022-03-31,Retail (Vehicle),2081.55,5.536,115.23,2.159,44.94,0.61,25.45,1.489
NBFC046,Base Layer,FY22Q4,2022-03-31,Wholesale/Corporate,892.09,5.691,50.77,2.333,20.81,0.59,26.54,2.165
NBFC046,Base Layer,FY23Q2,2022-09-30,Infrastructure,321.88,4.136,13.31,1.489,4.79,0.64,28.09,1.991
NBFC046,Base Layer,FY23Q2,2022-09-30,MSME,2253.18,5.811,130.93,2.092,47.14,0.64,30.27,1.636
NBFC046,Base Layer,FY23Q2,2022-09-30,Microfinance,3218.83,9.753,313.93,3.511,113.01,0.64,26.27,1.505
NBFC046,Base Layer,FY23Q2,2022-09-30,Retail (Gold),2896.95,1.58,45.77,0.569,16.48,0.64,30.31,2.604
NBFC046,Base Layer,FY23Q2,2022-09-30,Retail (Housing),1287.53,2.585,33.28,0.931,11.99,0.64,30.04,2.205
NBFC046,Base Layer,FY23Q2,2022-09-30,Retail (Personal/Unsecured),2896.95,7.58,219.59,2.729,79.06,0.64,29.0,2.141
NBFC046,Base Layer,FY23Q2,2022-09-30,Retail (Vehicle),2253.18,4.506,101.53,1.622,36.55,0.64,29.85,1.59
NBFC046,Base Layer,FY23Q2,2022-09-30,Wholesale/Corporate,965.65,5.344,51.6,1.924,18.58,0.64,28.71,1.515
NBFC046,Base Layer,FY23Q4,2023-03-31,Infrastructure,347.66,3.28,11.4,1.082,3.76,0.67,26.22,3.197
NBFC046,Base Layer,FY23Q4,2023-03-31,MSME,2433.61,4.712,114.67,1.555,37.84,0.67,28.38,3.381
NBFC046,Base Layer,FY23Q4,2023-03-31,Microfinance,3476.59,7.551,262.52,2.492,86.64,0.67,27.34,2.654
NBFC046,Base Layer,FY23Q4,2023-03-31,Retail (Gold),3128.93,1.261,39.46,0.405,12.67,0.679,26.76,3.229
NBFC046,Base Layer,FY23Q4,2023-03-31,Retail (Housing),1390.63,1.845,25.66,0.609,8.47,0.67,26.94,3.451
NBFC046,Base Layer,FY23Q4,2023-03-31,Retail (Personal/Unsecured),3128.93,6.073,190.02,2.004,62.7,0.67,29.66,2.322
NBFC046,Base Layer,FY23Q4,2023-03-31,Retail (Vehicle),2433.61,3.542,86.2,1.169,28.45,0.67,26.75,2.633
NBFC046,Base Layer,FY23Q4,2023-03-31,Wholesale/Corporate,1042.98,4.102,42.78,1.354,14.12,0.67,28.58,3.263
NBFC046,Base Layer,FY24Q2,2023-09-30,Infrastructure,379.09,2.999,11.37,0.9,3.41,0.7,28.93,3.124
NBFC046,Base Layer,FY24Q2,2023-09-30,MSME,2653.65,4.31,114.37,1.293,34.31,0.7,30.59,2.542
NBFC046,Base Layer,FY24Q2,2023-09-30,Microfinance,3790.92,7.25,274.84,2.175,82.45,0.7,27.63,2.997
NBFC046,Base Layer,FY24Q2,2023-09-30,Retail (Gold),3411.83,1.159,39.54,0.348,11.87,0.7,26.49,2.515
NBFC046,Base Layer,FY24Q2,2023-09-30,Retail (Housing),1516.37,1.913,29.01,0.574,8.7,0.7,28.38,3.302
NBFC046,Base Layer,FY24Q2,2023-09-30,Retail (Personal/Unsecured),3411.83,5.957,203.24,1.769,60.36,0.703,28.07,2.615
NBFC046,Base Layer,FY24Q2,2023-09-30,Retail (Vehicle),2653.65,3.461,91.84,1.038,27.54,0.7,27.63,2.582
NBFC046,Base Layer,FY24Q2,2023-09-30,Wholesale/Corporate,1137.28,3.903,44.39,1.171,13.32,0.7,26.41,3.32
NBFC046,Base Layer,FY24Q4,2024-03-31,Infrastructure,422.47,1.948,8.23,0.526,2.22,0.73,25.53,2.728
NBFC046,Base Layer,FY24Q4,2024-03-31,MSME,2957.3,2.992,88.48,0.808,23.89,0.73,27.58,3.741
NBFC046,Base Layer,FY24Q4,2024-03-31,Microfinance,4224.71,4.623,195.31,1.248,52.72,0.73,24.39,2.759
NBFC046,Base Layer,FY24Q4,2024-03-31,Retail (Gold),3802.24,0.743,28.25,0.201,7.64,0.73,25.82,3.541
NBFC046,Base Layer,FY24Q4,2024-03-31,Retail (Housing),1689.88,1.225,20.7,0.331,5.59,0.73,24.55,2.999
NBFC046,Base Layer,FY24Q4,2024-03-31,Retail (Personal/Unsecured),3802.24,3.823,145.36,1.032,39.24,0.73,28.26,2.907
NBFC046,Base Layer,FY24Q4,2024-03-31,Retail (Vehicle),2957.3,2.385,70.53,0.644,19.05,0.73,26.88,2.87
NBFC046,Base Layer,FY24Q4,2024-03-31,Wholesale/Corporate,1267.41,2.521,31.95,0.681,8.63,0.73,29.11,3.769
NBFC046,Base Layer,FY25Q2,2024-09-30,Infrastructure,451.39,2.746,12.4,0.659,2.97,0.76,26.59,2.887
NBFC046,Base Layer,FY25Q2,2024-09-30,MSME,3159.73,3.962,125.19,0.951,30.05,0.76,28.56,2.584
NBFC046,Base Layer,FY25Q2,2024-09-30,Microfinance,4513.9,6.127,276.57,1.47,66.35,0.76,25.83,2.822
NBFC046,Base Layer,FY25Q2,2024-09-30,Retail (Gold),4062.51,1.014,41.19,0.243,9.87,0.76,24.12,3.038
NBFC046,Base Layer,FY25Q2,2024-09-30,Retail (Housing),1805.56,1.681,30.35,0.403,7.28,0.76,24.12,3.049
NBFC046,Base Layer,FY25Q2,2024-09-30,Retail (Personal/Unsecured),4062.51,5.476,222.46,1.314,53.38,0.76,24.26,3.474
NBFC046,Base Layer,FY25Q2,2024-09-30,Retail (Vehicle),3159.73,3.264,103.13,0.783,24.74,0.76,23.27,2.543
NBFC046,Base Layer,FY25Q2,2024-09-30,Wholesale/Corporate,1354.17,3.583,48.52,0.86,11.65,0.76,27.54,3.342
NBFC046,Base Layer,FY25Q4,2025-03-31,Infrastructure,480.31,2.469,11.86,0.518,2.49,0.79,23.82,2.683
NBFC046,Base Layer,FY25Q4,2025-03-31,Microfinance,4803.09,5.822,279.64,1.223,58.74,0.79,24.66,2.617
NBFC046,Base Layer,FY25Q4,2025-03-31,Retail (Gold),4322.79,0.994,42.97,0.209,9.03,0.79,25.09,2.488
NBFC046,Base Layer,FY25Q4,2025-03-31,Retail (Housing),1921.24,1.5059999999999998,28.93,0.303,5.82,0.799,26.54,2.502
NBFC046,Base Layer,FY25Q4,2025-03-31,Retail (Personal/Unsecured),4322.79,4.798,207.41,1.008,43.57,0.79,27.96,3.374
NBFC046,Base Layer,FY25Q4,2025-03-31,Retail (Vehicle),3362.17,2.819,94.78,0.592,19.9,0.79,23.54,3.082
NBFC046,Base Layer,FY25Q4,2025-03-31,Wholesale/Corporate,1440.93,3.086,44.47,0.648,9.34,0.79,24.24,3.279
NBFC047,Base Layer,FY21Q4,2021-03-31,Infrastructure,127.3,5.288,6.73,2.38,3.03,0.55,26.35,2.065
NBFC047,Base Layer,FY21Q4,2021-03-31,MSME,891.1,7.364,65.62,3.314,29.53,0.55,23.05,1.799
NBFC047,Base Layer,FY21Q4,2021-03-31,Microfinance,1273.0,11.901,151.5,5.355,68.17,0.55,27.45,2.002
NBFC047,Base Layer,FY21Q4,2021-03-31,Retail (Gold),1145.7,2.017,23.11,0.908,10.4,0.55,24.04,2.03
NBFC047,Base Layer,FY21Q4,2021-03-31,Retail (Housing),509.2,3.105,15.81,1.397,7.11,0.55,23.87,1.132
NBFC047,Base Layer,FY21Q4,2021-03-31,Retail (Personal/Unsecured),1145.7,9.446,108.22,4.251,48.7,0.55,27.59,1.068
NBFC047,Base Layer,FY21Q4,2021-03-31,Retail (Vehicle),891.1,6.044,53.86,2.72,24.24,0.55,25.39,1.886
NBFC047,Base Layer,FY21Q4,2021-03-31,Wholesale/Corporate,381.9,6.178,23.59,2.78,10.62,0.55,22.84,2.081
NBFC047,Base Layer,FY22Q2,2021-09-30,Infrastructure,134.46,5.006,6.73,2.103,2.83,0.579,26.27,1.598
NBFC047,Base Layer,FY22Q2,2021-09-30,MSME,941.2,7.437,70.0,3.124,29.4,0.58,27.63,2.0
NBFC047,Base Layer,FY22Q2,2021-09-30,Microfinance,1344.57,12.417,166.96,5.215,70.12,0.58,23.47,1.104
NBFC047,Base Layer,FY22Q2,2021-09-30,Retail (Gold),1210.12,2.051,24.82,0.861,10.42,0.58,23.15,1.383
NBFC047,Base Layer,FY22Q2,2021-09-30,Retail (Housing),537.83,3.044,16.37,1.278,6.87,0.58,24.88,2.176
NBFC047,Base Layer,FY22Q2,2021-09-30,Retail (Personal/Unsecured),1210.12,10.373,125.53,4.357,52.72,0.58,23.32,1.435
NBFC047,Base Layer,FY22Q2,2021-09-30,Retail (Vehicle),941.2,5.774,54.34,2.425,22.82,0.58,28.16,1.87
NBFC047,Base Layer,FY22Q2,2021-09-30,Wholesale/Corporate,403.37,6.303,25.42,2.647,10.68,0.58,28.48,1.28
NBFC047,Base Layer,FY22Q4,2022-03-31,Infrastructure,141.64,4.661,6.6,1.818,2.58,0.609,28.23,1.821
NBFC047,Base Layer,FY22Q4,2022-03-31,Microfinance,1416.44,11.088,157.05,4.324,61.25,0.61,27.82,1.565
NBFC047,Base Layer,FY22Q4,2022-03-31,Retail (Gold),1274.8,1.873,23.88,0.73,9.31,0.61,28.67,1.843
NBFC047,Base Layer,FY22Q4,2022-03-31,Retail (Housing),566.58,2.842,16.1,1.108,6.28,0.61,24.45,1.733
NBFC047,Base Layer,FY22Q4,2022-03-31,Retail (Personal/Unsecured),1274.8,8.852,112.85,3.452,44.01,0.61,24.79,1.664
NBFC047,Base Layer,FY22Q4,2022-03-31,Retail (Vehicle),991.51,5.564,55.17,2.17,21.52,0.61,24.06,2.077
NBFC047,Base Layer,FY22Q4,2022-03-31,Wholesale/Corporate,424.93,5.79,24.6,2.258,9.59,0.61,29.43,1.544
NBFC047,Base Layer,FY23Q2,2022-09-30,Infrastructure,153.32,4.061,6.23,1.499,2.3,0.631,25.26,1.728
NBFC047,Base Layer,FY23Q2,2022-09-30,MSME,1073.26,5.715,61.34,2.057,22.08,0.64,26.67,2.46
NBFC047,Base Layer,FY23Q2,2022-09-30,Microfinance,1533.23,9.837,150.82,3.541,54.29,0.64,25.73,2.381
NBFC047,Base Layer,FY23Q2,2022-09-30,Retail (Gold),1379.91,1.626,22.44,0.585,8.07,0.64,29.52,1.911
NBFC047,Base Layer,FY23Q2,2022-09-30,Retail (Housing),613.29,2.363,14.49,0.851,5.22,0.64,25.64,1.823
NBFC047,Base Layer,FY23Q2,2022-09-30,Retail (Personal/Unsecured),1379.91,8.027,110.77,2.89,39.88,0.64,28.28,2.44
NBFC047,Base Layer,FY23Q2,2022-09-30,Retail (Vehicle),1073.26,4.743,50.9,1.707,18.32,0.64,28.37,2.293
NBFC047,Base Layer,FY23Q2,2022-09-30,Wholesale/Corporate,459.97,5.368,24.69,1.932,8.89,0.64,27.0,1.912
NBFC047,Base Layer,FY23Q4,2023-03-31,Infrastructure,165.6,3.138,5.2,1.036,1.72,0.669,27.14,3.377
NBFC047,Base Layer,FY23Q4,2023-03-31,Microfinance,1656.01,7.066,117.01,2.332,38.62,0.67,28.395,3.12
NBFC047,Base Layer,FY23Q4,2023-03-31,Retail (Gold),1490.41,1.287,19.18,0.425,6.33,0.67,27.46,3.09
NBFC047,Base Layer,FY23Q4,2023-03-31,Retail (Housing),662.4,1.97,13.05,0.65,4.31,0.67,29.2,3.357
NBFC047,Base Layer,FY23Q4,2023-03-31,Retail (Personal/Unsecured),1490.41,6.415,95.61,2.117,31.55,0.67,30.02,2.785
NBFC047,Base Layer,FY23Q4,2023-03-31,Retail (Vehicle),1159.21,3.728,43.22,1.264,14.65,0.661,26.71,2.526
NBFC047,Base Layer,FY23Q4,2023-03-31,Wholesale/Corporate,496.8,3.954,19.64,1.305,6.48,0.67,28.52,2.395
NBFC047,Base Layer,FY24Q2,2023-09-30,Infrastructure,180.57,3.166,5.72,0.95,1.72,0.699,26.62,3.41
NBFC047,Base Layer,FY24Q2,2023-09-30,MSME,1264.02,4.561,57.65,1.368,17.29,0.7,26.63,2.534
NBFC047,Base Layer,FY24Q2,2023-09-30,Microfinance,1805.74,7.017,126.71,2.1055,38.02,0.7,26.93,3.098
NBFC047,Base Layer,FY24Q2,2023-09-30,Retail (Gold),1625.17,1.125,18.28,0.337,5.48,0.7,29.92,2.586
NBFC047,Base Layer,FY24Q2,2023-09-30,Retail (Housing),722.3,1.848,13.35,0.554,4.0,0.7,29.45,3.337
NBFC047,Base Layer,FY24Q2,2023-09-30,Retail (Personal/Unsecured),1625.17,5.701,92.65,1.71,27.79,0.7,30.31,2.606
NBFC047,Base Layer,FY24Q2,2023-09-30,Retail (Vehicle),1264.02,3.381,42.74,1.014,12.82,0.7,27.46,2.81
NBFC047,Base Layer,FY24Q2,2023-09-30,Wholesale/Corporate,541.72,3.76,20.37,1.128,6.11,0.7,29.31,3.57
NBFC047,Base Layer,FY24Q4,2024-03-31,Infrastructure,201.24,2.059,4.14,0.556,1.12,0.729,28.05,3.4530000000000003
NBFC047,Base Layer,FY24Q4,2024-03-31,MSME,1408.66,2.874,40.48,0.749,10.55,0.739,26.84,3.395
NBFC047,Base Layer,FY24Q4,2024-03-31,Microfinance,2012.37,4.578,92.13,1.236,24.87,0.73,26.43,3.776
NBFC047,Base Layer,FY24Q4,2024-03-31,Retail (Gold),1811.13,0.796,14.42,0.215,3.89,0.73,25.23,3.06
NBFC047,Base Layer,FY24Q4,2024-03-31,Retail (Housing),804.95,1.203,9.68,0.325,2.62,0.729,25.54,3.175
NBFC047,Base Layer,FY24Q4,2024-03-31,Retail (Personal/Unsecured),1811.13,3.701,67.03,0.999,18.09,0.73,26.84,3.171
NBFC047,Base Layer,FY24Q4,2024-03-31,Retail (Vehicle),1408.66,2.424,34.15,0.654,9.21,0.73,26.7,3.419
NBFC047,Base Layer,FY24Q4,2024-03-31,Wholesale/Corporate,603.71,2.547,15.38,0.688,4.15,0.73,26.72,3.375
NBFC047,Base Layer,FY25Q2,2024-09-30,Infrastructure,215.01,2.674,5.75,0.642,1.38,0.76,28.87,2.634
NBFC047,Base Layer,FY25Q2,2024-09-30,MSME,1505.08,3.921,59.01,0.936,14.09,0.761,26.74,2.959
NBFC047,Base Layer,FY25Q2,2024-09-30,Microfinance,2150.12,6.095,131.05,1.463,31.46,0.76,27.37,3.262
NBFC047,Base Layer,FY25Q2,2024-09-30,Retail (Gold),1935.11,1.002,19.39,0.24,4.64,0.761,28.29,3.599
NBFC047,Base Layer,FY25Q2,2024-09-30,Retail (Housing),860.05,1.726,14.84,0.414,3.56,0.76,25.99,2.443
NBFC047,Base Layer,FY25Q2,2024-09-30,Retail (Personal/Unsecured),1935.11,4.996,96.68,1.199,23.2,0.76,29.07,3.067
NBFC047,Base Layer,FY25Q2,2024-09-30,Retail (Vehicle),1505.08,3.1455,47.34,0.767,11.54,0.756,23.73,2.414
NBFC047,Base Layer,FY25Q2,2024-09-30,Wholesale/Corporate,645.04,3.299,21.28,0.792,5.11,0.76,23.87,3.201
NBFC047,Base Layer,FY25Q4,2025-03-31,Infrastructure,228.79,2.388,5.46,0.501,1.15,0.789,24.71,3.059
NBFC047,Base Layer,FY25Q4,2025-03-31,MSME,1601.51,3.652,58.49,0.767,12.28,0.79,28.34,2.596
NBFC047,Base Layer,FY25Q4,2025-03-31,Microfinance,2287.87,5.682,130.0,1.193,27.29,0.79,23.92,2.609
NBFC047,Base Layer,FY25Q4,2025-03-31,Retail (Gold),2059.08,0.941,19.38,0.198,4.08,0.789,24.93,2.26
NBFC047,Base Layer,FY25Q4,2025-03-31,Retail (Housing),915.15,1.51,13.82,0.317,2.9,0.79,25.83,2.552
NBFC047,Base Layer,FY25Q4,2025-03-31,Retail (Personal/Unsecured),2059.08,4.674,96.24,0.982,20.22,0.79,28.52,2.997
NBFC047,Base Layer,FY25Q4,2025-03-31,Retail (Vehicle),1601.51,2.891,46.3,0.607,9.72,0.79,24.13,3.195
NBFC047,Base Layer,FY25Q4,2025-03-31,Wholesale/Corporate,686.36,3.313,22.74,0.696,4.78,0.79,25.6,2.694
NBFC048,Base Layer,FY21Q4,2021-03-31,Infrastructure,224.07,4.914,11.01,2.211,4.95,0.55,24.37,1.07
NBFC048,Base Layer,FY21Q4,2021-03-31,MSME,1568.51,7.3525,115.32,3.203,50.24,0.564,26.65,1.583
NBFC048,Base Layer,FY21Q4,2021-03-31,Microfinance,2240.72,11.937,267.47,5.372,120.37,0.55,26.48,1.299
NBFC048,Base Layer,FY21Q4,2021-03-31,Retail (Gold),2016.65,1.981,39.95,0.891,17.97,0.55,25.89,2.002
NBFC048,Base Layer,FY21Q4,2021-03-31,Retail (Personal/Unsecured),2016.65,9.436,190.29,4.246,85.63,0.55,26.36,1.276
NBFC048,Base Layer,FY21Q4,2021-03-31,Retail (Vehicle),1568.51,5.886,92.32,2.649,41.55,0.55,23.8,1.53
NBFC048,Base Layer,FY21Q4,2021-03-31,Wholesale/Corporate,672.22,6.722,45.19,3.025,20.33,0.55,23.06,1.447
NBFC048,Base Layer,FY22Q2,2021-09-30,Infrastructure,236.67,5.176,12.25,2.174,5.15,0.58,25.73,1.12
NBFC048,Base Layer,FY22Q2,2021-09-30,MSME,1656.69,7.332,121.47,3.158,52.32,0.569,28.81,1.534
NBFC048,Base Layer,FY22Q2,2021-09-30,Microfinance,2366.7,11.954,282.92,5.021,118.83,0.58,28.97,1.608
NBFC048,Base Layer,FY22Q2,2021-09-30,Retail (Gold),2172.63,1.96,42.58,0.823,17.88,0.58,24.31,1.981
NBFC048,Base Layer,FY22Q2,2021-09-30,Retail (Housing),946.68,3.313,31.36,1.326,12.55,0.6,26.66,1.582
NBFC048,Base Layer,FY22Q2,2021-09-30,Retail (Personal/Unsecured),2130.03,10.428,222.12,4.38,93.3,0.58,24.44,1.275
NBFC048,Base Layer,FY22Q2,2021-09-30,Retail (Vehicle),1656.69,6.248,103.51,2.624,43.47,0.58,26.89,1.603
NBFC048,Base Layer,FY22Q2,2021-09-30,Wholesale/Corporate,710.01,6.285,44.62,2.64,18.74,0.58,27.87,1.166
NBFC048,Base Layer,FY22Q4,2022-03-31,Infrastructure,249.32,4.818,12.01,1.879,4.68,0.61,25.38,2.179
NBFC048,Base Layer,FY22Q4,2022-03-31,MSME,1745.24,6.577,114.78,2.565,44.77,0.61,24.59,2.214
NBFC048,Base Layer,FY22Q4,2022-03-31,Microfinance,2493.21,10.873,271.09,4.24,105.71,0.61,28.89,1.686
NBFC048,Base Layer,FY22Q4,2022-03-31,Retail (Gold),2243.89,1.762,39.54,0.687,15.42,0.61,28.12,1.234
NBFC048,Base Layer,FY22Q4,2022-03-31,Retail (Housing),997.28,2.928,29.2,1.142,11.39,0.61,23.93,1.743
NBFC048,Base Layer,FY22Q4,2022-03-31,Retail (Personal/Unsecured),2243.89,8.722,195.71,3.402,76.34,0.61,26.56,1.994
NBFC048,Base Layer,FY22Q4,2022-03-31,Retail (Vehicle),1745.24,5.404,94.31,2.108,36.79,0.61,27.41,1.883
NBFC048,Base Layer,FY22Q4,2022-03-31,Wholesale/Corporate,747.96,6.166,46.12,2.405,17.99,0.61,29.22,1.236
NBFC048,Base Layer,FY23Q2,2022-09-30,Infrastructure,269.88,3.891,10.5,1.401,3.78,0.64,28.87,2.285
NBFC048,Base Layer,FY23Q2,2022-09-30,MSME,1889.14,5.751,108.64,2.07,39.11,0.64,25.12,1.764
NBFC048,Base Layer,FY23Q2,2022-09-30,Microfinance,2698.78,9.196,248.18,3.311,89.36,0.64,24.9,2.593
NBFC048,Base Layer,FY23Q2,2022-09-30,Retail (Gold),2428.9,1.549,37.62,0.558,13.55,0.64,26.77,2.468
NBFC048,Base Layer,FY23Q2,2022-09-30,Retail (Housing),1079.51,2.4844999999999997,26.82,0.883,9.53,0.645,26.7,2.102
NBFC048,Base Layer,FY23Q2,2022-09-30,Retail (Personal/Unsecured),2428.9,7.485,181.8,2.819,68.47,0.623,29.22,1.996
NBFC048,Base Layer,FY23Q2,2022-09-30,Retail (Vehicle),1889.14,4.656,87.96,1.676,31.66,0.64,30.34,2.264
NBFC048,Base Layer,FY23Q2,2022-09-30,Wholesale/Corporate,809.63,5.312,43.01,1.912,15.48,0.64,25.18,2.46
NBFC048,Base Layer,FY23Q4,2023-03-31,Infrastructure,291.49,3.097,9.03,1.022,2.98,0.67,25.71,2.732
NBFC048,Base Layer,FY23Q4,2023-03-31,MSME,2040.42,4.457,90.94,1.471,30.01,0.67,30.03,3.116
NBFC048,Base Layer,FY23Q4,2023-03-31,Microfinance,2914.89,7.597,221.44,2.507,73.08,0.67,27.76,3.293
NBFC048,Base Layer,FY23Q4,2023-03-31,Retail (Gold),2623.4,1.175,30.82,0.388,10.18,0.67,28.48,2.802
NBFC048,Base Layer,FY23Q4,2023-03-31,Retail (Housing),1165.96,2.012,23.46,0.664,7.74,0.67,28.02,3.162
NBFC048,Base Layer,FY23Q4,2023-03-31,Retail (Personal/Unsecured),2623.4,5.974,156.72,1.971,51.71,0.67,25.65,3.36
NBFC048,Base Layer,FY23Q4,2023-03-31,Retail (Vehicle),2040.42,3.583,73.11,1.182,24.12,0.67,26.1,2.621
NBFC048,Base Layer,FY23Q4,2023-03-31,Wholesale/Corporate,874.47,4.244,37.11,1.401,12.25,0.67,27.43,2.827
NBFC048,Base Layer,FY24Q2,2023-09-30,Infrastructure,317.84,3.034,9.64,0.91,2.89,0.7,25.73,3.526
NBFC048,Base Layer,FY24Q2,2023-09-30,MSME,2224.91,4.446,98.92,1.334,29.68,0.7,28.02,3.584
NBFC048,Base Layer,FY24Q2,2023-09-30,Microfinance,3178.44,7.224,229.61,2.167,68.88,0.7,27.13,3.461
NBFC048,Base Layer,FY24Q2,2023-09-30,Retail (Gold),2860.6,1.166,33.35,0.35,10.01,0.7,27.26,3.184
NBFC048,Base Layer,FY24Q2,2023-09-30,Retail (Housing),1271.38,1.846,23.47,0.554,7.04,0.7,27.98,3.459
NBFC048,Base Layer,FY24Q2,2023-09-30,Retail (Personal/Unsecured),2860.6,5.792,165.69,1.769,50.6,0.695,28.6,3.67
NBFC048,Base Layer,FY24Q2,2023-09-30,Retail (Vehicle),2224.91,3.393,75.49,1.018,22.65,0.7,30.34,2.508
NBFC048,Base Layer,FY24Q2,2023-09-30,Wholesale/Corporate,953.53,3.899,37.18,1.17,11.16,0.7,25.2,3.524
NBFC048,Base Layer,FY24Q4,2024-03-31,Infrastructure,354.21,1.946,6.89,0.525,1.86,0.73,25.58,3.551
NBFC048,Base Layer,FY24Q4,2024-03-31,MSME,2479.5,2.93,72.65,0.791,19.61,0.73,25.2,3.016
NBFC048,Base Layer,FY24Q4,2024-03-31,Microfinance,3542.14,4.621,163.68,1.248,44.21,0.73,25.39,2.728
NBFC048,Base Layer,FY24Q4,2024-03-31,Retail (Gold),3187.93,0.765,24.39,0.207,6.6,0.729,27.17,2.892
NBFC048,Base Layer,FY24Q4,2024-03-31,Retail (Housing),1416.86,1.163,16.48,0.314,4.45,0.73,27.12,3.783
NBFC048,Base Layer,FY24Q4,2024-03-31,Retail (Personal/Unsecured),3187.93,3.701,117.99,0.999,31.85,0.73,27.18,3.294
NBFC048,Base Layer,FY24Q4,2024-03-31,Retail (Vehicle),2479.5,2.249,55.76,0.607,15.05,0.73,24.1,3.075
NBFC048,Base Layer,FY24Q4,2024-03-31,Wholesale/Corporate,1062.64,2.45,26.03,0.662,7.03,0.73,23.79,3.437
NBFC048,Base Layer,FY25Q2,2024-09-30,Infrastructure,378.46,2.764,10.46,0.663,2.51,0.76,27.16,2.619
NBFC048,Base Layer,FY25Q2,2024-09-30,MSME,2649.23,4.038,106.98,0.969,25.67,0.76,23.95,3.233
NBFC048,Base Layer,FY25Q2,2024-09-30,Microfinance,3784.61,6.265,237.11,1.504,56.92,0.76,23.58,2.872
NBFC048,Base Layer,FY25Q2,2024-09-30,Retail (Gold),3406.15,1.037,35.32,0.249,8.48,0.76,27.46,2.652
NBFC048,Base Layer,FY25Q2,2024-09-30,Retail (Housing),1513.85,1.659,25.11,0.398,6.03,0.76,27.42,2.942
NBFC048,Base Layer,FY25Q2,2024-09-30,Retail (Personal/Unsecured),3406.15,5.376,183.11,1.29,43.94,0.76,25.23,3.49
NBFC048,Base Layer,FY25Q2,2024-09-30,Retail (Vehicle),2649.23,3.049,80.78,0.732,19.39,0.76,27.86,2.689
NBFC048,Base Layer,FY25Q2,2024-09-30,Wholesale/Corporate,1135.38,3.441,39.07,0.826,9.38,0.76,24.97,3.131
NBFC048,Base Layer,FY25Q4,2025-03-31,Infrastructure,402.71,2.568,10.34,0.539,2.17,0.79,26.81,2.813
NBFC048,Base Layer,FY25Q4,2025-03-31,Microfinance,4027.08,5.69,229.14,1.195,48.12,0.79,24.61,2.592
NBFC048,Base Layer,FY25Q4,2025-03-31,Retail (Gold),3624.37,0.924,33.49,0.194,7.03,0.79,28.38,3.155
NBFC048,Base Layer,FY25Q4,2025-03-31,Retail (Housing),1610.83,1.475,23.76,0.31,4.99,0.79,27.38,3.233
NBFC048,Base Layer,FY25Q4,2025-03-31,Retail (Personal/Unsecured),3624.37,4.751,172.19,0.998,36.17,0.79,25.93,3.168
NBFC048,Base Layer,FY25Q4,2025-03-31,Retail (Vehicle),2818.96,2.806,79.1,0.589,16.6,0.79,28.46,2.532
NBFC048,Base Layer,FY25Q4,2025-03-31,Wholesale/Corporate,1208.12,3.112,37.6,0.646,7.8,0.793,22.95,2.579
NBFC049,Base Layer,FY21Q4,2021-03-31,Infrastructure,216.89,5.051,10.96,2.273,4.93,0.55,27.18,1.796
NBFC049,Base Layer,FY21Q4,2021-03-31,MSME,1518.23,7.3525,111.63,3.396,51.56,0.538,27.5,1.77
NBFC049,Base Layer,FY21Q4,2021-03-31,Microfinance,2168.9,11.89,257.88,5.35,116.04,0.55,25.69,2.05
NBFC049,Base Layer,FY21Q4,2021-03-31,Retail (Gold),1952.01,2.02,39.43,0.909,17.74,0.55,27.6,1.989
NBFC049,Base Layer,FY21Q4,2021-03-31,Retail (Personal/Unsecured),1952.01,10.06,196.37,4.527,88.37,0.55,24.69,2.004
NBFC049,Base Layer,FY21Q4,2021-03-31,Retail (Vehicle),1518.23,5.9755,90.72,2.581,39.19,0.568,22.03,1.065
NBFC049,Base Layer,FY21Q4,2021-03-31,Wholesale/Corporate,650.67,6.555,42.65,2.95,19.19,0.55,26.44,1.413
NBFC049,Base Layer,FY22Q2,2021-09-30,Infrastructure,229.08,5.079,11.63,2.133,4.89,0.58,25.24,2.168
NBFC049,Base Layer,FY22Q2,2021-09-30,MSME,1603.59,7.769,124.58,3.263,52.33,0.58,29.0,1.11
NBFC049,Base Layer,FY22Q2,2021-09-30,Microfinance,2290.84,12.517,286.74,5.257,120.43,0.58,28.88,2.092
NBFC049,Base Layer,FY22Q2,2021-09-30,Retail (Gold),2061.76,2.055,42.37,0.863,17.79,0.58,24.3,1.667
NBFC049,Base Layer,FY22Q2,2021-09-30,Retail (Housing),916.34,3.067,28.1,1.288,11.8,0.58,24.77,1.522
NBFC049,Base Layer,FY22Q2,2021-09-30,Retail (Personal/Unsecured),2061.76,10.062,207.45,4.226,87.13,0.58,27.59,1.894
NBFC049,Base Layer,FY22Q2,2021-09-30,Retail (Vehicle),1603.59,6.001,96.23,2.52,40.41,0.58,26.32,1.289
NBFC049,Base Layer,FY22Q2,2021-09-30,Wholesale/Corporate,687.25,6.465,44.43,2.715,18.66,0.58,23.49,1.495
NBFC049,Base Layer,FY22Q4,2022-03-31,Infrastructure,241.33,4.793,11.57,1.8205,4.39,0.621,24.22,1.522
NBFC049,Base Layer,FY22Q4,2022-03-31,Microfinance,2413.29,11.266,271.88,4.394,106.04,0.61,29.3,1.908
NBFC049,Base Layer,FY22Q4,2022-03-31,Retail (Gold),2171.96,1.846,40.09,0.72,15.64,0.61,26.82,1.34
NBFC049,Base Layer,FY22Q4,2022-03-31,Retail (Housing),965.32,2.955,28.53,1.152,11.12,0.61,29.15,1.936
NBFC049,Base Layer,FY22Q4,2022-03-31,Retail (Personal/Unsecured),2171.96,8.81,191.35,3.436,74.63,0.61,27.75,2.089
NBFC049,Base Layer,FY22Q4,2022-03-31,Retail (Vehicle),1689.3,5.7,96.29,2.223,37.55,0.61,28.72,1.419
NBFC049,Base Layer,FY22Q4,2022-03-31,Wholesale/Corporate,723.99,6.094,44.12,2.377,17.21,0.61,24.63,1.926
NBFC049,Base Layer,FY23Q2,2022-09-30,Infrastructure,261.23,4.089,10.68,1.472,3.85,0.64,30.12,2.555
NBFC049,Base Layer,FY23Q2,2022-09-30,MSME,1828.59,5.832,106.64,2.1,38.4,0.64,27.64,1.808
NBFC049,Base Layer,FY23Q2,2022-09-30,Microfinance,2612.27,9.689,253.1,3.488,91.12,0.64,25.64,2.269
NBFC049,Base Layer,FY23Q2,2022-09-30,Retail (Gold),2351.05,1.541,36.23,0.555,13.05,0.64,27.78,2.561
NBFC049,Base Layer,FY23Q2,2022-09-30,Retail (Housing),1044.91,2.492,26.04,0.897,9.37,0.64,29.3,1.954
NBFC049,Base Layer,FY23Q2,2022-09-30,Retail (Personal/Unsecured),2351.05,7.765,182.56,2.795,65.71,0.64,24.88,2.223
NBFC049,Base Layer,FY23Q2,2022-09-30,Retail (Vehicle),1828.59,4.69,85.76,1.688,30.87,0.64,27.71,2.686
NBFC049,Base Layer,FY23Q2,2022-09-30,Wholesale/Corporate,783.68,5.135,40.24,1.849,14.49,0.64,28.32,1.58
NBFC049,Base Layer,FY23Q4,2023-03-31,Infrastructure,282.15,3.037,8.57,1.002,2.83,0.67,28.48,2.697
NBFC049,Base Layer,FY23Q4,2023-03-31,MSME,1975.02,4.717,93.16,1.557,30.75,0.67,30.07,2.951
NBFC049,Base Layer,FY23Q4,2023-03-31,Microfinance,2821.46,7.761,218.97,2.561,72.26,0.67,27.27,3.135
NBFC049,Base Layer,FY23Q4,2023-03-31,Retail (Gold),2539.31,1.189,30.19,0.392,9.95,0.67,24.68,2.315
NBFC049,Base Layer,FY23Q4,2023-03-31,Retail (Housing),1128.58,1.929,21.77,0.637,7.19,0.67,27.06,2.674
NBFC049,Base Layer,FY23Q4,2023-03-31,Retail (Personal/Unsecured),2539.31,6.028,153.07,1.989,50.51,0.67,27.71,2.61
NBFC049,Base Layer,FY23Q4,2023-03-31,Retail (Vehicle),1975.02,3.799,75.03,1.254,24.77,0.67,29.52,2.698
NBFC049,Base Layer,FY23Q4,2023-03-31,Wholesale/Corporate,846.44,4.139,35.03,1.366,11.56,0.67,29.16,2.691
NBFC049,Base Layer,FY24Q2,2023-09-30,Infrastructure,307.66,2.896,8.91,0.869,2.67,0.7,30.55,3.025
NBFC049,Base Layer,FY24Q2,2023-09-30,MSME,2153.6,4.512,97.17,1.354,29.16,0.7,26.93,2.936
NBFC049,Base Layer,FY24Q2,2023-09-30,Microfinance,3076.56,7.372,226.8,2.212,68.05,0.7,28.78,3.314
NBFC049,Base Layer,FY24Q2,2023-09-30,Retail (Gold),2768.91,1.223,33.86,0.367,10.16,0.7,25.51,2.604
NBFC049,Base Layer,FY24Q2,2023-09-30,Retail (Housing),1230.63,1.875,23.07,0.562,6.92,0.7,26.21,3.587
NBFC049,Base Layer,FY24Q2,2023-09-30,Retail (Personal/Unsecured),2768.91,6.124,169.57,1.837,50.86,0.7,30.39,3.465
NBFC049,Base Layer,FY24Q2,2023-09-30,Retail (Vehicle),2153.6,3.546,76.37,1.064,22.91,0.7,27.03,3.409
NBFC049,Base Layer,FY24Q2,2023-09-30,Wholesale/Corporate,922.97,3.834,35.39,1.15,10.61,0.7,25.24,2.635
NBFC049,Base Layer,FY24Q4,2024-03-31,Infrastructure,342.86,2.029,6.96,0.548,1.88,0.73,27.9,3.809
NBFC049,Base Layer,FY24Q4,2024-03-31,MSME,2400.03,2.817,67.61,0.761,18.26,0.73,26.7,2.826
NBFC049,Base Layer,FY24Q4,2024-03-31,Microfinance,3428.61,4.739,162.48,1.28,43.89,0.73,27.81,3.535
NBFC049,Base Layer,FY24Q4,2024-03-31,Retail (Gold),3085.75,0.798,24.62,0.215,6.63,0.731,26.67,3.258
NBFC049,Base Layer,FY24Q4,2024-03-31,Retail (Housing),1371.44,1.172,16.07,0.316,4.33,0.731,25.32,2.887
NBFC049,Base Layer,FY24Q4,2024-03-31,Retail (Personal/Unsecured),3085.75,3.701,114.2,0.999,30.83,0.73,29.07,2.823
NBFC049,Base Layer,FY24Q4,2024-03-31,Retail (Vehicle),2400.03,2.282,54.77,0.616,14.78,0.73,24.57,3.803
NBFC049,Base Layer,FY24Q4,2024-03-31,Wholesale/Corporate,1028.58,2.603,26.77,0.703,7.23,0.73,26.27,3.284
NBFC049,Base Layer,FY25Q2,2024-09-30,Infrastructure,366.33,2.687,9.84,0.645,2.36,0.76,25.22,3.425
NBFC049,Base Layer,FY25Q2,2024-09-30,MSME,2564.31,3.767,96.6,0.904,23.18,0.76,24.63,3.067
NBFC049,Base Layer,FY25Q2,2024-09-30,Microfinance,3663.31,6.199,227.09,1.488,54.51,0.76,24.87,3.123
NBFC049,Base Layer,FY25Q2,2024-09-30,Retail (Gold),3296.98,1.026,33.83,0.246,8.11,0.76,27.99,2.779
NBFC049,Base Layer,FY25Q2,2024-09-30,Retail (Housing),1465.32,1.599,23.43,0.384,5.63,0.76,23.83,2.543
NBFC049,Base Layer,FY25Q2,2024-09-30,Retail (Personal/Unsecured),3296.98,5.163,170.22,1.239,40.85,0.76,25.96,2.477
NBFC049,Base Layer,FY25Q2,2024-09-30,Retail (Vehicle),2564.31,3.098,79.44,0.744,19.08,0.76,28.79,2.754
NBFC049,Base Layer,FY25Q2,2024-09-30,Wholesale/Corporate,1098.99,3.309,36.37,0.794,8.73,0.76,25.31,2.433
NBFC049,Base Layer,FY25Q4,2025-03-31,Infrastructure,389.8,2.52,9.82,0.529,2.06,0.79,24.51,3.268
NBFC049,Base Layer,FY25Q4,2025-03-31,MSME,2728.6,3.523,96.13,0.74,20.19,0.79,28.55,2.266
NBFC049,Base Layer,FY25Q4,2025-03-31,Microfinance,3898.0,5.99,233.49,1.258,49.04,0.79,23.83,2.312
NBFC049,Base Layer,FY25Q4,2025-03-31,Retail (Gold),3508.2,0.952,33.4,0.2,7.02,0.79,27.03,3.046
NBFC049,Base Layer,FY25Q4,2025-03-31,Retail (Housing),1559.2,1.481,23.09,0.311,4.85,0.79,28.38,3.172
NBFC049,Base Layer,FY25Q4,2025-03-31,Retail (Personal/Unsecured),3508.2,4.625,162.25,0.971,34.06,0.79,27.64,3.324
NBFC049,Base Layer,FY25Q4,2025-03-31,Retail (Vehicle),2728.6,2.971,81.07,0.624,17.03,0.79,23.34,2.367
NBFC049,Base Layer,FY25Q4,2025-03-31,Wholesale/Corporate,1169.4,3.007,35.16,0.631,7.38,0.79,23.54,2.502
NBFC050,Base Layer,FY21Q4,2021-03-31,Infrastructure,295.14,5.192,15.32,2.336,6.89,0.55,27.64,1.744
NBFC050,Base Layer,FY21Q4,2021-03-31,Microfinance,2951.36,11.896,351.09,5.353,157.99,0.55,26.24,1.39
NBFC050,Base Layer,FY21Q4,2021-03-31,Retail (Gold),2656.23,1.999,53.1,0.9,23.91,0.55,26.49,1.1
NBFC050,Base Layer,FY21Q4,2021-03-31,Retail (Housing),1180.54,3.153,37.22,1.419,16.75,0.55,23.39,1.061
NBFC050,Base Layer,FY21Q4,2021-03-31,Retail (Personal/Unsecured),2656.23,9.763,259.33,4.393,116.69,0.55,24.51,1.042
NBFC050,Base Layer,FY21Q4,2021-03-31,Retail (Vehicle),2065.95,6.102,126.06,2.746,56.73,0.55,25.55,1.974
NBFC050,Base Layer,FY21Q4,2021-03-31,Wholesale/Corporate,885.41,6.399,56.66,2.88,25.5,0.55,22.98,1.119
NBFC050,Base Layer,FY22Q2,2021-09-30,Infrastructure,311.73,4.943,15.41,2.1654999999999998,6.75,0.562,28.86,1.053
NBFC050,Base Layer,FY22Q2,2021-09-30,MSME,2182.11,7.532,164.36,3.163,69.02,0.58,24.58,2.046
NBFC050,Base Layer,FY22Q2,2021-09-30,Microfinance,3117.29,12.663,394.74,5.318,165.78,0.58,28.19,1.023
NBFC050,Base Layer,FY22Q2,2021-09-30,Retail (Gold),2805.56,1.931,54.18,0.811,22.75,0.58,29.03,1.876
NBFC050,Base Layer,FY22Q2,2021-09-30,Retail (Housing),1246.92,3.163,39.44,1.328,16.56,0.58,23.52,1.399
NBFC050,Base Layer,FY22Q2,2021-09-30,Retail (Personal/Unsecured),2805.56,10.0375,281.61,4.033,113.15,0.598,24.94,1.823
NBFC050,Base Layer,FY22Q2,2021-09-30,Retail (Vehicle),2182.11,6.301,137.49,2.646,57.74,0.58,25.02,1.937
NBFC050,Base Layer,FY22Q2,2021-09-30,Wholesale/Corporate,935.19,6.618,61.89,2.78,26.0,0.58,26.03,1.591
NBFC050,Base Layer,FY22Q4,2022-03-31,Infrastructure,328.39,4.516,14.83,1.761,5.78,0.61,26.15,1.281
NBFC050,Base Layer,FY22Q4,2022-03-31,MSME,2298.74,6.639,152.61,2.589,59.51,0.61,28.87,2.066
NBFC050,Base Layer,FY22Q4,2022-03-31,Microfinance,3283.92,10.737,352.59,4.187,137.5,0.61,27.4,1.378
NBFC050,Base Layer,FY22Q4,2022-03-31,Retail (Gold),2955.53,1.85,54.68,0.721,21.31,0.61,23.86,2.238
NBFC050,Base Layer,FY22Q4,2022-03-31,Retail (Housing),1313.57,2.801,36.79,1.092,14.34,0.61,24.37,1.918
NBFC050,Base Layer,FY22Q4,2022-03-31,Retail (Personal/Unsecured),2955.53,9.11,269.25,3.553,105.01,0.61,26.01,1.523
NBFC050,Base Layer,FY22Q4,2022-03-31,Retail (Vehicle),2298.74,5.637,129.58,2.198,50.53,0.61,23.72,1.823
NBFC050,Base Layer,FY22Q4,2022-03-31,Wholesale/Corporate,985.18,5.971,58.83,2.329,22.94,0.61,24.67,1.762
NBFC050,Base Layer,FY23Q2,2022-09-30,Infrastructure,355.47,4.237,15.06,1.525,5.42,0.64,29.27,2.502
NBFC050,Base Layer,FY23Q2,2022-09-30,MSME,2488.28,5.608,139.54,2.019,50.24,0.64,26.88,1.686
NBFC050,Base Layer,FY23Q2,2022-09-30,Microfinance,3554.69,9.627,342.21,3.466,123.21,0.64,24.46,2.311
NBFC050,Base Layer,FY23Q2,2022-09-30,Retail (Gold),3199.22,1.538,49.2,0.554,17.72,0.64,26.36,2.198
NBFC050,Base Layer,FY23Q2,2022-09-30,Retail (Housing),1421.87,2.573,36.58,0.926,13.17,0.64,27.97,2.18
NBFC050,Base Layer,FY23Q2,2022-09-30,Retail (Personal/Unsecured),3199.22,7.89,252.42,2.84,90.86,0.64,28.05,1.71
NBFC050,Base Layer,FY23Q2,2022-09-30,Retail (Vehicle),2488.28,4.752,118.24,1.711,42.57,0.64,28.58,2.689
NBFC050,Base Layer,FY23Q2,2022-09-30,Wholesale/Corporate,1066.41,5.174,55.18,1.863,19.87,0.64,27.185000000000002,2.397
NBFC050,Base Layer,FY23Q4,2023-03-31,Infrastructure,383.93,3.288,12.62,1.085,4.17,0.67,28.4,2.714
NBFC050,Base Layer,FY23Q4,2023-03-31,MSME,2687.54,4.49,120.67,1.482,39.83,0.67,29.93,3.124
NBFC050,Base Layer,FY23Q4,2023-03-31,Microfinance,3839.34,7.049,270.64,2.326,89.3,0.67,28.46,3.415
NBFC050,Base Layer,FY23Q4,2023-03-31,Retail (Gold),3455.4,1.209,41.78,0.399,13.79,0.67,29.47,2.486
NBFC050,Base Layer,FY23Q4,2023-03-31,Retail (Housing),1535.74,1.982,30.44,0.654,10.04,0.67,29.88,2.392
NBFC050,Base Layer,FY23Q4,2023-03-31,Retail (Personal/Unsecured),3455.4,5.942,205.32,1.961,67.76,0.67,27.71,3.046
NBFC050,Base Layer,FY23Q4,2023-03-31,Retail (Vehicle),2687.54,3.656,98.26,1.206,32.41,0.67,26.71,2.516
NBFC050,Base Layer,FY23Q4,2023-03-31,Wholesale/Corporate,1151.8,4.213,48.53,1.39,16.01,0.67,30.33,2.975
NBFC050,Base Layer,FY24Q2,2023-09-30,Infrastructure,418.65,2.885,12.08,0.865,3.62,0.7,25.03,3.385
NBFC050,Base Layer,FY24Q2,2023-09-30,MSME,2930.53,4.312,126.36,1.294,37.92,0.7,28.0,3.075
NBFC050,Base Layer,FY24Q2,2023-09-30,Microfinance,4186.48,6.826,285.77,2.048,85.74,0.7,25.72,2.806
NBFC050,Base Layer,FY24Q2,2023-09-30,Retail (Gold),3767.83,1.185,44.65,0.355,13.38,0.7,30.41,3.162
NBFC050,Base Layer,FY24Q2,2023-09-30,Retail (Housing),1674.59,1.805,30.23,0.541,9.06,0.7,29.9,3.357
NBFC050,Base Layer,FY24Q2,2023-09-30,Retail (Personal/Unsecured),3767.83,5.602,211.07,1.681,63.34,0.7,29.36,3.612
NBFC050,Base Layer,FY24Q2,2023-09-30,Retail (Vehicle),2930.53,3.617,106.0,1.085,31.8,0.7,26.69,2.873
NBFC050,Base Layer,FY24Q2,2023-09-30,Wholesale/Corporate,1255.94,3.823,48.01,1.147,14.41,0.7,24.98,3.648
NBFC050,Base Layer,FY24Q4,2024-03-31,Infrastructure,466.55,1.919,8.95,0.518,2.42,0.73,28.57,3.68
NBFC050,Base Layer,FY24Q4,2024-03-31,MSME,3265.87,2.814,91.9,0.76,24.82,0.73,28.29,3.165
NBFC050,Base Layer,FY24Q4,2024-03-31,Microfinance,4665.53,4.637,216.34,1.268,59.16,0.727,28.71,3.611
NBFC050,Base Layer,FY24Q4,2024-03-31,Retail (Gold),4198.97,0.806,33.84,0.218,9.15,0.73,27.83,3.178
NBFC050,Base Layer,FY24Q4,2024-03-31,Retail (Housing),1866.21,1.243,23.2,0.336,6.27,0.73,27.72,3.142
NBFC050,Base Layer,FY24Q4,2024-03-31,Retail (Personal/Unsecured),4198.97,3.882,163.0,1.048,44.01,0.73,27.53,3.748
NBFC050,Base Layer,FY24Q4,2024-03-31,Retail (Vehicle),3265.87,2.229,72.8,0.602,19.66,0.73,23.88,3.347
NBFC050,Base Layer,FY24Q4,2024-03-31,Wholesale/Corporate,1399.66,2.596,36.34,0.701,9.81,0.73,23.88,3.154
NBFC050,Base Layer,FY25Q2,2024-09-30,Infrastructure,498.49,2.689,13.4,0.645,3.22,0.76,25.09,3.257
NBFC050,Base Layer,FY25Q2,2024-09-30,MSME,3489.42,3.758,131.13,0.902,31.47,0.76,27.32,2.512
NBFC050,Base Layer,FY25Q2,2024-09-30,Microfinance,4984.89,6.132,305.67,1.472,73.38,0.76,25.39,3.36
NBFC050,Base Layer,FY25Q2,2024-09-30,Retail (Gold),4486.4,1.005,45.09,0.241,10.81,0.76,28.93,2.816
NBFC050,Base Layer,FY25Q2,2024-09-30,Retail (Housing),1993.96,1.655,33.0,0.397,7.92,0.76,24.41,3.581
NBFC050,Base Layer,FY25Q2,2024-09-30,Retail (Personal/Unsecured),4486.4,5.148,230.96,1.236,55.45,0.76,25.63,2.47
NBFC050,Base Layer,FY25Q2,2024-09-30,Retail (Vehicle),3489.42,3.259,113.72,0.782,27.29,0.76,24.46,2.89
NBFC050,Base Layer,FY25Q2,2024-09-30,Wholesale/Corporate,1495.47,3.333,49.84,0.8,11.96,0.76,28.71,3.031
NBFC050,Base Layer,FY25Q4,2025-03-31,Infrastructure,530.43,2.553,13.54,0.536,2.84,0.79,26.01,2.366
NBFC050,Base Layer,FY25Q4,2025-03-31,MSME,3712.98,3.578,132.85,0.7464999999999999,27.72,0.791,23.88,3.345
NBFC050,Base Layer,FY25Q4,2025-03-31,Microfinance,5304.26,5.574,295.66,1.171,62.11,0.79,27.92,2.272
NBFC050,Base Layer,FY25Q4,2025-03-31,Retail (Gold),4773.83,0.956,45.64,0.201,9.6,0.79,23.05,2.802
NBFC050,Base Layer,FY25Q4,2025-03-31,Retail (Housing),2121.7,1.468,31.15,0.308,6.53,0.79,24.81,2.352
NBFC050,Base Layer,FY25Q4,2025-03-31,Retail (Personal/Unsecured),4773.83,4.887,233.3,1.026,48.98,0.79,27.78,2.448
NBFC050,Base Layer,FY25Q4,2025-03-31,Retail (Vehicle),3712.98,2.939,109.12,0.617,22.91,0.79,24.86,2.598
NBFC050,Base Layer,FY25Q4,2025-03-31,Wholesale/Corporate,1591.28,3.05,48.53,0.64,10.18,0.79,27.92,2.64
NBFC051,Base Layer,FY21Q4,2021-03-31,Infrastructure,185.36,5.243,9.72,2.359,4.37,0.55,23.52,1.585
NBFC051,Base Layer,FY21Q4,2021-03-31,MSME,1297.51,7.234,93.86,3.255,42.23,0.55,25.62,1.475
NBFC051,Base Layer,FY21Q4,2021-03-31,Microfinance,1853.59,12.213,226.38,5.496,101.87,0.55,25.87,1.843
NBFC051,Base Layer,FY21Q4,2021-03-31,Retail (Gold),1668.23,1.972,32.9,0.887,14.8,0.55,22.91,1.73
NBFC051,Base Layer,FY21Q4,2021-03-31,Retail (Housing),741.44,3.103,23.01,1.43,10.6,0.539,27.34,1.576
NBFC051,Base Layer,FY21Q4,2021-03-31,Retail (Personal/Unsecured),1668.23,9.696,161.75,4.363,72.78,0.55,27.19,1.743
NBFC051,Base Layer,FY21Q4,2021-03-31,Retail (Vehicle),1297.51,5.894,76.48,2.652,34.41,0.55,26.74,1.727
NBFC051,Base Layer,FY21Q4,2021-03-31,Wholesale/Corporate,556.08,6.477,36.02,2.997,16.67,0.537,23.97,1.201
NBFC051,Base Layer,FY22Q2,2021-09-30,Infrastructure,195.78,5.126,10.04,2.153,4.22,0.58,28.37,2.005
NBFC051,Base Layer,FY22Q2,2021-09-30,MSME,1370.46,7.212,98.84,3.029,41.51,0.58,25.24,1.712
NBFC051,Base Layer,FY22Q2,2021-09-30,Microfinance,1957.8,11.619,227.48,4.88,95.54,0.58,23.63,1.924
NBFC051,Base Layer,FY22Q2,2021-09-30,Retail (Gold),1762.02,2.103,37.06,0.883,15.56,0.58,27.7,1.218
NBFC051,Base Layer,FY22Q2,2021-09-30,Retail (Housing),783.12,3.141,24.6,1.319,10.33,0.58,26.7,1.71
NBFC051,Base Layer,FY22Q2,2021-09-30,Retail (Personal/Unsecured),1762.02,10.511,185.21,4.415,77.79,0.58,23.54,1.731
NBFC051,Base Layer,FY22Q2,2021-09-30,Retail (Vehicle),1370.46,6.038,82.75,2.536,34.75,0.58,28.1,1.261
NBFC051,Base Layer,FY22Q2,2021-09-30,Wholesale/Corporate,587.34,6.831,40.12,2.869,16.85,0.58,28.56,1.458
NBFC051,Base Layer,FY22Q4,2022-03-31,Infrastructure,206.25,4.545,9.37,1.773,3.66,0.609,26.91,1.449
NBFC051,Base Layer,FY22Q4,2022-03-31,MSME,1443.72,7.083,102.26,2.762,39.88,0.61,27.48,1.643
NBFC051,Base Layer,FY22Q4,2022-03-31,Microfinance,2062.45,11.11,229.14,4.333,89.37,0.61,27.24,2.276
NBFC051,Base Layer,FY22Q4,2022-03-31,Retail (Gold),1856.21,1.883,34.95,0.734,13.62,0.61,29.56,1.93
NBFC051,Base Layer,FY22Q4,2022-03-31,Retail (Housing),824.98,2.836,23.4,1.106,9.12,0.61,29.2,2.116
NBFC051,Base Layer,FY22Q4,2022-03-31,Retail (Personal/Unsecured),1856.21,9.26,171.89,3.611,67.03,0.61,23.84,1.117
NBFC051,Base Layer,FY22Q4,2022-03-31,Retail (Vehicle),1443.72,5.385,77.74,2.1,30.32,0.61,29.15,2.211
NBFC051,Base Layer,FY22Q4,2022-03-31,Wholesale/Corporate,618.74,5.981,37.01,2.333,14.44,0.61,24.83,1.181
NBFC051,Base Layer,FY23Q2,2022-09-30,Infrastructure,223.25,4.061,9.07,1.462,3.26,0.641,26.47,2.1
NBFC051,Base Layer,FY23Q2,2022-09-30,MSME,1562.75,5.609,87.65,2.019,31.55,0.64,30.18,2.334
NBFC051,Base Layer,FY23Q2,2022-09-30,Retail (Gold),2009.26,1.625,32.65,0.585,11.75,0.64,25.34,2.26
NBFC051,Base Layer,FY23Q2,2022-09-30,Retail (Housing),893.0,2.539,22.67,0.914,8.16,0.64,28.72,2.446
NBFC051,Base Layer,FY23Q2,2022-09-30,Retail (Personal/Unsecured),2009.26,7.978,160.3,2.872,57.71,0.64,29.55,1.856
NBFC051,Base Layer,FY23Q2,2022-09-30,Retail (Vehicle),1562.75,4.604,71.95,1.657,25.89,0.64,28.29,1.703
NBFC051,Base Layer,FY23Q2,2022-09-30,Wholesale/Corporate,669.75,5.3,35.5,1.908,12.78,0.64,28.07,2.332
NBFC051,Base Layer,FY23Q4,2023-03-31,Infrastructure,241.13,3.155,7.61,1.041,2.51,0.67,28.4,2.849
NBFC051,Base Layer,FY23Q4,2023-03-31,MSME,1687.9,4.807,81.14,1.586,26.77,0.67,27.09,2.486
NBFC051,Base Layer,FY23Q4,2023-03-31,Microfinance,2411.28,7.7,185.67,2.541,61.27,0.67,29.19,3.003
NBFC051,Base Layer,FY23Q4,2023-03-31,Retail (Gold),2170.15,1.196,25.95,0.395,8.57,0.67,27.7,2.375
NBFC051,Base Layer,FY23Q4,2023-03-31,Retail (Housing),964.51,1.987,19.16,0.656,6.33,0.67,28.03,2.399
NBFC051,Base Layer,FY23Q4,2023-03-31,Retail (Vehicle),1687.9,3.77,63.63,1.244,21.0,0.67,26.07,2.46
NBFC051,Base Layer,FY23Q4,2023-03-31,Wholesale/Corporate,723.38,4.167,30.14,1.375,9.95,0.67,29.19,2.469
NBFC051,Base Layer,FY24Q2,2023-09-30,Infrastructure,262.93,2.879,7.57,0.864,2.27,0.7,25.9,3.089
NBFC051,Base Layer,FY24Q2,2023-09-30,MSME,1840.51,4.381,80.63,1.314,24.18,0.7,28.37,3.672
NBFC051,Base Layer,FY24Q2,2023-09-30,Microfinance,2629.3,7.247,190.55,2.174,57.16,0.7,28.87,3.591
NBFC051,Base Layer,FY24Q2,2023-09-30,Retail (Gold),2366.37,1.151,27.24,0.345,8.16,0.7,25.18,2.566
NBFC051,Base Layer,FY24Q2,2023-09-30,Retail (Housing),1051.72,1.909,20.08,0.573,6.03,0.7,24.61,2.972
NBFC051,Base Layer,FY24Q2,2023-09-30,Retail (Personal/Unsecured),2366.37,5.793,137.08,1.738,41.13,0.7,25.23,2.781
NBFC051,Base Layer,FY24Q2,2023-09-30,Retail (Vehicle),1840.51,3.423,63.0,1.027,18.9,0.7,29.78,2.941
NBFC051,Base Layer,FY24Q2,2023-09-30,Wholesale/Corporate,788.79,3.744,29.53,1.123,8.86,0.7,27.06,3.525
NBFC051,Base Layer,FY24Q4,2024-03-31,Infrastructure,293.02,2.075,6.08,0.56,1.64,0.73,28.86,2.986
NBFC051,Base Layer,FY24Q4,2024-03-31,MSME,2051.11,2.826,57.96,0.763,15.65,0.73,25.42,3.545
NBFC051,Base Layer,FY24Q4,2024-03-31,Microfinance,2930.16,4.637,135.87,1.265,37.07,0.727,25.22,2.91
NBFC051,Base Layer,FY24Q4,2024-03-31,Retail (Gold),2637.15,0.741,19.54,0.2,5.27,0.73,27.16,3.209
NBFC051,Base Layer,FY24Q4,2024-03-31,Retail (Housing),1172.07,1.176,13.78,0.318,3.73,0.729,27.13,2.974
NBFC051,Base Layer,FY24Q4,2024-03-31,Retail (Personal/Unsecured),2637.15,3.799,100.19,1.026,27.06,0.73,27.28,3.231
NBFC051,Base Layer,FY24Q4,2024-03-31,Retail (Vehicle),2051.11,2.388,48.98,0.645,13.23,0.73,29.6,2.797
NBFC051,Base Layer,FY24Q4,2024-03-31,Wholesale/Corporate,879.05,2.608,22.93,0.704,6.19,0.73,27.2,3.48
NBFC051,Base Layer,FY25Q2,2024-09-30,Infrastructure,313.07,2.643,8.27,0.634,1.98,0.761,26.55,3.404
NBFC051,Base Layer,FY25Q2,2024-09-30,MSME,2191.52,3.9050000000000002,85.58,0.934,20.47,0.761,26.87,2.651
NBFC051,Base Layer,FY25Q2,2024-09-30,Microfinance,3130.74,6.267,196.2,1.504,47.09,0.76,23.47,3.58
NBFC051,Base Layer,FY25Q2,2024-09-30,Retail (Gold),2817.67,1.04,29.3,0.25,7.04,0.76,23.37,3.215
NBFC051,Base Layer,FY25Q2,2024-09-30,Retail (Housing),1252.3,1.68,21.04,0.403,5.05,0.76,24.25,3.016
NBFC051,Base Layer,FY25Q2,2024-09-30,Retail (Personal/Unsecured),2817.67,5.329,150.15,1.279,36.04,0.76,24.68,2.709
NBFC051,Base Layer,FY25Q2,2024-09-30,Retail (Vehicle),2191.52,3.034,66.49,0.728,15.95,0.76,24.86,3.452
NBFC051,Base Layer,FY25Q2,2024-09-30,Wholesale/Corporate,939.22,3.417,32.09,0.82,7.7,0.76,23.24,3.219
NBFC051,Base Layer,FY25Q4,2025-03-31,Infrastructure,333.13,2.559,8.52,0.537,1.79,0.79,26.2,3.173
NBFC051,Base Layer,FY25Q4,2025-03-31,MSME,2331.92,3.619,84.39,0.76,17.72,0.79,27.65,3.144
NBFC051,Base Layer,FY25Q4,2025-03-31,Microfinance,3331.32,5.739,191.18,1.205,40.14,0.79,24.57,2.77
NBFC051,Base Layer,FY25Q4,2025-03-31,Retail (Gold),2998.19,0.926,27.76,0.201,6.03,0.783,24.16,3.138
NBFC051,Base Layer,FY25Q4,2025-03-31,Retail (Housing),1332.53,1.462,19.48,0.307,4.09,0.79,25.75,3.189
NBFC051,Base Layer,FY25Q4,2025-03-31,Retail (Personal/Unsecured),2998.19,4.798,143.85,1.008,30.22,0.79,25.51,3.303
NBFC051,Base Layer,FY25Q4,2025-03-31,Retail (Vehicle),2331.92,2.873,67.0,0.603,14.06,0.79,24.97,2.44
NBFC051,Base Layer,FY25Q4,2025-03-31,Wholesale/Corporate,999.4,3.222,32.2,0.677,6.77,0.79,22.9,3.207
NBFC052,Base Layer,FY21Q4,2021-03-31,Infrastructure,236.35,5.098,12.05,2.273,5.37,0.554,24.02,1.374
NBFC052,Base Layer,FY21Q4,2021-03-31,Microfinance,2363.48,12.253,289.6,5.514,130.32,0.55,25.69,0.988
NBFC052,Base Layer,FY21Q4,2021-03-31,Retail (Gold),2127.14,1.879,39.97,0.846,18.0,0.55,25.89,2.046
NBFC052,Base Layer,FY21Q4,2021-03-31,Retail (Housing),945.39,3.163,29.9,1.423,13.45,0.55,24.65,1.007
NBFC052,Base Layer,FY21Q4,2021-03-31,Retail (Personal/Unsecured),2127.14,9.747,207.33,4.386,93.3,0.55,26.37,2.015
NBFC052,Base Layer,FY21Q4,2021-03-31,Retail (Vehicle),1654.44,5.882,97.31,2.647,43.79,0.55,23.41,1.501
NBFC052,Base Layer,FY21Q4,2021-03-31,Wholesale/Corporate,709.05,6.583,46.68,2.962,21.0,0.55,26.58,1.532
NBFC052,Base Layer,FY22Q2,2021-09-30,Infrastructure,249.64,5.276,13.17,2.216,5.53,0.58,28.15,2.027
NBFC052,Base Layer,FY22Q2,2021-09-30,MSME,1747.45,7.11,124.24,2.986,52.18,0.58,26.8,1.016
NBFC052,Base Layer,FY22Q2,2021-09-30,Microfinance,2496.36,12.455,310.92,5.231,130.58,0.58,27.06,2.043
NBFC052,Base Layer,FY22Q2,2021-09-30,Retail (Gold),2246.73,2.027,45.54,0.851,19.12,0.58,23.39,2.099
NBFC052,Base Layer,FY22Q2,2021-09-30,Retail (Housing),998.55,3.234,32.29,1.358,13.56,0.58,26.69,1.537
NBFC052,Base Layer,FY22Q2,2021-09-30,Retail (Personal/Unsecured),2246.73,9.768,219.46,4.103,92.18,0.58,28.67,1.114
NBFC052,Base Layer,FY22Q2,2021-09-30,Retail (Vehicle),1747.45,6.11,106.77,2.566,44.84,0.58,27.36,1.802
NBFC052,Base Layer,FY22Q2,2021-09-30,Wholesale/Corporate,748.91,6.408,47.99,2.691,20.15,0.58,26.25,1.102
NBFC052,Base Layer,FY22Q4,2022-03-31,Infrastructure,262.98,4.681,12.31,1.826,4.8,0.61,28.36,1.196
NBFC052,Base Layer,FY22Q4,2022-03-31,Microfinance,2629.8,11.195,294.41,4.366,114.82,0.61,28.06,1.453
NBFC052,Base Layer,FY22Q4,2022-03-31,Retail (Gold),2366.82,1.901,44.99,0.741,17.54,0.61,23.92,1.772
NBFC052,Base Layer,FY22Q4,2022-03-31,Retail (Housing),1051.92,2.828,29.75,1.103,11.6,0.61,26.92,1.155
NBFC052,Base Layer,FY22Q4,2022-03-31,Retail (Personal/Unsecured),2366.82,8.718,206.34,3.4,80.47,0.61,25.78,1.719
NBFC052,Base Layer,FY22Q4,2022-03-31,Retail (Vehicle),1840.86,5.234,96.35,2.041,37.57,0.61,29.22,1.273
NBFC052,Base Layer,FY22Q4,2022-03-31,Wholesale/Corporate,788.94,6.154,48.55,2.4,18.93,0.61,24.96,1.606
NBFC052,Base Layer,FY23Q2,2022-09-30,Infrastructure,284.66,4.214,12.0,1.517,4.32,0.64,24.78,2.08
NBFC052,Base Layer,FY23Q2,2022-09-30,MSME,1992.64,5.882,117.21,2.118,42.2,0.64,27.93,2.64
NBFC052,Base Layer,FY23Q2,2022-09-30,Microfinance,2846.63,9.517,270.91,3.426,97.53,0.64,28.09,2.534
NBFC052,Base Layer,FY23Q2,2022-09-30,Retail (Gold),2561.97,1.591,40.76,0.573,14.68,0.64,27.31,2.497
NBFC052,Base Layer,FY23Q2,2022-09-30,Retail (Housing),1138.65,2.51,28.58,0.904,10.29,0.64,29.32,2.57
NBFC052,Base Layer,FY23Q2,2022-09-30,Retail (Personal/Unsecured),2561.97,7.787,199.5,2.803,71.81,0.64,25.57,1.629
NBFC052,Base Layer,FY23Q2,2022-09-30,Retail (Vehicle),1992.64,4.922,98.08,1.772,35.31,0.64,30.09,2.449
NBFC052,Base Layer,FY23Q2,2022-09-30,Wholesale/Corporate,853.99,5.344,45.64,1.924,16.43,0.64,26.69,2.587
NBFC052,Base Layer,FY23Q4,2023-03-31,Infrastructure,307.46,3.161,9.72,1.043,3.21,0.67,25.28,3.118
NBFC052,Base Layer,FY23Q4,2023-03-31,MSME,2152.21,4.568,98.31,1.507,32.43,0.67,28.195,3.113
NBFC052,Base Layer,FY23Q4,2023-03-31,Microfinance,3074.59,7.323,225.15,2.417,74.31,0.67,28.4,2.939
NBFC052,Base Layer,FY23Q4,2023-03-31,Retail (Gold),2767.13,1.209,33.45,0.399,11.04,0.67,24.83,2.338
NBFC052,Base Layer,FY23Q4,2023-03-31,Retail (Housing),1229.83,2.036,25.04,0.672,8.26,0.67,25.1,3.079
NBFC052,Base Layer,FY23Q4,2023-03-31,Retail (Personal/Unsecured),2767.13,6.265,173.36,2.067,57.2,0.67,29.42,2.625
NBFC052,Base Layer,FY23Q4,2023-03-31,Retail (Vehicle),2152.21,3.863,83.14,1.275,27.44,0.67,28.86,2.912
NBFC052,Base Layer,FY24Q2,2023-09-30,Infrastructure,335.26,3.033,10.17,0.91,3.05,0.7,26.13,2.669
NBFC052,Base Layer,FY24Q2,2023-09-30,MSME,2346.8,4.254,99.83,1.276,29.95,0.7,27.94,3.393
NBFC052,Base Layer,FY24Q2,2023-09-30,Microfinance,3352.58,7.031,235.72,2.109,70.71,0.7,25.25,3.266
NBFC052,Base Layer,FY24Q2,2023-09-30,Retail (Gold),3017.32,1.143,34.49,0.343,10.35,0.7,25.01,3.596
NBFC052,Base Layer,FY24Q2,2023-09-30,Retail (Housing),1341.03,1.787,23.96,0.536,7.19,0.7,25.86,3.278
NBFC052,Base Layer,FY24Q2,2023-09-30,Retail (Personal/Unsecured),3017.32,5.935,179.08,1.78,53.71,0.7,28.48,2.92
NBFC052,Base Layer,FY24Q2,2023-09-30,Retail (Vehicle),2346.8,3.556,83.45,1.067,25.04,0.7,30.31,2.76
NBFC052,Base Layer,FY24Q2,2023-09-30,Wholesale/Corporate,1005.77,3.904,39.27,1.171,11.78,0.7,24.8,2.811
NBFC052,Base Layer,FY24Q4,2024-03-31,Infrastructure,373.62,1.921,7.18,0.519,1.94,0.73,25.91,3.32
NBFC052,Base Layer,FY24Q4,2024-03-31,MSME,2615.34,2.886,75.48,0.779,20.37,0.73,27.36,3.519
NBFC052,Base Layer,FY24Q4,2024-03-31,Microfinance,3736.21,4.413,164.88,1.255,46.89,0.716,23.82,3.438
NBFC052,Base Layer,FY24Q4,2024-03-31,Retail (Gold),3362.58,0.791,26.6,0.214,7.2,0.729,27.11,3.771
NBFC052,Base Layer,FY24Q4,2024-03-31,Retail (Housing),1494.48,1.224,18.29,0.33,4.93,0.73,24.85,3.477
NBFC052,Base Layer,FY24Q4,2024-03-31,Retail (Personal/Unsecured),3362.58,4.03,135.51,1.088,36.58,0.73,27.2,3.554
NBFC052,Base Layer,FY24Q4,2024-03-31,Retail (Vehicle),2615.34,2.41,63.03,0.651,17.03,0.73,29.36,3.332
NBFC052,Base Layer,FY24Q4,2024-03-31,Wholesale/Corporate,1120.86,2.609,29.24,0.704,7.89,0.73,26.18,3.892
NBFC052,Base Layer,FY25Q2,2024-09-30,Infrastructure,399.2,2.771,11.06,0.665,2.65,0.76,27.78,3.466
NBFC052,Base Layer,FY25Q2,2024-09-30,Microfinance,3991.96,6.111,243.95,1.467,58.56,0.76,26.28,2.673
NBFC052,Base Layer,FY25Q2,2024-09-30,Retail (Gold),3592.76,1.082,38.87,0.26,9.34,0.76,26.4,2.502
NBFC052,Base Layer,FY25Q2,2024-09-30,Retail (Housing),1596.78,1.62,25.87,0.389,6.21,0.76,27.47,2.848
NBFC052,Base Layer,FY25Q2,2024-09-30,Retail (Personal/Unsecured),3592.76,5.106,183.45,1.225,44.01,0.76,26.795,3.352
NBFC052,Base Layer,FY25Q2,2024-09-30,Retail (Vehicle),2794.37,3.137,87.66,0.753,21.04,0.76,28.8,2.978
NBFC052,Base Layer,FY25Q2,2024-09-30,Wholesale/Corporate,1197.59,3.3890000000000002,40.59,0.855,10.24,0.748,28.83,2.652
NBFC052,Base Layer,FY25Q4,2025-03-31,Infrastructure,424.77,2.38,10.11,0.5,2.12,0.79,24.73,3.164
NBFC052,Base Layer,FY25Q4,2025-03-31,MSME,2973.4,3.569,106.12,0.749,22.27,0.79,28.27,2.963
NBFC052,Base Layer,FY25Q4,2025-03-31,Microfinance,4247.71,5.869,249.3,1.232,52.33,0.79,24.66,3.142
NBFC052,Base Layer,FY25Q4,2025-03-31,Retail (Gold),3822.94,0.977,37.35,0.205,7.84,0.79,26.0,2.986
NBFC052,Base Layer,FY25Q4,2025-03-31,Retail (Housing),1699.08,1.508,25.62,0.317,5.39,0.79,23.73,2.789
NBFC052,Base Layer,FY25Q4,2025-03-31,Retail (Personal/Unsecured),3822.94,4.966,189.85,1.043,39.87,0.79,26.95,2.567
NBFC052,Base Layer,FY25Q4,2025-03-31,Retail (Vehicle),2973.4,2.835,84.3,0.595,17.69,0.79,28.1,2.388
NBFC052,Base Layer,FY25Q4,2025-03-31,Wholesale/Corporate,1274.31,3.273,41.71,0.687,8.75,0.79,23.88,3.094
NBFC053,Base Layer,FY21Q4,2021-03-31,Infrastructure,120.36,5.034,6.06,2.265,2.73,0.55,27.35,1.612
NBFC053,Base Layer,FY21Q4,2021-03-31,MSME,842.52,7.17,60.41,3.226,27.18,0.55,22.1,0.939
NBFC053,Base Layer,FY21Q4,2021-03-31,Microfinance,1203.61,11.582,139.4,5.212,62.73,0.55,27.85,1.387
NBFC053,Base Layer,FY21Q4,2021-03-31,Retail (Gold),1083.25,1.956,21.19,0.88,9.53,0.55,24.48,1.647
NBFC053,Base Layer,FY21Q4,2021-03-31,Retail (Housing),481.44,3.123,15.04,1.405,6.76,0.551,23.33,1.305
NBFC053,Base Layer,FY21Q4,2021-03-31,Retail (Personal/Unsecured),1083.25,9.544,103.39,4.295,46.53,0.55,23.66,1.381
NBFC053,Base Layer,FY21Q4,2021-03-31,Retail (Vehicle),842.52,6.019,50.71,2.709,22.82,0.55,27.84,1.475
NBFC053,Base Layer,FY21Q4,2021-03-31,Wholesale/Corporate,361.08,6.8,24.55,3.06,11.05,0.55,26.6,1.0
NBFC053,Base Layer,FY22Q2,2021-09-30,Infrastructure,127.13,4.944,6.29,2.076,2.64,0.58,26.87,1.692
NBFC053,Base Layer,FY22Q2,2021-09-30,Microfinance,1271.28,11.985,152.36,5.034,64.0,0.58,27.47,1.084
NBFC053,Base Layer,FY22Q2,2021-09-30,Retail (Gold),1144.15,2.02,23.11,0.848,9.7,0.58,27.64,1.936
NBFC053,Base Layer,FY22Q2,2021-09-30,Retail (Housing),508.51,3.312,16.84,1.391,7.07,0.58,27.2,1.122
NBFC053,Base Layer,FY22Q2,2021-09-30,Retail (Personal/Unsecured),1144.15,9.614,110.0,4.038,46.2,0.58,23.67,1.267
NBFC053,Base Layer,FY22Q2,2021-09-30,Retail (Vehicle),889.89,6.018,53.55,2.528,22.5,0.58,26.82,1.837
NBFC053,Base Layer,FY22Q2,2021-09-30,Wholesale/Corporate,381.38,6.447,24.59,2.708,10.33,0.58,24.12,2.017
NBFC053,Base Layer,FY22Q4,2022-03-31,Infrastructure,133.92,4.906,6.57,1.913,2.56,0.61,29.05,1.975
NBFC053,Base Layer,FY22Q4,2022-03-31,MSME,937.46,6.625,62.11,2.584,24.22,0.61,28.21,1.574
NBFC053,Base Layer,FY22Q4,2022-03-31,Microfinance,1339.23,10.703,143.34,4.174,55.9,0.61,25.74,1.291
NBFC053,Base Layer,FY22Q4,2022-03-31,Retail (Gold),1205.31,1.82,21.94,0.71,8.56,0.61,24.47,1.951
NBFC053,Base Layer,FY22Q4,2022-03-31,Retail (Housing),535.69,2.816,15.09,1.098,5.88,0.61,26.71,2.096
NBFC053,Base Layer,FY22Q4,2022-03-31,Retail (Personal/Unsecured),1205.31,8.817,106.27,3.439,41.45,0.61,29.0,1.729
NBFC053,Base Layer,FY22Q4,2022-03-31,Retail (Vehicle),937.46,5.425,50.86,2.116,19.84,0.61,26.3,2.064
NBFC053,Base Layer,FY22Q4,2022-03-31,Wholesale/Corporate,401.77,5.878,23.62,2.292,9.21,0.61,25.4,2.037
NBFC053,Base Layer,FY23Q2,2022-09-30,Infrastructure,144.97,3.967,5.75,1.428,2.07,0.64,27.34,2.669
NBFC053,Base Layer,FY23Q2,2022-09-30,MSME,1014.76,5.997,60.86,2.159,21.91,0.64,29.88,2.033
NBFC053,Base Layer,FY23Q2,2022-09-30,Microfinance,1449.65,9.415,136.48,3.42,49.58,0.637,27.12,1.657
NBFC053,Base Layer,FY23Q2,2022-09-30,Retail (Gold),1304.69,1.507,19.66,0.543,7.08,0.64,25.49,2.036
NBFC053,Base Layer,FY23Q2,2022-09-30,Retail (Housing),579.86,2.58,14.96,0.929,5.39,0.64,27.55,1.548
NBFC053,Base Layer,FY23Q2,2022-09-30,Retail (Personal/Unsecured),1304.69,8.087,105.51,2.911,37.98,0.64,28.26,1.644
NBFC053,Base Layer,FY23Q2,2022-09-30,Retail (Vehicle),1014.76,4.837,49.08,1.741,17.67,0.64,29.92,1.769
NBFC053,Base Layer,FY23Q2,2022-09-30,Wholesale/Corporate,434.9,5.158,22.43,1.857,8.08,0.64,24.56,2.124
NBFC053,Base Layer,FY23Q4,2023-03-31,Infrastructure,156.57,3.204,5.02,1.057,1.65,0.671,28.53,2.353
NBFC053,Base Layer,FY23Q4,2023-03-31,Microfinance,1565.74,7.148,111.92,2.359,36.94,0.67,28.79,2.735
NBFC053,Base Layer,FY23Q4,2023-03-31,Retail (Gold),1409.16,1.258,17.73,0.415,5.85,0.67,25.84,3.332
NBFC053,Base Layer,FY23Q4,2023-03-31,Retail (Housing),626.29,1.991,12.47,0.657,4.11,0.67,30.08,2.369
NBFC053,Base Layer,FY23Q4,2023-03-31,Retail (Personal/Unsecured),1409.16,6.381,89.92,2.106,29.68,0.67,30.16,2.477
NBFC053,Base Layer,FY23Q4,2023-03-31,Retail (Vehicle),1096.02,3.524,38.62,1.163,12.75,0.67,25.57,2.388
NBFC053,Base Layer,FY23Q4,2023-03-31,Wholesale/Corporate,469.72,4.232,19.88,1.397,6.56,0.67,28.65,3.329
NBFC053,Base Layer,FY24Q2,2023-09-30,MSME,1195.11,4.288,51.25,1.286,15.37,0.7,27.67,3.052
NBFC053,Base Layer,FY24Q2,2023-09-30,Microfinance,1707.3,6.719,114.71,2.016,34.42,0.7,27.63,3.439
NBFC053,Base Layer,FY24Q2,2023-09-30,Retail (Gold),1536.57,1.15,17.67,0.345,5.3,0.7,26.49,2.693
NBFC053,Base Layer,FY24Q2,2023-09-30,Retail (Housing),682.92,1.801,12.3,0.54,3.69,0.7,29.11,2.811
NBFC053,Base Layer,FY24Q2,2023-09-30,Retail (Personal/Unsecured),1536.57,6.084,93.48,1.825,28.04,0.7,25.55,2.693
NBFC053,Base Layer,FY24Q2,2023-09-30,Retail (Vehicle),1195.11,3.355,40.1,1.006,12.02,0.7,28.55,3.212
NBFC053,Base Layer,FY24Q2,2023-09-30,Wholesale/Corporate,512.19,3.928,20.12,1.178,6.03,0.7,26.8,3.263
NBFC053,Base Layer,FY24Q4,2024-03-31,Infrastructure,190.27,2.057,3.91,0.555,1.06,0.729,29.45,2.986
NBFC053,Base Layer,FY24Q4,2024-03-31,MSME,1331.87,2.874,38.28,0.805,10.72,0.72,29.48,2.872
NBFC053,Base Layer,FY24Q4,2024-03-31,Microfinance,1902.67,4.71,89.62,1.272,24.2,0.73,26.43,3.807
NBFC053,Base Layer,FY24Q4,2024-03-31,Retail (Gold),1712.4,0.758,12.98,0.205,3.51,0.73,27.64,2.886
NBFC053,Base Layer,FY24Q4,2024-03-31,Retail (Housing),761.07,1.208,9.19,0.335,2.55,0.723,27.17,2.889
NBFC053,Base Layer,FY24Q4,2024-03-31,Retail (Personal/Unsecured),1746.65,3.915,68.38,1.057,18.46,0.73,28.95,3.223
NBFC053,Base Layer,FY24Q4,2024-03-31,Retail (Vehicle),1331.87,2.252,29.99,0.608,8.1,0.73,24.71,3.68
NBFC053,Base Layer,FY24Q4,2024-03-31,Wholesale/Corporate,570.8,2.518,14.37,0.68,3.88,0.73,27.8,3.899
NBFC053,Base Layer,FY25Q2,2024-09-30,Infrastructure,203.29,2.751,5.59,0.66,1.34,0.76,24.34,3.148
NBFC053,Base Layer,FY25Q2,2024-09-30,MSME,1423.04,3.957,56.31,0.95,13.52,0.76,27.94,3.38
NBFC053,Base Layer,FY25Q2,2024-09-30,Microfinance,2032.91,6.125,124.52,1.47,29.88,0.76,23.67,3.391
NBFC053,Base Layer,FY25Q2,2024-09-30,Retail (Gold),1829.62,1.063,19.45,0.255,4.67,0.76,24.46,3.317
NBFC053,Base Layer,FY25Q2,2024-09-30,Retail (Housing),813.16,1.623,13.2,0.39,3.17,0.76,26.12,3.253
NBFC053,Base Layer,FY25Q2,2024-09-30,Retail (Personal/Unsecured),1829.62,5.41,98.98,1.298,23.75,0.76,28.52,2.458
NBFC053,Base Layer,FY25Q2,2024-09-30,Retail (Vehicle),1423.04,3.164,45.02,0.759,10.8,0.76,23.46,2.749
NBFC053,Base Layer,FY25Q2,2024-09-30,Wholesale/Corporate,609.87,3.405,20.77,0.817,4.98,0.76,26.95,3.469
NBFC053,Base Layer,FY25Q4,2025-03-31,Infrastructure,216.32,2.442,5.28,0.497,1.08,0.795,23.22,3.18
NBFC053,Base Layer,FY25Q4,2025-03-31,MSME,1514.21,3.471,52.56,0.729,11.04,0.79,28.3,2.449
NBFC053,Base Layer,FY25Q4,2025-03-31,Microfinance,2163.15,6.002,129.83,1.26,27.26,0.79,25.44,2.7385
NBFC053,Base Layer,FY25Q4,2025-03-31,Retail (Gold),1946.84,0.998,19.43,0.21,4.09,0.79,24.0,2.49
NBFC053,Base Layer,FY25Q4,2025-03-31,Retail (Housing),865.26,1.495,12.94,0.314,2.72,0.79,28.1,2.34
NBFC053,Base Layer,FY25Q4,2025-03-31,Retail (Personal/Unsecured),1946.84,4.663,90.78,0.979,19.06,0.79,28.08,2.794
NBFC053,Base Layer,FY25Q4,2025-03-31,Retail (Vehicle),1514.21,2.819,42.69,0.592,8.96,0.79,23.09,2.723
NBFC053,Base Layer,FY25Q4,2025-03-31,Wholesale/Corporate,648.95,3.161,20.51,0.664,4.31,0.79,25.45,2.508
NBFC054,Base Layer,FY21Q4,2021-03-31,Infrastructure,191.03,5.006,9.56,2.253,4.3,0.55,24.75,1.382
NBFC054,Base Layer,FY21Q4,2021-03-31,MSME,1337.24,7.606,101.71,3.423,45.77,0.55,27.49,1.102
NBFC054,Base Layer,FY21Q4,2021-03-31,Microfinance,1910.34,12.357,236.06,5.561,106.23,0.55,24.55,1.963
NBFC054,Base Layer,FY21Q4,2021-03-31,Retail (Gold),1719.3,1.946,33.46,0.876,15.06,0.55,24.22,1.325
NBFC054,Base Layer,FY21Q4,2021-03-31,Retail (Housing),764.14,3.081,23.54,1.386,10.59,0.55,26.08,1.473
NBFC054,Base Layer,FY21Q4,2021-03-31,Retail (Personal/Unsecured),1719.3,9.936,170.83,4.471,76.87,0.55,25.82,1.693
NBFC054,Base Layer,FY21Q4,2021-03-31,Retail (Vehicle),1337.24,5.826,77.91,2.622,35.06,0.55,23.99,1.93
NBFC054,Base Layer,FY21Q4,2021-03-31,Wholesale/Corporate,573.1,6.326,36.25,2.847,16.32,0.55,26.87,2.068
NBFC054,Base Layer,FY22Q2,2021-09-30,Infrastructure,201.77,5.152,10.4,2.102,4.24,0.592,27.92,2.064
NBFC054,Base Layer,FY22Q2,2021-09-30,MSME,1412.42,7.59,107.2,3.188,45.03,0.58,25.11,1.216
NBFC054,Base Layer,FY22Q2,2021-09-30,Microfinance,2017.74,11.825,238.6,4.966,100.2,0.58,26.63,2.015
NBFC054,Base Layer,FY22Q2,2021-09-30,Retail (Gold),1815.97,1.988,36.1,0.835,15.16,0.58,24.48,1.116
NBFC054,Base Layer,FY22Q2,2021-09-30,Retail (Housing),807.1,3.174,25.62,1.333,10.76,0.58,23.71,1.113
NBFC054,Base Layer,FY22Q2,2021-09-30,Retail (Personal/Unsecured),1815.97,10.063,182.74,4.226,76.74,0.58,28.23,1.858
NBFC054,Base Layer,FY22Q2,2021-09-30,Retail (Vehicle),1412.42,5.745,81.14,2.413,34.08,0.58,28.61,1.95
NBFC054,Base Layer,FY22Q2,2021-09-30,Wholesale/Corporate,605.32,6.879,41.64,2.889,17.49,0.58,26.98,1.032
NBFC054,Base Layer,FY22Q4,2022-03-31,Infrastructure,212.56,4.643,9.87,1.811,3.85,0.61,23.85,1.275
NBFC054,Base Layer,FY22Q4,2022-03-31,MSME,1487.92,6.855,102.0,2.673,39.77,0.61,28.03,1.302
NBFC054,Base Layer,FY22Q4,2022-03-31,Retail (Gold),1913.03,1.753,33.54,0.684,13.09,0.61,25.11,1.778
NBFC054,Base Layer,FY22Q4,2022-03-31,Retail (Housing),850.24,2.984,25.37,1.164,9.9,0.61,26.85,2.178
NBFC054,Base Layer,FY22Q4,2022-03-31,Retail (Personal/Unsecured),1913.03,9.518,182.08,3.712,71.01,0.61,28.94,2.117
NBFC054,Base Layer,FY22Q4,2022-03-31,Retail (Vehicle),1487.92,5.309,78.99,2.071,30.81,0.61,23.73,1.832
NBFC054,Base Layer,FY22Q4,2022-03-31,Wholesale/Corporate,637.68,5.796,36.96,2.26,14.41,0.61,25.33,2.285
NBFC054,Base Layer,FY23Q2,2022-09-30,Infrastructure,230.09,4.181,9.62,1.505,3.46,0.64,25.64,2.325
NBFC054,Base Layer,FY23Q2,2022-09-30,MSME,1610.6,5.715,92.05,2.057,33.13,0.64,30.26,2.549
NBFC054,Base Layer,FY23Q2,2022-09-30,Microfinance,2300.85,9.782,225.07,3.522,81.04,0.64,26.49,1.6
NBFC054,Base Layer,FY23Q2,2022-09-30,Retail (Gold),2070.77,1.542,31.93,0.555,11.49,0.64,30.11,2.056
NBFC054,Base Layer,FY23Q2,2022-09-30,Retail (Housing),920.34,2.36,21.72,0.85,7.82,0.64,25.45,2.111
NBFC054,Base Layer,FY23Q2,2022-09-30,Retail (Personal/Unsecured),2070.77,7.866,162.89,2.832,58.64,0.64,26.56,1.525
NBFC054,Base Layer,FY23Q2,2022-09-30,Retail (Vehicle),1610.6,4.878,78.57,1.756,28.28,0.64,25.37,2.685
NBFC054,Base Layer,FY23Q2,2022-09-30,Wholesale/Corporate,690.26,5.043,34.81,1.863,12.86,0.631,28.13,2.177
NBFC054,Base Layer,FY23Q4,2023-03-31,Infrastructure,248.51,3.145,7.82,1.038,2.58,0.67,29.02,2.596
NBFC054,Base Layer,FY23Q4,2023-03-31,MSME,1739.57,4.767,82.93,1.573,27.36,0.67,29.6,2.543
NBFC054,Base Layer,FY23Q4,2023-03-31,Microfinance,2485.1,7.677,190.78,2.533,62.95,0.67,28.395,3.289
NBFC054,Base Layer,FY23Q4,2023-03-31,Retail (Gold),2236.59,1.2275,27.45,0.411,9.19,0.665,24.9,2.588
NBFC054,Base Layer,FY23Q4,2023-03-31,Retail (Housing),994.04,1.97,19.58,0.621,6.17,0.685,27.43,2.765
NBFC054,Base Layer,FY23Q4,2023-03-31,Retail (Personal/Unsecured),2236.59,6.453,144.33,2.129,47.62,0.67,24.79,2.926
NBFC054,Base Layer,FY23Q4,2023-03-31,Retail (Vehicle),1739.57,3.692,64.22,1.218,21.19,0.67,26.21,3.085
NBFC054,Base Layer,FY23Q4,2023-03-31,Wholesale/Corporate,745.53,3.958,29.51,1.306,9.74,0.67,25.12,2.9
NBFC054,Base Layer,FY24Q2,2023-09-30,Infrastructure,270.98,2.953,8.0,0.886,2.4,0.7,24.81,3.327
NBFC054,Base Layer,FY24Q2,2023-09-30,MSME,1896.86,4.536,86.04,1.361,25.82,0.7,27.81,3.099
NBFC054,Base Layer,FY24Q2,2023-09-30,Microfinance,2709.8,6.836,185.24,2.051,55.58,0.7,29.61,3.128
NBFC054,Base Layer,FY24Q2,2023-09-30,Retail (Gold),2438.82,1.215,29.63,0.364,8.88,0.7,30.15,3.042
NBFC054,Base Layer,FY24Q2,2023-09-30,Retail (Housing),1083.92,1.761,19.09,0.528,5.72,0.7,26.08,3.289
NBFC054,Base Layer,FY24Q2,2023-09-30,Retail (Personal/Unsecured),2438.82,5.977,145.77,1.793,43.73,0.7,25.09,2.611
NBFC054,Base Layer,FY24Q2,2023-09-30,Retail (Vehicle),1896.86,3.627,68.8,1.088,20.64,0.7,26.04,2.89
NBFC054,Base Layer,FY24Q2,2023-09-30,Wholesale/Corporate,812.94,3.964,32.22,1.189,9.67,0.7,25.51,3.652
NBFC054,Base Layer,FY24Q4,2024-03-31,Infrastructure,301.99,1.987,6.0,0.536,1.62,0.73,28.1,3.761
NBFC054,Base Layer,FY24Q4,2024-03-31,MSME,2113.91,2.935,62.04,0.792,16.74,0.73,26.82,2.928
NBFC054,Base Layer,FY24Q4,2024-03-31,Microfinance,3019.87,4.816,145.44,1.3,39.26,0.73,25.43,3.097
NBFC054,Base Layer,FY24Q4,2024-03-31,Retail (Gold),2717.88,0.74,20.11,0.2,5.44,0.729,24.1,2.899
NBFC054,Base Layer,FY24Q4,2024-03-31,Retail (Housing),1207.95,1.173,14.17,0.317,3.83,0.73,26.84,3.353
NBFC054,Base Layer,FY24Q4,2024-03-31,Retail (Personal/Unsecured),2717.88,3.939,107.06,1.064,28.92,0.73,27.0,2.738
NBFC054,Base Layer,FY24Q4,2024-03-31,Retail (Vehicle),2113.91,2.358,49.85,0.622,13.15,0.736,25.28,3.597
NBFC054,Base Layer,FY24Q4,2024-03-31,Wholesale/Corporate,905.96,2.567,23.26,0.693,6.28,0.73,23.96,3.32
NBFC054,Base Layer,FY25Q2,2024-09-30,Infrastructure,322.66,2.599,8.39,0.624,2.01,0.76,24.07,3.554
NBFC054,Base Layer,FY25Q2,2024-09-30,MSME,2258.61,4.072,91.97,0.977,22.07,0.76,23.86,2.533
NBFC054,Base Layer,FY25Q2,2024-09-30,Microfinance,3226.59,6.314,203.73,1.515,48.88,0.76,23.85,3.059
NBFC054,Base Layer,FY25Q2,2024-09-30,Retail (Gold),2903.93,1.017,29.53,0.244,7.09,0.76,23.42,3.532
NBFC054,Base Layer,FY25Q2,2024-09-30,Retail (Housing),1290.64,1.664,21.48,0.399,5.15,0.76,27.66,2.646
NBFC054,Base Layer,FY25Q2,2024-09-30,Retail (Personal/Unsecured),2903.93,5.169,150.1,1.241,36.04,0.76,26.0,3.434
NBFC054,Base Layer,FY25Q2,2024-09-30,Retail (Vehicle),2258.61,3.031,68.46,0.727,16.42,0.76,27.25,3.571
NBFC054,Base Layer,FY25Q2,2024-09-30,Wholesale/Corporate,967.98,3.296,31.9,0.791,7.66,0.76,23.99,3.292
NBFC054,Base Layer,FY25Q4,2025-03-31,Infrastructure,343.33,2.442,8.38,0.508,1.74,0.792,28.52,3.003
NBFC054,Base Layer,FY25Q4,2025-03-31,MSME,2403.31,3.43,82.43,0.72,17.3,0.79,23.96,3.095
NBFC054,Base Layer,FY25Q4,2025-03-31,Microfinance,3433.31,5.946,204.14,1.249,42.88,0.79,27.51,2.572
NBFC054,Base Layer,FY25Q4,2025-03-31,Retail (Gold),3089.98,0.994,30.71,0.209,6.46,0.79,23.5,2.738
NBFC054,Base Layer,FY25Q4,2025-03-31,Retail (Housing),1373.32,1.495,20.53,0.314,4.31,0.79,26.97,3.281
NBFC054,Base Layer,FY25Q4,2025-03-31,Retail (Personal/Unsecured),3089.98,4.753,146.87,0.998,30.84,0.79,28.69,2.464
NBFC054,Base Layer,FY25Q4,2025-03-31,Retail (Vehicle),2403.31,2.967,71.31,0.623,14.97,0.79,28.58,2.906
NBFC054,Base Layer,FY25Q4,2025-03-31,Wholesale/Corporate,1029.99,3.037,31.28,0.638,6.57,0.79,23.22,2.952
NBFC055,Base Layer,FY21Q4,2021-03-31,Infrastructure,177.13,5.066,8.97,2.28,4.04,0.55,27.09,1.585
NBFC055,Base Layer,FY21Q4,2021-03-31,Microfinance,1771.32,12.26,217.16,5.517,97.72,0.55,27.45,1.001
NBFC055,Base Layer,FY21Q4,2021-03-31,Retail (Gold),1594.19,2.008,32.01,0.904,14.41,0.55,27.8,1.335
NBFC055,Base Layer,FY21Q4,2021-03-31,Retail (Housing),708.53,3.096,21.94,1.393,9.87,0.55,24.23,1.369
NBFC055,Base Layer,FY21Q4,2021-03-31,Retail (Personal/Unsecured),1594.19,9.435,150.41,4.246,67.69,0.55,23.17,1.879
NBFC055,Base Layer,FY21Q4,2021-03-31,Retail (Vehicle),1239.92,6.141,76.14,2.763,34.26,0.55,25.46,1.937
NBFC055,Base Layer,FY21Q4,2021-03-31,Wholesale/Corporate,531.4,6.281,33.38,2.826,15.02,0.55,25.66,1.582
NBFC055,Base Layer,FY22Q2,2021-09-30,Infrastructure,187.09,5.063,9.47,2.126,3.98,0.58,27.38,1.6
NBFC055,Base Layer,FY22Q2,2021-09-30,MSME,1309.63,7.699,100.83,3.234,42.35,0.58,26.23,1.571
NBFC055,Base Layer,FY22Q2,2021-09-30,Microfinance,1870.9,11.818,221.1,4.964,92.87,0.58,23.55,1.369
NBFC055,Base Layer,FY22Q2,2021-09-30,Retail (Gold),1683.81,2.005,33.76,0.842,14.18,0.58,27.96,1.677
NBFC055,Base Layer,FY22Q2,2021-09-30,Retail (Housing),748.36,3.159,23.64,1.327,9.93,0.58,24.49,1.753
NBFC055,Base Layer,FY22Q2,2021-09-30,Retail (Personal/Unsecured),1683.81,10.421,175.47,4.377,73.7,0.58,27.97,1.459
NBFC055,Base Layer,FY22Q2,2021-09-30,Retail (Vehicle),1309.63,6.313,82.68,2.651,34.72,0.58,23.81,1.922
NBFC055,Base Layer,FY22Q2,2021-09-30,Wholesale/Corporate,561.27,6.756,37.92,2.838,15.93,0.58,25.05,1.198
NBFC055,Base Layer,FY22Q4,2022-03-31,Infrastructure,197.09,4.907,9.67,1.914,3.77,0.61,29.05,1.654
NBFC055,Base Layer,FY22Q4,2022-03-31,MSME,1379.64,6.78,93.54,2.644,36.48,0.61,27.48,1.689
NBFC055,Base Layer,FY22Q4,2022-03-31,Microfinance,1970.91,11.376,224.21,4.437,87.45,0.61,24.19,1.115
NBFC055,Base Layer,FY22Q4,2022-03-31,Retail (Gold),1773.82,1.791,31.77,0.698,12.38,0.61,27.29,1.608
NBFC055,Base Layer,FY22Q4,2022-03-31,Retail (Housing),788.36,2.745,21.64,1.071,8.44,0.61,28.81,1.638
NBFC055,Base Layer,FY22Q4,2022-03-31,Retail (Personal/Unsecured),1773.82,9.01,159.82,3.514,62.33,0.61,27.66,2.118
NBFC055,Base Layer,FY22Q4,2022-03-31,Retail (Vehicle),1379.64,5.242,72.32,2.133,29.43,0.593,24.88,1.455
NBFC055,Base Layer,FY22Q4,2022-03-31,Wholesale/Corporate,591.27,6.108,36.11,2.382,14.08,0.61,27.38,1.218
NBFC055,Base Layer,FY23Q2,2022-09-30,Infrastructure,213.34,4.149,8.85,1.494,3.19,0.64,25.88,2.498
NBFC055,Base Layer,FY23Q2,2022-09-30,MSME,1493.39,5.704,85.18,2.053,30.66,0.64,28.6,1.596
NBFC055,Base Layer,FY23Q2,2022-09-30,Microfinance,2133.41,9.808,209.24,3.531,75.33,0.64,25.91,2.375
NBFC055,Base Layer,FY23Q2,2022-09-30,Retail (Gold),1920.07,1.599,30.7,0.576,11.06,0.64,25.36,1.839
NBFC055,Base Layer,FY23Q2,2022-09-30,Retail (Housing),853.37,2.488,21.23,0.896,7.65,0.64,29.86,2.28
NBFC055,Base Layer,FY23Q2,2022-09-30,Retail (Personal/Unsecured),1920.07,7.828,150.3,2.943,56.51,0.624,27.23,2.539
NBFC055,Base Layer,FY23Q2,2022-09-30,Retail (Vehicle),1493.39,4.632,69.17,1.668,24.91,0.64,30.09,2.569
NBFC055,Base Layer,FY23Q2,2022-09-30,Wholesale/Corporate,640.02,5.174,33.11,1.888,12.08,0.635,25.46,1.938
NBFC055,Base Layer,FY23Q4,2023-03-31,Infrastructure,230.43,3.291,7.58,1.086,2.5,0.67,27.32,3.108
NBFC055,Base Layer,FY23Q4,2023-03-31,MSME,1612.98,4.465,72.02,1.473,23.76,0.67,24.56,3.244
NBFC055,Base Layer,FY23Q4,2023-03-31,Microfinance,2304.25,7.246,166.97,2.391,55.09,0.67,28.86,2.942
NBFC055,Base Layer,FY23Q4,2023-03-31,Retail (Gold),2073.83,1.277,26.48,0.421,8.73,0.67,27.08,2.793
NBFC055,Base Layer,FY23Q4,2023-03-31,Retail (Housing),921.7,1.995,18.39,0.658,6.06,0.67,28.79,2.8
NBFC055,Base Layer,FY23Q4,2023-03-31,Retail (Personal/Unsecured),2073.83,6.103,126.57,2.014,41.77,0.67,26.77,3.455
NBFC055,Base Layer,FY23Q4,2023-03-31,Retail (Vehicle),1612.98,3.839,61.92,1.267,20.44,0.67,28.24,3.272
NBFC055,Base Layer,FY23Q4,2023-03-31,Wholesale/Corporate,691.28,4.225,29.21,1.394,9.64,0.67,26.04,2.958
NBFC055,Base Layer,FY24Q2,2023-09-30,Infrastructure,251.26,2.88,7.24,0.864,2.17,0.7,28.57,3.149
NBFC055,Base Layer,FY24Q2,2023-09-30,Microfinance,2512.6,7.272,182.72,2.182,54.82,0.7,30.16,3.018
NBFC055,Base Layer,FY24Q2,2023-09-30,Retail (Gold),2261.34,1.173,26.53,0.352,7.96,0.7,26.05,3.344
NBFC055,Base Layer,FY24Q2,2023-09-30,Retail (Housing),1005.04,1.834,18.43,0.55,5.53,0.7,27.96,3.24
NBFC055,Base Layer,FY24Q2,2023-09-30,Retail (Personal/Unsecured),2261.34,6.095,137.83,1.828,41.34,0.7,26.35,3.076
NBFC055,Base Layer,FY24Q2,2023-09-30,Retail (Vehicle),1758.82,3.368,59.24,1.01,17.76,0.7,28.53,2.558
NBFC055,Base Layer,FY24Q2,2023-09-30,Wholesale/Corporate,753.78,3.826,28.84,1.148,8.65,0.7,30.14,3.0
NBFC055,Base Layer,FY24Q4,2024-03-31,Infrastructure,280.01,2.043,5.72,0.552,1.55,0.729,25.17,3.791
NBFC055,Base Layer,FY24Q4,2024-03-31,MSME,1960.07,2.98,58.41,0.805,15.78,0.73,26.72,3.585
NBFC055,Base Layer,FY24Q4,2024-03-31,Microfinance,2800.11,4.567,127.88,1.233,34.53,0.73,23.83,3.2119999999999997
NBFC055,Base Layer,FY24Q4,2024-03-31,Retail (Gold),2520.1,0.761,19.18,0.205,5.17,0.73,26.54,3.292
NBFC055,Base Layer,FY24Q4,2024-03-31,Retail (Housing),1120.04,1.22,13.66,0.329,3.68,0.731,23.83,3.435
NBFC055,Base Layer,FY24Q4,2024-03-31,Retail (Personal/Unsecured),2520.1,3.992,100.6,1.078,27.17,0.73,24.91,2.985
NBFC055,Base Layer,FY24Q4,2024-03-31,Retail (Vehicle),1960.07,2.367,46.39,0.639,12.52,0.73,28.86,3.307
NBFC055,Base Layer,FY24Q4,2024-03-31,Wholesale/Corporate,840.03,2.608,21.91,0.704,5.91,0.73,24.08,3.286
NBFC055,Base Layer,FY25Q2,2024-09-30,Infrastructure,299.18,2.591,7.75,0.622,1.86,0.76,26.86,3.236
NBFC055,Base Layer,FY25Q2,2024-09-30,Microfinance,2991.78,5.989,179.18,1.437,42.99,0.76,23.43,3.384
NBFC055,Base Layer,FY25Q2,2024-09-30,Retail (Gold),2692.6,1.0,26.93,0.24,6.46,0.76,24.62,3.541
NBFC055,Base Layer,FY25Q2,2024-09-30,Retail (Housing),1196.71,1.719,20.57,0.413,4.94,0.76,26.46,2.787
NBFC055,Base Layer,FY25Q2,2024-09-30,Retail (Personal/Unsecured),2692.6,5.313,143.06,1.275,34.33,0.76,26.01,2.677
NBFC055,Base Layer,FY25Q2,2024-09-30,Retail (Vehicle),2094.25,3.155,66.07,0.757,15.85,0.76,28.71,2.844
NBFC055,Base Layer,FY25Q2,2024-09-30,Wholesale/Corporate,897.53,3.497,31.39,0.839,7.53,0.76,27.27,3.386
NBFC055,Base Layer,FY25Q4,2025-03-31,Infrastructure,318.35,2.366,7.53,0.497,1.58,0.79,27.99,3.144
NBFC055,Base Layer,FY25Q4,2025-03-31,MSME,2228.42,3.744,83.43,0.786,17.52,0.79,25.66,2.929
NBFC055,Base Layer,FY25Q4,2025-03-31,Microfinance,3183.45,5.899,187.79,1.239,39.44,0.79,23.21,2.53
NBFC055,Base Layer,FY25Q4,2025-03-31,Retail (Gold),2865.11,0.976,27.96,0.205,5.87,0.79,26.25,3.206
NBFC055,Base Layer,FY25Q4,2025-03-31,Retail (Housing),1273.38,1.505,19.16,0.316,4.02,0.79,22.79,3.105
NBFC055,Base Layer,FY25Q4,2025-03-31,Retail (Personal/Unsecured),2865.11,4.678,134.03,0.982,28.14,0.79,25.12,2.754
NBFC055,Base Layer,FY25Q4,2025-03-31,Retail (Vehicle),2228.42,2.951,65.76,0.62,13.82,0.79,23.48,2.456
NBFC055,Base Layer,FY25Q4,2025-03-31,Wholesale/Corporate,955.04,3.099,29.6,0.651,6.22,0.79,23.25,2.746
NBFC056,Base Layer,FY21Q4,2021-03-31,Infrastructure,139.93,5.004,7.0,2.252,3.15,0.55,24.64,1.194
NBFC056,Base Layer,FY21Q4,2021-03-31,MSME,979.54,7.291,71.42,3.281,32.14,0.55,27.15,1.92
NBFC056,Base Layer,FY21Q4,2021-03-31,Microfinance,1399.34,12.144,169.94,5.465,76.47,0.55,26.65,1.291
NBFC056,Base Layer,FY21Q4,2021-03-31,Retail (Gold),1259.41,2.036,25.64,0.916,11.54,0.55,24.6,1.958
NBFC056,Base Layer,FY21Q4,2021-03-31,Retail (Housing),559.74,3.199,17.91,1.44,8.06,0.55,27.57,1.818
NBFC056,Base Layer,FY21Q4,2021-03-31,Retail (Personal/Unsecured),1259.41,9.83,123.8,4.424,55.72,0.55,26.95,1.38
NBFC056,Base Layer,FY21Q4,2021-03-31,Retail (Vehicle),979.54,5.866,57.46,2.64,25.86,0.55,25.73,1.583
NBFC056,Base Layer,FY21Q4,2021-03-31,Wholesale/Corporate,419.8,6.506,27.31,2.928,12.29,0.55,25.92,1.95
NBFC056,Base Layer,FY22Q2,2021-09-30,Infrastructure,147.8,5.111,7.55,2.147,3.17,0.58,27.11,2.038
NBFC056,Base Layer,FY22Q2,2021-09-30,MSME,1034.61,7.504,77.64,3.152,32.61,0.58,28.17,1.173
NBFC056,Base Layer,FY22Q2,2021-09-30,Microfinance,1478.02,12.0605,178.26,5.226,77.24,0.567,26.48,1.303
NBFC056,Base Layer,FY22Q2,2021-09-30,Retail (Gold),1330.22,2.098,27.91,0.881,11.72,0.58,28.71,1.229
NBFC056,Base Layer,FY22Q2,2021-09-30,Retail (Housing),591.21,3.194,18.88,1.341,7.93,0.58,25.6,1.632
NBFC056,Base Layer,FY22Q2,2021-09-30,Retail (Personal/Unsecured),1330.22,9.611,127.85,4.037,53.7,0.58,27.48,1.118
NBFC056,Base Layer,FY22Q2,2021-09-30,Retail (Vehicle),1034.61,5.935,61.4,2.493,25.79,0.58,23.48,1.016
NBFC056,Base Layer,FY22Q2,2021-09-30,Wholesale/Corporate,443.41,6.465999999999999,28.67,2.735,12.13,0.577,24.84,1.349
NBFC056,Base Layer,FY22Q4,2022-03-31,Infrastructure,155.7,4.532,7.06,1.767,2.75,0.61,27.59,2.012
NBFC056,Base Layer,FY22Q4,2022-03-31,MSME,1089.91,6.646,72.44,2.592,28.25,0.61,24.72,1.752
NBFC056,Base Layer,FY22Q4,2022-03-31,Microfinance,1557.02,11.398,177.47,4.445,69.21,0.61,25.28,1.829
NBFC056,Base Layer,FY22Q4,2022-03-31,Retail (Gold),1401.32,1.757,24.62,0.685,9.6,0.61,24.93,1.162
NBFC056,Base Layer,FY22Q4,2022-03-31,Retail (Housing),622.81,2.874,17.9,1.121,6.98,0.61,26.71,2.149
NBFC056,Base Layer,FY22Q4,2022-03-31,Retail (Personal/Unsecured),1401.32,8.676,121.58,3.384,47.42,0.61,26.79,1.4
NBFC056,Base Layer,FY22Q4,2022-03-31,Retail (Vehicle),1089.91,5.264,57.37,2.053,22.38,0.61,28.25,1.635
NBFC056,Base Layer,FY22Q4,2022-03-31,Wholesale/Corporate,467.11,5.738,26.8,2.238,10.45,0.61,26.5,1.511
NBFC056,Base Layer,FY23Q2,2022-09-30,Infrastructure,168.54,3.915,6.6,1.464,2.47,0.626,27.490000000000002,2.529
NBFC056,Base Layer,FY23Q2,2022-09-30,MSME,1179.78,5.632,66.45,2.028,23.93,0.64,26.05,1.876
NBFC056,Base Layer,FY23Q2,2022-09-30,Microfinance,1685.4,9.843,165.89,3.543,59.71,0.64,26.8,2.383
NBFC056,Base Layer,FY23Q2,2022-09-30,Retail (Gold),1516.86,1.638,24.85,0.59,8.95,0.64,28.7,2.589
NBFC056,Base Layer,FY23Q2,2022-09-30,Retail (Housing),674.16,2.543,17.14,0.915,6.17,0.64,25.18,2.491
NBFC056,Base Layer,FY23Q2,2022-09-30,Retail (Personal/Unsecured),1516.86,7.858,119.19,2.829,42.91,0.64,26.08,1.636
NBFC056,Base Layer,FY23Q2,2022-09-30,Retail (Vehicle),1179.78,4.671,55.11,1.682,19.84,0.64,26.03,2.514
NBFC056,Base Layer,FY23Q2,2022-09-30,Wholesale/Corporate,505.62,5.312,26.86,1.912,9.67,0.64,26.23,1.638
NBFC056,Base Layer,FY23Q4,2023-03-31,Infrastructure,182.04,3.1,5.64,1.023,1.86,0.67,29.27,3.272
NBFC056,Base Layer,FY23Q4,2023-03-31,MSME,1274.25,4.456,56.78,1.47,18.73,0.67,29.06,2.553
NBFC056,Base Layer,FY23Q4,2023-03-31,Microfinance,1820.36,7.454,135.69,2.46,44.78,0.67,29.79,2.624
NBFC056,Base Layer,FY23Q4,2023-03-31,Retail (Gold),1638.33,1.219,19.97,0.402,6.59,0.67,27.02,3.299
NBFC056,Base Layer,FY23Q4,2023-03-31,Retail (Housing),728.15,2.012,14.65,0.664,4.83,0.67,27.82,3.085
NBFC056,Base Layer,FY23Q4,2023-03-31,Retail (Personal/Unsecured),1638.33,6.138,100.56,2.026,33.19,0.67,29.76,2.473
NBFC056,Base Layer,FY23Q4,2023-03-31,Retail (Vehicle),1274.25,3.653,46.55,1.205,15.35,0.67,27.16,2.755
NBFC056,Base Layer,FY23Q4,2023-03-31,Wholesale/Corporate,546.11,3.96,21.63,1.307,7.14,0.67,27.5,2.689
NBFC056,Base Layer,FY24Q2,2023-09-30,Infrastructure,198.5,2.893,5.74,0.868,1.72,0.7,30.6,3.126
NBFC056,Base Layer,FY24Q2,2023-09-30,MSME,1389.47,4.472,62.14,1.342,18.65,0.7,29.46,2.691
NBFC056,Base Layer,FY24Q2,2023-09-30,Retail (Gold),1786.46,1.1724999999999999,20.95,0.358,6.4,0.695,29.63,2.606
NBFC056,Base Layer,FY24Q2,2023-09-30,Retail (Housing),793.98,1.934,15.36,0.58,4.61,0.7,26.58,3.228
NBFC056,Base Layer,FY24Q2,2023-09-30,Retail (Personal/Unsecured),1786.46,5.807,103.74,1.742,31.12,0.7,27.24,2.931
NBFC056,Base Layer,FY24Q2,2023-09-30,Retail (Vehicle),1389.47,3.474,48.27,1.042,14.48,0.7,25.99,3.286
NBFC056,Base Layer,FY24Q2,2023-09-30,Wholesale/Corporate,595.49,3.975,23.67,1.192,7.1,0.7,29.93,3.264
NBFC056,Base Layer,FY24Q4,2024-03-31,Infrastructure,221.21,2.076,4.59,0.561,1.24,0.73,28.73,3.832
NBFC056,Base Layer,FY24Q4,2024-03-31,MSME,1548.46,2.931,45.39,0.791,12.25,0.73,23.96,3.735
NBFC056,Base Layer,FY24Q4,2024-03-31,Microfinance,2212.09,4.571,101.11,1.234,27.3,0.73,26.43,3.549
NBFC056,Base Layer,FY24Q4,2024-03-31,Retail (Gold),1990.88,0.809,16.11,0.218,4.34,0.731,29.23,2.718
NBFC056,Base Layer,FY24Q4,2024-03-31,Retail (Housing),884.84,1.271,11.25,0.343,3.04,0.73,25.07,3.855
NBFC056,Base Layer,FY24Q4,2024-03-31,Retail (Personal/Unsecured),1990.88,3.857,76.79,1.041,20.73,0.73,26.83,2.888
NBFC056,Base Layer,FY24Q4,2024-03-31,Retail (Vehicle),1548.46,2.391,37.02,0.646,10.0,0.73,28.55,2.857
NBFC056,Base Layer,FY24Q4,2024-03-31,Wholesale/Corporate,663.63,2.567,17.04,0.693,4.6,0.73,24.25,3.414
NBFC056,Base Layer,FY25Q2,2024-09-30,Infrastructure,236.35,2.604,6.15,0.625,1.48,0.759,24.59,3.345
NBFC056,Base Layer,FY25Q2,2024-09-30,MSME,1654.46,3.803,62.92,0.913,15.11,0.76,27.64,3.499
NBFC056,Base Layer,FY25Q2,2024-09-30,Microfinance,2363.51,6.086,143.84,1.461,34.53,0.76,25.89,2.57
NBFC056,Base Layer,FY25Q2,2024-09-30,Retail (Gold),2127.16,1.022,21.74,0.245,5.21,0.76,28.98,2.537
NBFC056,Base Layer,FY25Q2,2024-09-30,Retail (Housing),945.4,1.672,15.81,0.401,3.79,0.76,29.01,2.712
NBFC056,Base Layer,FY25Q2,2024-09-30,Retail (Personal/Unsecured),2127.16,5.016,106.7,1.2755,27.13,0.746,28.1,2.9365
NBFC056,Base Layer,FY25Q2,2024-09-30,Retail (Vehicle),1654.46,3.099,51.27,0.744,12.31,0.76,26.79,2.519
NBFC056,Base Layer,FY25Q2,2024-09-30,Wholesale/Corporate,709.05,3.3890000000000002,24.03,0.801,5.68,0.764,26.61,3.098
NBFC056,Base Layer,FY25Q4,2025-03-31,Infrastructure,251.49,2.453,6.17,0.515,1.3,0.789,26.17,2.523
NBFC056,Base Layer,FY25Q4,2025-03-31,MSME,1760.45,3.42,60.21,0.718,12.64,0.79,22.77,2.276
NBFC056,Base Layer,FY25Q4,2025-03-31,Microfinance,2514.93,5.8,145.87,1.218,30.63,0.79,24.35,3.027
NBFC056,Base Layer,FY25Q4,2025-03-31,Retail (Gold),2263.44,0.996,22.54,0.209,4.73,0.79,25.76,3.301
NBFC056,Base Layer,FY25Q4,2025-03-31,Retail (Housing),1005.97,1.563,15.72,0.328,3.3,0.79,23.71,3.098
NBFC056,Base Layer,FY25Q4,2025-03-31,Retail (Personal/Unsecured),2263.44,4.672,105.75,0.981,22.2,0.79,24.76,2.296
NBFC056,Base Layer,FY25Q4,2025-03-31,Retail (Vehicle),1760.45,2.988,52.6,0.627,11.04,0.79,26.53,2.873
NBFC056,Base Layer,FY25Q4,2025-03-31,Wholesale/Corporate,754.48,3.18,23.99,0.668,5.04,0.79,25.36,3.017
NBFC057,Base Layer,FY21Q4,2021-03-31,Infrastructure,283.3,5.051,14.31,2.354,6.67,0.534,22.48,1.12
NBFC057,Base Layer,FY21Q4,2021-03-31,MSME,1983.09,7.492,148.57,3.371,66.85,0.55,27.45,1.495
NBFC057,Base Layer,FY21Q4,2021-03-31,Microfinance,2832.99,11.303,320.21,5.086,144.09,0.55,24.13,1.758
NBFC057,Base Layer,FY21Q4,2021-03-31,Retail (Gold),2549.69,2.012,51.3,0.905,23.07,0.55,22.64,1.665
NBFC057,Base Layer,FY21Q4,2021-03-31,Retail (Housing),1133.2,3.041,34.46,1.368,15.5,0.55,22.43,1.916
NBFC057,Base Layer,FY21Q4,2021-03-31,Retail (Personal/Unsecured),2549.69,10.122,258.08,4.555,116.14,0.55,26.41,1.585
NBFC057,Base Layer,FY21Q4,2021-03-31,Retail (Vehicle),1983.09,5.737,113.77,2.582,51.2,0.55,22.55,1.748
NBFC057,Base Layer,FY21Q4,2021-03-31,Wholesale/Corporate,849.9,6.441,54.74,2.898,24.63,0.55,23.03,1.023
NBFC057,Base Layer,FY22Q2,2021-09-30,Infrastructure,299.23,5.422,16.22,2.277,6.81,0.58,27.67,1.501
NBFC057,Base Layer,FY22Q2,2021-09-30,MSME,2094.59,7.818,163.76,3.284,68.79,0.58,28.34,1.917
NBFC057,Base Layer,FY22Q2,2021-09-30,Microfinance,2992.27,12.276,367.33,5.156,154.28,0.58,24.81,1.906
NBFC057,Base Layer,FY22Q2,2021-09-30,Retail (Gold),2693.04,2.037,54.86,0.856,23.05,0.58,25.53,1.793
NBFC057,Base Layer,FY22Q2,2021-09-30,Retail (Personal/Unsecured),2693.04,9.655,260.01,4.055,109.2,0.58,25.26,2.145
NBFC057,Base Layer,FY22Q2,2021-09-30,Retail (Vehicle),2094.59,5.776,120.98,2.426,50.81,0.58,24.71,1.777
NBFC057,Base Layer,FY22Q2,2021-09-30,Wholesale/Corporate,897.68,6.868,61.65,2.885,25.9,0.58,26.06,1.573
NBFC057,Base Layer,FY22Q4,2022-03-31,Infrastructure,315.22,4.672,14.73,1.8205,5.74,0.61,24.18,1.803
NBFC057,Base Layer,FY22Q4,2022-03-31,MSME,2206.55,6.946,153.27,2.709,59.78,0.61,24.15,2.038
NBFC057,Base Layer,FY22Q4,2022-03-31,Microfinance,3152.21,10.648,335.65,4.153,130.91,0.61,26.62,1.576
NBFC057,Base Layer,FY22Q4,2022-03-31,Retail (Gold),2836.99,1.73,49.08,0.675,19.15,0.61,26.0,2.096
NBFC057,Base Layer,FY22Q4,2022-03-31,Retail (Housing),1260.88,2.847,35.9,1.11,14.0,0.61,27.97,1.544
NBFC057,Base Layer,FY22Q4,2022-03-31,Retail (Personal/Unsecured),2836.99,9.29,263.56,3.623,102.78,0.61,26.79,1.623
NBFC057,Base Layer,FY22Q4,2022-03-31,Retail (Vehicle),2206.55,5.54,122.24,2.161,47.68,0.61,28.29,1.248
NBFC057,Base Layer,FY22Q4,2022-03-31,Wholesale/Corporate,945.66,5.998,56.72,2.339,22.12,0.61,25.81,1.264
NBFC057,Base Layer,FY23Q2,2022-09-30,Infrastructure,341.21,3.906,13.33,1.406,4.8,0.64,25.12,1.606
NBFC057,Base Layer,FY23Q2,2022-09-30,MSME,2388.48,5.991,143.09,2.157,51.52,0.64,24.96,2.577
NBFC057,Base Layer,FY23Q2,2022-09-30,Microfinance,3412.12,9.69,330.63,3.488,119.01,0.64,26.48,2.0285
NBFC057,Base Layer,FY23Q2,2022-09-30,Retail (Gold),3070.9,1.574,48.34,0.567,17.41,0.64,25.44,2.12
NBFC057,Base Layer,FY23Q2,2022-09-30,Retail (Housing),1364.85,2.496,34.07,0.899,12.27,0.64,28.65,2.667
NBFC057,Base Layer,FY23Q2,2022-09-30,Retail (Personal/Unsecured),3070.9,7.596,233.27,2.735,83.99,0.64,28.52,2.159
NBFC057,Base Layer,FY23Q2,2022-09-30,Retail (Vehicle),2388.48,4.633,110.66,1.668,39.84,0.64,26.52,2.551
NBFC057,Base Layer,FY23Q2,2022-09-30,Wholesale/Corporate,1023.63,5.05,51.69,1.818,18.61,0.64,29.8,2.523
NBFC057,Base Layer,FY23Q4,2023-03-31,Infrastructure,368.54,3.218,11.86,1.062,3.91,0.67,25.73,2.849
NBFC057,Base Layer,FY23Q4,2023-03-31,MSME,2579.75,4.558,117.59,1.504,38.8,0.67,25.15,3.342
NBFC057,Base Layer,FY23Q4,2023-03-31,Microfinance,3685.35,7.164,264.02,2.364,87.12,0.67,28.3,2.522
NBFC057,Base Layer,FY23Q4,2023-03-31,Retail (Gold),3316.82,1.185,39.3,0.391,12.97,0.67,25.2,3.448
NBFC057,Base Layer,FY23Q4,2023-03-31,Retail (Housing),1474.14,1.942,28.63,0.641,9.45,0.67,29.39,2.916
NBFC057,Base Layer,FY23Q4,2023-03-31,Retail (Personal/Unsecured),3316.82,6.343,210.39,2.093,69.42,0.67,28.07,2.304
NBFC057,Base Layer,FY23Q4,2023-03-31,Retail (Vehicle),2579.75,3.613,93.21,1.192,30.75,0.67,26.13,2.838
NBFC057,Base Layer,FY23Q4,2023-03-31,Wholesale/Corporate,1105.61,3.908,43.21,1.29,14.26,0.67,28.53,2.741
NBFC057,Base Layer,FY24Q2,2023-09-30,Infrastructure,401.86,2.88,11.57,0.864,3.47,0.7,28.69,3.319
NBFC057,Base Layer,FY24Q2,2023-09-30,MSME,2813.0,4.319,121.49,1.296,36.46,0.7,25.83,3.42
NBFC057,Base Layer,FY24Q2,2023-09-30,Microfinance,4018.57,6.784,272.62,2.035,81.78,0.7,26.12,2.652
NBFC057,Base Layer,FY24Q2,2023-09-30,Retail (Gold),3616.71,1.197,43.29,0.359,12.98,0.7,28.84,2.887
NBFC057,Base Layer,FY24Q2,2023-09-30,Retail (Housing),1607.43,1.831,29.43,0.549,8.82,0.7,27.28,2.74
NBFC057,Base Layer,FY24Q2,2023-09-30,Retail (Personal/Unsecured),3616.71,5.803,209.88,1.741,62.97,0.7,25.95,3.219
NBFC057,Base Layer,FY24Q2,2023-09-30,Retail (Vehicle),2813.0,3.578,100.65,1.073,30.18,0.7,29.23,2.644
NBFC057,Base Layer,FY24Q2,2023-09-30,Wholesale/Corporate,1205.57,3.693,44.52,1.108,13.36,0.7,30.29,3.464
NBFC057,Base Layer,FY24Q4,2024-03-31,Infrastructure,447.84,1.987,8.9,0.536,2.4,0.73,28.18,3.84
NBFC057,Base Layer,FY24Q4,2024-03-31,MSME,3134.88,2.829,88.69,0.764,23.95,0.73,26.72,3.596
NBFC057,Base Layer,FY24Q4,2024-03-31,Microfinance,4478.4,4.807,215.28,1.298,58.13,0.73,26.12,2.84
NBFC057,Base Layer,FY24Q4,2024-03-31,Retail (Gold),4030.56,0.768,30.95,0.208,8.38,0.729,26.33,3.582
NBFC057,Base Layer,FY24Q4,2024-03-31,Retail (Housing),1791.36,1.156,20.71,0.312,5.59,0.73,26.77,2.737
NBFC057,Base Layer,FY24Q4,2024-03-31,Retail (Personal/Unsecured),4030.56,3.8535,155.32,1.071,43.17,0.722,24.08,3.47
NBFC057,Base Layer,FY24Q4,2024-03-31,Retail (Vehicle),3134.88,2.204,69.09,0.595,18.65,0.73,28.26,3.032
NBFC057,Base Layer,FY24Q4,2024-03-31,Wholesale/Corporate,1343.52,2.537,34.09,0.685,9.2,0.73,27.84,2.924
NBFC057,Base Layer,FY25Q2,2024-09-30,Infrastructure,478.5,2.789,13.35,0.669,3.2,0.76,26.23,2.787
NBFC057,Base Layer,FY25Q2,2024-09-30,MSME,3349.47,3.973,133.07,0.954,31.95,0.76,28.0,3.515
NBFC057,Base Layer,FY25Q2,2024-09-30,Microfinance,4784.96,6.311,301.98,1.515,72.49,0.76,26.1,3.519
NBFC057,Base Layer,FY25Q2,2024-09-30,Retail (Gold),4306.46,1.082,46.6,0.26,11.2,0.76,25.98,3.111
NBFC057,Base Layer,FY25Q2,2024-09-30,Retail (Housing),1913.98,1.636,31.31,0.393,7.52,0.76,29.04,2.653
NBFC057,Base Layer,FY25Q2,2024-09-30,Retail (Personal/Unsecured),4306.46,5.237,225.53,1.257,54.13,0.76,27.88,3.489
NBFC057,Base Layer,FY25Q2,2024-09-30,Retail (Vehicle),3349.47,3.157,105.74,0.758,25.39,0.76,24.56,2.629
NBFC057,Base Layer,FY25Q2,2024-09-30,Wholesale/Corporate,1435.49,3.472,49.84,0.833,11.96,0.76,28.1,3.237
NBFC057,Base Layer,FY25Q4,2025-03-31,Infrastructure,509.15,2.347,11.95,0.493,2.51,0.79,23.5,2.804
NBFC057,Base Layer,FY25Q4,2025-03-31,MSME,3564.06,3.668,130.73,0.77,27.44,0.79,26.55,2.932
NBFC057,Base Layer,FY25Q4,2025-03-31,Microfinance,5091.52,5.515,280.8,1.158,58.96,0.79,23.88,3.188
NBFC057,Base Layer,FY25Q4,2025-03-31,Retail (Gold),4582.36,0.948,43.44,0.199,9.12,0.79,28.6,2.8045
NBFC057,Base Layer,FY25Q4,2025-03-31,Retail (Housing),2036.61,1.498,30.51,0.315,6.42,0.79,23.81,2.998
NBFC057,Base Layer,FY25Q4,2025-03-31,Retail (Personal/Unsecured),4582.36,4.604,210.97,0.967,44.31,0.79,22.82,3.018
NBFC057,Base Layer,FY25Q4,2025-03-31,Retail (Vehicle),3564.06,2.812,100.22,0.591,21.06,0.79,26.85,2.41
NBFC057,Base Layer,FY25Q4,2025-03-31,Wholesale/Corporate,1527.45,3.31,50.56,0.695,10.62,0.79,25.45,3.384
NBFC058,Base Layer,FY21Q4,2021-03-31,Infrastructure,189.27,4.946,9.36,2.226,4.21,0.55,23.65,1.571
NBFC058,Base Layer,FY21Q4,2021-03-31,MSME,1324.9,7.422,98.33,3.34,44.25,0.55,27.84,2.094
NBFC058,Base Layer,FY21Q4,2021-03-31,Microfinance,1892.72,11.681,221.09,5.256,99.48,0.55,23.41,2.041
NBFC058,Base Layer,FY21Q4,2021-03-31,Retail (Gold),1703.45,1.921,32.72,0.864,14.72,0.55,23.32,1.063
NBFC058,Base Layer,FY21Q4,2021-03-31,Retail (Housing),757.09,3.154,23.88,1.419,10.74,0.55,24.51,1.05
NBFC058,Base Layer,FY21Q4,2021-03-31,Retail (Personal/Unsecured),1703.45,9.997,170.29,4.499,76.64,0.55,25.29,1.912
NBFC058,Base Layer,FY21Q4,2021-03-31,Retail (Vehicle),1324.9,5.9755,79.17,2.545,33.72,0.574,27.02,1.216
NBFC058,Base Layer,FY21Q4,2021-03-31,Wholesale/Corporate,567.82,6.461,36.69,2.907,16.51,0.55,27.15,1.579
NBFC058,Base Layer,FY22Q2,2021-09-30,Infrastructure,199.91,5.237,10.47,2.2,4.4,0.58,27.75,1.042
NBFC058,Base Layer,FY22Q2,2021-09-30,Microfinance,1999.13,12.517,250.23,5.257,105.09,0.58,26.91,1.405
NBFC058,Base Layer,FY22Q2,2021-09-30,Retail (Gold),1799.22,2.106,37.89,0.885,15.92,0.58,28.81,1.607
NBFC058,Base Layer,FY22Q2,2021-09-30,Retail (Housing),799.65,3.06,24.47,1.326,10.6,0.567,27.14,1.284
NBFC058,Base Layer,FY22Q2,2021-09-30,Retail (Personal/Unsecured),1799.22,9.76,175.6,4.099,73.75,0.58,28.05,1.875
NBFC058,Base Layer,FY22Q2,2021-09-30,Retail (Vehicle),1399.39,6.221,87.06,2.613,36.57,0.58,28.88,2.082
NBFC058,Base Layer,FY22Q4,2022-03-31,Infrastructure,210.6,4.553,9.59,1.776,3.74,0.61,26.85,1.297
NBFC058,Base Layer,FY22Q4,2022-03-31,MSME,1474.19,6.752,99.54,2.633,38.82,0.61,24.74,1.998
NBFC058,Base Layer,FY22Q4,2022-03-31,Microfinance,2105.99,10.443,219.93,4.073,85.78,0.61,26.79,1.47
NBFC058,Base Layer,FY22Q4,2022-03-31,Retail (Gold),1895.39,1.908,36.16,0.744,14.1,0.61,25.89,1.135
NBFC058,Base Layer,FY22Q4,2022-03-31,Retail (Housing),842.4,2.909,24.51,1.135,9.56,0.61,24.81,2.191
NBFC058,Base Layer,FY22Q4,2022-03-31,Retail (Personal/Unsecured),1895.39,9.366,177.52,3.653,69.24,0.61,27.46,2.015
NBFC058,Base Layer,FY22Q4,2022-03-31,Retail (Vehicle),1474.19,5.433,80.09,2.119,31.24,0.61,23.74,1.557
NBFC058,Base Layer,FY22Q4,2022-03-31,Wholesale/Corporate,631.8,5.739,36.26,2.238,14.14,0.61,28.47,1.887
NBFC058,Base Layer,FY23Q2,2022-09-30,Infrastructure,227.96,3.919,8.93,1.411,3.22,0.639,29.41,2.376
NBFC058,Base Layer,FY23Q2,2022-09-30,MSME,1595.75,5.818,92.84,2.094,33.42,0.64,26.01,2.317
NBFC058,Base Layer,FY23Q2,2022-09-30,Microfinance,2279.64,9.324,212.55,3.357,76.53,0.64,25.67,1.672
NBFC058,Base Layer,FY23Q2,2022-09-30,Retail (Gold),2051.67,1.633,33.5,0.588,12.06,0.64,29.58,2.548
NBFC058,Base Layer,FY23Q2,2022-09-30,Retail (Personal/Unsecured),2051.67,7.876,161.59,2.835,58.16,0.64,24.88,1.646
NBFC058,Base Layer,FY23Q2,2022-09-30,Retail (Vehicle),1595.75,4.867,77.67,1.752,27.96,0.64,24.65,1.919
NBFC058,Base Layer,FY23Q2,2022-09-30,Wholesale/Corporate,683.89,5.173,35.38,1.862,12.73,0.64,25.09,1.771
NBFC058,Base Layer,FY23Q4,2023-03-31,Infrastructure,246.22,3.279,8.07,1.082,2.66,0.67,28.33,2.619
NBFC058,Base Layer,FY23Q4,2023-03-31,MSME,1723.53,4.41,76.01,1.455,25.08,0.67,27.28,2.945
NBFC058,Base Layer,FY23Q4,2023-03-31,Microfinance,2462.19,7.616,187.52,2.513,61.87,0.67,27.99,3.284
NBFC058,Base Layer,FY23Q4,2023-03-31,Retail (Gold),2215.97,1.24,27.48,0.409,9.06,0.67,27.69,2.319
NBFC058,Base Layer,FY23Q4,2023-03-31,Retail (Housing),984.87,1.952,19.22,0.644,6.34,0.67,26.84,2.428
NBFC058,Base Layer,FY23Q4,2023-03-31,Retail (Personal/Unsecured),2215.97,6.413,142.11,2.116,46.89,0.67,28.75,3.388
NBFC058,Base Layer,FY23Q4,2023-03-31,Retail (Vehicle),1723.53,3.669,63.24,1.211,20.87,0.67,29.65,3.433
NBFC058,Base Layer,FY23Q4,2023-03-31,Wholesale/Corporate,738.66,4.075,30.1,1.345,9.93,0.67,28.76,3.233
NBFC058,Base Layer,FY24Q2,2023-09-30,Infrastructure,268.48,3.136,8.42,0.941,2.53,0.7,26.1,3.388
NBFC058,Base Layer,FY24Q2,2023-09-30,MSME,1879.36,4.498,84.53,1.349,25.35,0.7,27.67,2.992
NBFC058,Base Layer,FY24Q2,2023-09-30,Microfinance,2684.81,7.372,197.92,2.212,59.39,0.7,29.54,3.184
NBFC058,Base Layer,FY24Q2,2023-09-30,Retail (Housing),1073.92,1.902,20.43,0.571,6.13,0.7,26.2,3.15
NBFC058,Base Layer,FY24Q2,2023-09-30,Retail (Personal/Unsecured),2416.33,5.863,141.67,1.759,42.5,0.7,26.7,3.024
NBFC058,Base Layer,FY24Q2,2023-09-30,Retail (Vehicle),1879.36,3.496,65.7,1.049,19.71,0.7,29.13,2.789
NBFC058,Base Layer,FY24Q2,2023-09-30,Wholesale/Corporate,805.44,3.92,31.57,1.176,9.47,0.7,26.34,3.253
NBFC058,Base Layer,FY24Q4,2024-03-31,Infrastructure,299.2,2.053,6.14,0.554,1.66,0.73,25.31,3.4530000000000003
NBFC058,Base Layer,FY24Q4,2024-03-31,MSME,2094.42,2.774,58.1,0.749,15.69,0.73,24.64,3.053
NBFC058,Base Layer,FY24Q4,2024-03-31,Microfinance,2992.02,4.796,143.5,1.295,38.75,0.73,24.73,3.778
NBFC058,Base Layer,FY24Q4,2024-03-31,Retail (Gold),2692.82,0.7675000000000001,20.67,0.209,5.63,0.728,24.67,3.438
NBFC058,Base Layer,FY24Q4,2024-03-31,Retail (Housing),1196.81,1.151,13.78,0.311,3.72,0.73,26.66,3.202
NBFC058,Base Layer,FY24Q4,2024-03-31,Retail (Personal/Unsecured),2692.82,3.858,103.89,1.042,28.06,0.73,27.87,2.841
NBFC058,Base Layer,FY24Q4,2024-03-31,Retail (Vehicle),2094.42,2.22,46.5,0.599,12.55,0.73,24.42,3.424
NBFC058,Base Layer,FY24Q4,2024-03-31,Wholesale/Corporate,897.61,2.476,22.22,0.669,6.01,0.73,29.43,2.981
NBFC058,Base Layer,FY25Q2,2024-09-30,Infrastructure,319.68,2.6,8.31,0.624,1.99,0.761,27.34,2.68
NBFC058,Base Layer,FY25Q2,2024-09-30,MSME,2237.78,3.907,87.43,0.938,20.99,0.76,26.23,2.895
NBFC058,Base Layer,FY25Q2,2024-09-30,Microfinance,3196.83,6.013,192.23,1.443,46.13,0.76,28.66,2.721
NBFC058,Base Layer,FY25Q2,2024-09-30,Retail (Gold),2877.15,0.999,28.74,0.24,6.91,0.76,28.81,3.213
NBFC058,Base Layer,FY25Q2,2024-09-30,Retail (Housing),1278.73,1.64,20.97,0.394,5.04,0.76,26.94,3.067
NBFC058,Base Layer,FY25Q2,2024-09-30,Retail (Personal/Unsecured),2877.15,5.293,152.29,1.27,36.54,0.76,23.81,2.753
NBFC058,Base Layer,FY25Q2,2024-09-30,Retail (Vehicle),2237.78,2.998,67.09,0.72,16.11,0.76,27.35,3.022
NBFC058,Base Layer,FY25Q2,2024-09-30,Wholesale/Corporate,959.05,3.565,34.19,0.856,8.21,0.76,27.11,3.433
NBFC058,Base Layer,FY25Q4,2025-03-31,Infrastructure,340.16,2.392,8.14,0.502,1.71,0.79,28.04,2.598
NBFC058,Base Layer,FY25Q4,2025-03-31,MSME,2381.15,3.503,83.41,0.736,17.53,0.79,22.84,3.344
NBFC058,Base Layer,FY25Q4,2025-03-31,Microfinance,3401.64,5.543,188.55,1.164,39.6,0.79,26.65,2.634
NBFC058,Base Layer,FY25Q4,2025-03-31,Retail (Gold),3061.48,0.988,30.25,0.207,6.34,0.79,27.89,2.794
NBFC058,Base Layer,FY25Q4,2025-03-31,Retail (Housing),1360.66,1.583,21.54,0.332,4.52,0.79,27.24,2.406
NBFC058,Base Layer,FY25Q4,2025-03-31,Retail (Personal/Unsecured),3061.48,4.564,139.73,0.958,29.33,0.79,24.6,2.904
NBFC058,Base Layer,FY25Q4,2025-03-31,Retail (Vehicle),2381.15,2.996,71.34,0.629,14.98,0.79,25.71,2.609
NBFC058,Base Layer,FY25Q4,2025-03-31,Wholesale/Corporate,1020.49,3.018,30.8,0.634,6.47,0.79,26.73,2.424
NBFC059,Base Layer,FY21Q4,2021-03-31,Infrastructure,318.25,4.945,15.74,2.225,7.08,0.55,25.8,1.876
NBFC059,Base Layer,FY21Q4,2021-03-31,MSME,2227.77,7.179,159.93,3.231,71.98,0.55,24.69,1.804
NBFC059,Base Layer,FY21Q4,2021-03-31,Microfinance,3182.52,11.578,368.47,5.21,165.81,0.55,23.82,1.58
NBFC059,Base Layer,FY21Q4,2021-03-31,Retail (Gold),2864.27,1.913,54.79,0.861,24.66,0.55,23.78,1.4355
NBFC059,Base Layer,FY21Q4,2021-03-31,Retail (Housing),1273.01,3.138,39.95,1.412,17.97,0.55,24.65,1.042
NBFC059,Base Layer,FY21Q4,2021-03-31,Retail (Personal/Unsecured),2864.27,10.311,295.33,4.64,132.9,0.55,27.55,1.585
NBFC059,Base Layer,FY21Q4,2021-03-31,Retail (Vehicle),2227.77,5.928,132.06,2.668,59.44,0.55,24.88,0.971
NBFC059,Base Layer,FY21Q4,2021-03-31,Wholesale/Corporate,954.76,6.197,59.17,2.789,26.63,0.55,25.33,1.752
NBFC059,Base Layer,FY22Q2,2021-09-30,Infrastructure,336.15,5.392,18.13,2.265,7.61,0.58,25.75,1.959
NBFC059,Base Layer,FY22Q2,2021-09-30,MSME,2353.02,7.698,181.14,3.233,76.07,0.58,28.52,2.193
NBFC059,Base Layer,FY22Q2,2021-09-30,Microfinance,3361.45,11.623,390.7,4.882,164.11,0.58,28.63,1.479
NBFC059,Base Layer,FY22Q2,2021-09-30,Retail (Gold),3025.31,1.97,59.6,0.827,25.02,0.58,25.28,1.27
NBFC059,Base Layer,FY22Q2,2021-09-30,Retail (Housing),1344.58,3.168,42.6,1.331,17.9,0.58,25.14,1.311
NBFC059,Base Layer,FY22Q2,2021-09-30,Retail (Personal/Unsecured),3025.31,9.683,292.94,4.067,123.04,0.58,24.58,1.862
NBFC059,Base Layer,FY22Q2,2021-09-30,Retail (Vehicle),2353.02,5.855,137.77,2.459,57.86,0.58,28.34,1.201
NBFC059,Base Layer,FY22Q2,2021-09-30,Wholesale/Corporate,1008.44,6.374,64.28,2.677,27.0,0.58,26.25,2.108
NBFC059,Base Layer,FY22Q4,2022-03-31,Infrastructure,354.11,4.591,16.26,1.79,6.34,0.61,27.81,1.715
NBFC059,Base Layer,FY22Q4,2022-03-31,MSME,2478.79,6.89,170.79,2.687,66.61,0.61,24.76,2.087
NBFC059,Base Layer,FY22Q4,2022-03-31,Microfinance,3541.13,11.299,400.11,4.407,156.06,0.61,27.21,1.116
NBFC059,Base Layer,FY22Q4,2022-03-31,Retail (Gold),3187.01,1.903,60.65,0.742,23.65,0.61,25.22,2.249
NBFC059,Base Layer,FY22Q4,2022-03-31,Retail (Housing),1416.45,2.786,39.46,1.087,15.4,0.61,27.83,1.179
NBFC059,Base Layer,FY22Q4,2022-03-31,Retail (Personal/Unsecured),3187.01,9.317,296.93,3.634,115.82,0.61,28.73,1.228
NBFC059,Base Layer,FY22Q4,2022-03-31,Retail (Vehicle),2478.79,5.29,131.13,2.133,52.87,0.597,26.4,2.132
NBFC059,Base Layer,FY22Q4,2022-03-31,Wholesale/Corporate,1062.34,5.911,62.79,2.305,24.49,0.61,27.46,1.142
NBFC059,Base Layer,FY23Q2,2022-09-30,Infrastructure,383.31,4.111,15.76,1.48,5.67,0.64,27.03,2.044
NBFC059,Base Layer,FY23Q2,2022-09-30,MSME,2683.17,5.965,160.05,2.147,57.61,0.64,27.44,2.042
NBFC059,Base Layer,FY23Q2,2022-09-30,Microfinance,3833.1,9.422,361.15,3.392,130.02,0.64,27.75,1.693
NBFC059,Base Layer,FY23Q2,2022-09-30,Retail (Gold),3449.79,1.556,53.68,0.56,19.32,0.64,27.79,1.533
NBFC059,Base Layer,FY23Q2,2022-09-30,Retail (Housing),1533.24,2.391,36.66,0.861,13.2,0.64,25.12,2.28
NBFC059,Base Layer,FY23Q2,2022-09-30,Retail (Personal/Unsecured),3449.79,7.531,259.8,2.711,93.52,0.64,29.04,1.815
NBFC059,Base Layer,FY23Q2,2022-09-30,Retail (Vehicle),2683.17,4.598,123.37,1.655,44.41,0.64,30.07,2.332
NBFC059,Base Layer,FY23Q2,2022-09-30,Wholesale/Corporate,1149.93,5.421,62.34,1.952,22.45,0.64,25.92,1.962
NBFC059,Base Layer,FY23Q4,2023-03-31,Infrastructure,414.01,3.084,12.77,1.018,4.21,0.67,25.84,2.843
NBFC059,Base Layer,FY23Q4,2023-03-31,Microfinance,4140.05,7.625,315.68,2.516,104.16,0.67,25.47,2.307
NBFC059,Base Layer,FY23Q4,2023-03-31,Retail (Gold),3726.05,1.231,45.87,0.406,15.13,0.67,28.47,2.505
NBFC059,Base Layer,FY23Q4,2023-03-31,Retail (Housing),1656.02,1.873,31.02,0.618,10.23,0.67,27.87,2.812
NBFC059,Base Layer,FY23Q4,2023-03-31,Retail (Personal/Unsecured),3726.05,6.294,234.52,2.077,77.39,0.67,25.67,2.788
NBFC059,Base Layer,FY23Q4,2023-03-31,Retail (Vehicle),2898.04,3.768,109.2,1.243,36.02,0.67,29.31,2.489
NBFC059,Base Layer,FY23Q4,2023-03-31,Wholesale/Corporate,1242.02,4.19,52.04,1.383,17.18,0.67,27.12,3.479
NBFC059,Base Layer,FY24Q2,2023-09-30,MSME,3160.06,4.241,134.02,1.272,40.2,0.7,30.17,3.116
NBFC059,Base Layer,FY24Q2,2023-09-30,Microfinance,4514.38,6.937,313.16,2.081,93.94,0.7,28.55,2.805
NBFC059,Base Layer,FY24Q2,2023-09-30,Retail (Gold),4062.94,1.184,48.11,0.352,14.3,0.703,26.64,3.434
NBFC059,Base Layer,FY24Q2,2023-09-30,Retail (Housing),1805.75,1.858,33.55,0.557,10.06,0.7,26.77,3.663
NBFC059,Base Layer,FY24Q2,2023-09-30,Retail (Personal/Unsecured),4062.94,5.842,237.36,1.753,71.22,0.7,27.35,3.187
NBFC059,Base Layer,FY24Q2,2023-09-30,Retail (Vehicle),3160.06,3.549,112.15,1.065,33.65,0.7,25.11,3.402
NBFC059,Base Layer,FY24Q2,2023-09-30,Wholesale/Corporate,1354.31,3.802,51.49,1.141,15.45,0.7,28.04,3.682
NBFC059,Base Layer,FY24Q4,2024-03-31,Infrastructure,503.09,1.885,9.48,0.509,2.56,0.73,27.03,3.374
NBFC059,Base Layer,FY24Q4,2024-03-31,Microfinance,5030.95,4.839,243.45,1.307,65.75,0.73,24.73,3.733
NBFC059,Base Layer,FY24Q4,2024-03-31,Retail (Gold),4527.85,0.744,33.69,0.201,9.1,0.73,28.37,3.01
NBFC059,Base Layer,FY24Q4,2024-03-31,Retail (Housing),2012.38,1.237,24.89,0.334,6.72,0.73,26.02,3.85
NBFC059,Base Layer,FY24Q4,2024-03-31,Retail (Personal/Unsecured),4527.85,4.028,182.38,1.088,49.26,0.73,25.77,3.845
NBFC059,Base Layer,FY24Q4,2024-03-31,Retail (Vehicle),3521.66,2.323,81.81,0.627,22.08,0.73,28.51,2.916
NBFC059,Base Layer,FY24Q4,2024-03-31,Wholesale/Corporate,1509.28,2.57,38.79,0.694,10.47,0.73,28.36,3.286
NBFC059,Base Layer,FY25Q2,2024-09-30,Infrastructure,537.53,2.629,14.13,0.631,3.39,0.76,26.55,3.483
NBFC059,Base Layer,FY25Q2,2024-09-30,MSME,3762.73,3.825,143.92,0.918,34.54,0.76,23.15,2.74
NBFC059,Base Layer,FY25Q2,2024-09-30,Microfinance,5375.33,6.345,341.06,1.523,81.87,0.76,28.6,3.059
NBFC059,Base Layer,FY25Q2,2024-09-30,Retail (Gold),4837.79,1.069,51.72,0.257,12.43,0.76,28.94,3.16
NBFC059,Base Layer,FY25Q2,2024-09-30,Retail (Housing),2150.13,1.673,35.97,0.402,8.64,0.76,26.26,2.446
NBFC059,Base Layer,FY25Q2,2024-09-30,Retail (Personal/Unsecured),4837.79,5.121,247.74,1.229,59.46,0.76,26.03,3.583
NBFC059,Base Layer,FY25Q2,2024-09-30,Retail (Vehicle),3762.73,3.016,113.48,0.724,27.24,0.76,25.45,2.839
NBFC059,Base Layer,FY25Q2,2024-09-30,Wholesale/Corporate,1612.6,3.36,54.18,0.806,13.0,0.76,27.23,3.156
NBFC059,Base Layer,FY25Q4,2025-03-31,Infrastructure,571.97,2.427,13.88,0.51,2.92,0.79,26.95,3.015
NBFC059,Base Layer,FY25Q4,2025-03-31,MSME,4003.8,3.682,147.42,0.773,30.95,0.79,27.75,3.024
NBFC059,Base Layer,FY25Q4,2025-03-31,Microfinance,5719.71,5.967,341.3,1.253,71.67,0.79,22.85,2.7385
NBFC059,Base Layer,FY25Q4,2025-03-31,Retail (Gold),5147.74,0.986,50.76,0.207,10.66,0.79,25.68,2.954
NBFC059,Base Layer,FY25Q4,2025-03-31,Retail (Housing),2287.88,1.572,35.97,0.33,7.55,0.79,25.555,2.467
NBFC059,Base Layer,FY25Q4,2025-03-31,Retail (Personal/Unsecured),5147.74,4.685,241.17,0.984,50.65,0.79,27.16,2.55
NBFC059,Base Layer,FY25Q4,2025-03-31,Retail (Vehicle),4003.8,3.002,120.19,0.63,25.22,0.79,28.11,2.843
NBFC059,Base Layer,FY25Q4,2025-03-31,Wholesale/Corporate,1715.91,3.039,52.15,0.638,10.95,0.79,27.43,2.257
NBFC060,Base Layer,FY21Q4,2021-03-31,Infrastructure,234.59,5.205,12.21,2.342,5.49,0.55,25.38,1.527
NBFC060,Base Layer,FY21Q4,2021-03-31,MSME,1642.1,7.191,118.08,3.236,53.14,0.55,25.6,1.523
NBFC060,Base Layer,FY21Q4,2021-03-31,Microfinance,2345.85,11.397,267.36,5.129,120.32,0.55,26.34,2.039
NBFC060,Base Layer,FY21Q4,2021-03-31,Retail (Gold),2111.27,2.012,42.48,0.905,19.11,0.55,23.61,1.903
NBFC060,Base Layer,FY21Q4,2021-03-31,Retail (Housing),938.34,3.182,29.86,1.432,13.44,0.55,26.18,1.553
NBFC060,Base Layer,FY21Q4,2021-03-31,Retail (Personal/Unsecured),2111.27,9.556,201.75,4.3,90.78,0.55,22.05,1.884
NBFC060,Base Layer,FY21Q4,2021-03-31,Retail (Vehicle),1642.1,5.868,96.36,2.641,43.37,0.55,26.03,0.913
NBFC060,Base Layer,FY21Q4,2021-03-31,Wholesale/Corporate,703.76,6.469,45.53,2.911,20.49,0.55,24.97,0.93
NBFC060,Base Layer,FY22Q2,2021-09-30,Infrastructure,247.77,5.137,12.73,2.158,5.35,0.58,27.59,1.949
NBFC060,Base Layer,FY22Q2,2021-09-30,Microfinance,2477.74,12.0605,298.83,5.112,126.66,0.576,26.89,1.243
NBFC060,Base Layer,FY22Q2,2021-09-30,Retail (Gold),2229.97,1.938,43.22,0.814,18.15,0.58,27.13,1.389
NBFC060,Base Layer,FY22Q2,2021-09-30,Retail (Housing),991.1,3.087,30.6,1.297,12.85,0.58,28.95,1.276
NBFC060,Base Layer,FY22Q2,2021-09-30,Retail (Personal/Unsecured),2229.97,9.746,217.33,4.093,91.27,0.58,28.88,1.436
NBFC060,Base Layer,FY22Q2,2021-09-30,Retail (Vehicle),1734.42,5.742,99.59,2.412,41.83,0.58,23.9,1.825
NBFC060,Base Layer,FY22Q2,2021-09-30,Wholesale/Corporate,743.32,6.416,47.69,2.695,20.03,0.58,28.42,1.626
NBFC060,Base Layer,FY22Q4,2022-03-31,Infrastructure,261.02,4.667,12.18,1.82,4.75,0.61,25.09,2.082
NBFC060,Base Layer,FY22Q4,2022-03-31,MSME,1827.13,6.605,120.68,2.576,47.07,0.61,24.1,1.728
NBFC060,Base Layer,FY22Q4,2022-03-31,Microfinance,2610.18,10.45,272.76,4.075,106.36,0.61,27.23,2.155
NBFC060,Base Layer,FY22Q4,2022-03-31,Retail (Gold),2349.16,1.805,42.4,0.704,16.54,0.61,28.3,2.294
NBFC060,Base Layer,FY22Q4,2022-03-31,Retail (Housing),1044.07,2.886,30.13,1.092,11.4,0.622,26.53,1.71
NBFC060,Base Layer,FY22Q4,2022-03-31,Retail (Personal/Unsecured),2349.16,9.341,219.44,3.643,85.58,0.61,28.08,1.719
NBFC060,Base Layer,FY22Q4,2022-03-31,Retail (Vehicle),1827.13,5.424,99.1,2.133,38.97,0.607,27.11,1.886
NBFC060,Base Layer,FY22Q4,2022-03-31,Wholesale/Corporate,783.05,6.082,47.63,2.333,18.27,0.616,29.57,1.984
NBFC060,Base Layer,FY23Q2,2022-09-30,Infrastructure,282.54,4.061,11.47,1.462,4.13,0.64,25.33,2.042
NBFC060,Base Layer,FY23Q2,2022-09-30,MSME,1977.78,5.724,113.21,2.061,40.76,0.64,25.86,2.642
NBFC060,Base Layer,FY23Q2,2022-09-30,Microfinance,2825.4,9.732,274.97,3.504,99.0,0.64,30.17,2.268
NBFC060,Base Layer,FY23Q2,2022-09-30,Retail (Gold),2542.86,1.638,41.65,0.59,15.0,0.64,28.24,1.73
NBFC060,Base Layer,FY23Q2,2022-09-30,Retail (Housing),1130.16,2.508,28.34,0.903,10.21,0.64,26.82,1.962
NBFC060,Base Layer,FY23Q2,2022-09-30,Retail (Personal/Unsecured),2542.86,7.831,199.13,2.819,71.68,0.64,27.89,2.637
NBFC060,Base Layer,FY23Q2,2022-09-30,Retail (Vehicle),1977.78,4.907,97.05,1.767,34.95,0.64,30.36,2.591
NBFC060,Base Layer,FY23Q2,2022-09-30,Wholesale/Corporate,847.62,5.423,45.97,1.952,16.55,0.64,29.79,2.226
NBFC060,Base Layer,FY23Q4,2023-03-31,Infrastructure,305.16,3.271,9.98,1.079,3.29,0.67,29.42,2.453
NBFC060,Base Layer,FY23Q4,2023-03-31,MSME,2136.15,4.5685,97.59,1.57,33.54,0.656,29.4,3.468
NBFC060,Base Layer,FY23Q4,2023-03-31,Microfinance,3051.65,7.715,235.43,2.546,77.7,0.67,28.26,2.576
NBFC060,Base Layer,FY23Q4,2023-03-31,Retail (Housing),1220.66,1.972,24.07,0.651,7.95,0.67,25.38,2.938
NBFC060,Base Layer,FY23Q4,2023-03-31,Retail (Personal/Unsecured),2746.48,6.112,167.86,2.017,55.4,0.67,25.99,2.639
NBFC060,Base Layer,FY23Q4,2023-03-31,Retail (Vehicle),2136.15,3.728,79.64,1.23,26.27,0.67,29.81,2.755
NBFC060,Base Layer,FY23Q4,2023-03-31,Wholesale/Corporate,915.49,4.006,36.67,1.322,12.1,0.67,29.17,3.071
NBFC060,Base Layer,FY24Q2,2023-09-30,Infrastructure,332.76,3.061,10.19,0.918,3.05,0.701,25.59,3.124
NBFC060,Base Layer,FY24Q2,2023-09-30,Microfinance,3327.57,6.712,223.35,2.014,67.02,0.7,24.92,2.946
NBFC060,Base Layer,FY24Q2,2023-09-30,Retail (Gold),2994.81,1.1724999999999999,35.11,0.34,10.18,0.71,28.15,2.527
NBFC060,Base Layer,FY24Q2,2023-09-30,Retail (Housing),1331.03,1.852,24.65,0.556,7.4,0.7,25.62,3.307
NBFC060,Base Layer,FY24Q2,2023-09-30,Retail (Personal/Unsecured),2994.81,6.047,181.1,1.814,54.33,0.7,24.98,2.629
NBFC060,Base Layer,FY24Q2,2023-09-30,Retail (Vehicle),2329.3,3.612,84.13,1.084,25.25,0.7,26.77,2.647
NBFC060,Base Layer,FY24Q2,2023-09-30,Wholesale/Corporate,998.27,3.874,38.67,1.162,11.6,0.7,29.69,3.098
NBFC060,Base Layer,FY24Q4,2024-03-31,Infrastructure,370.83,1.975,7.32,0.512,1.9,0.74,25.16,3.589
NBFC060,Base Layer,FY24Q4,2024-03-31,MSME,2595.83,2.796,72.58,0.755,19.6,0.73,26.72,3.159
NBFC060,Base Layer,FY24Q4,2024-03-31,Microfinance,3708.33,4.771,176.92,1.288,47.76,0.73,23.85,3.265
NBFC060,Base Layer,FY24Q4,2024-03-31,Retail (Gold),3337.5,0.748,24.96,0.202,6.74,0.73,28.76,3.403
NBFC060,Base Layer,FY24Q4,2024-03-31,Retail (Housing),1483.33,1.258,18.66,0.34,5.04,0.73,24.11,3.519
NBFC060,Base Layer,FY24Q4,2024-03-31,Retail (Personal/Unsecured),3337.5,3.711,123.85,1.002,33.44,0.73,28.28,3.676
NBFC060,Base Layer,FY24Q4,2024-03-31,Retail (Vehicle),2595.83,2.353,61.08,0.635,16.48,0.73,29.36,3.624
NBFC060,Base Layer,FY24Q4,2024-03-31,Wholesale/Corporate,1112.5,2.431,27.04,0.656,7.3,0.73,25.91,3.294
NBFC060,Base Layer,FY25Q2,2024-09-30,Infrastructure,396.22,2.702,10.71,0.648,2.57,0.76,28.14,3.341
NBFC060,Base Layer,FY25Q2,2024-09-30,MSME,2773.52,4.01,111.22,0.962,26.68,0.76,23.69,2.801
NBFC060,Base Layer,FY25Q2,2024-09-30,Microfinance,3962.18,6.027,238.8,1.446,57.29,0.76,25.39,3.055
NBFC060,Base Layer,FY25Q2,2024-09-30,Retail (Gold),3565.96,1.003,35.77,0.241,8.59,0.76,27.85,3.326
NBFC060,Base Layer,FY25Q2,2024-09-30,Retail (Housing),1584.87,1.675,26.55,0.402,6.37,0.76,23.59,2.953
NBFC060,Base Layer,FY25Q2,2024-09-30,Retail (Personal/Unsecured),3565.96,5.08,181.15,1.219,43.47,0.76,27.62,3.205
NBFC060,Base Layer,FY25Q2,2024-09-30,Retail (Vehicle),2773.52,2.991,82.96,0.718,19.91,0.76,25.47,3.143
NBFC060,Base Layer,FY25Q2,2024-09-30,Wholesale/Corporate,1188.65,3.431,40.78,0.823,9.78,0.76,27.76,3.493
NBFC060,Base Layer,FY25Q4,2025-03-31,Infrastructure,421.6,2.567,10.82,0.539,2.27,0.79,25.09,3.137
NBFC060,Base Layer,FY25Q4,2025-03-31,MSME,2951.22,3.516,103.76,0.738,21.78,0.79,27.85,3.138
NBFC060,Base Layer,FY25Q4,2025-03-31,Microfinance,4216.02,5.723,241.28,1.202,50.68,0.79,23.49,2.927
NBFC060,Base Layer,FY25Q4,2025-03-31,Retail (Gold),3794.42,0.993,37.68,0.209,7.93,0.79,26.1,2.632
NBFC060,Base Layer,FY25Q4,2025-03-31,Retail (Housing),1686.41,1.496,25.23,0.314,5.3,0.79,27.36,2.88
NBFC060,Base Layer,FY25Q4,2025-03-31,Retail (Personal/Unsecured),3794.42,4.6,174.54,0.966,36.65,0.79,23.6,2.644
NBFC060,Base Layer,FY25Q4,2025-03-31,Retail (Vehicle),2951.22,2.777,81.96,0.583,17.21,0.79,23.68,2.878
NBFC060,Base Layer,FY25Q4,2025-03-31,Wholesale/Corporate,1264.81,3.047,38.54,0.64,8.09,0.79,24.33,3.215
