nbfc_id,nbfc_name,layer,region,quarter,period_end,sector,loan_outstanding_cr,gnpa_pct,nnpa_pct,crar_pct,roa_pct
  NBFC020 ,MiddleFin 20 Ltd,Middle Layer,West,FY23Q2,30-09-2022,Wholesale/Corporate,20726.18,5.044,1.816,26.56,1.834
NBFC023,MiddleFin 23 Ltd,Middle Layer,East,FY22Q2,30-09-2021,Infrastructure,10864.71,5.393,2.265,26.86,2.118
NBFC026,MiddleFin 26 Ltd,ML,South,FY24Q4,31-03-2024,Infrastructure,14833.51,1.957,0.528,28.1,3.394
NBFC016,MiddleFin 16 Ltd,Middle Layer,South,FY24Q4,2024-03-31,Retail (Housing),26946.16,1.272,0.343,26.72,2.846
NBFC055,BaseFin 55 Ltd,Base Layer,West,FY21Q4,2021-03-31,Retail (Housing),708.53,3.096,1.393,24.23,1.369
NBFC008,UpperFin 08 Ltd,Upper Layer,East,FY25Q2,30/09/2024,  Infrastructure ,26607.13,2.6,0.624,28.4,2.929
NBFC058,BaseFin 58 Ltd,Base Layer,East,FY24Q2,2023-09-30,Infrastructure,268.48,3.136,0.941,26.1,3.388
NBFC032,MiddleFin 32 Ltd,  Middle Layer ,North,FY23Q4,2023-03-31,MSME,17981.72,N/A,1.444,28.52,3.069
NBFC037,MiddleFin 37 Ltd,Middle  Layer,North,FY25Q4,2025-03-31,Microfinance,"21,673.47",5.78,1.214,25.18,2.413
NBFC007,UpperFin 07 Ltd,Upper Layer,North,FY25Q4,31-03-2025,Retail (Vehicle),15467.16,999,0.594,24.63,3.209
NBFC034,MiddleFin 34 Ltd,ML,Central,FY24Q4,31/03/2024,Infrastructure,"10,120.08",2.044,0.552,25.02,2.92
NBFC036,MiddleFin 36 Ltd,ML,South,FY23Q4,31/03/2023,MFI,12639.99,7.664,2.529,27.67,2.667
NBFC013,UpperFin 13 Ltd,Upper Layer,East,FY23Q2,30/09/2022,Retail (Personal/Unsecured),7743.01,8.17,2.941,26.72%,1.532
NBFC055,BaseFin 55 Ltd,BL,West,FY24Q2,30/09/2023,Retail (Personal/Unsecured),2261.34,6.095,1.828,26.35,3.076
NBFC037,MiddleFin 37 Ltd,  Middle Layer ,North,FY22Q2,30/09/2021,Retail (Vehicle),16983.23,5.902,2.479,23.5,1.064
  NBFC035 ,MiddleFin 35 Ltd,Middle  Layer,West,FY23Q2,30-09-2022,Infrastructure,13274.37,3.882,1.398,29.85,2.09
NBFC021,MiddleFin 21 Ltd,Middle Layer,South,FY23Q2,2022-09-30,Retail (Housing),13939.84,2.441,0.879,28.48,2.557
NBFC041,BaseFin 41 Ltd,Base Layer,South,FY23Q2,30-09-2022,Retail (Personal/Unsecured),1826.55,8.116,2.922,25.79,1.605
NBFC014,UpperFin 14 Ltd,Upper Layer,Central,FY24Q4,2024-03-31,Retail (Gold),7634.05,0.762%,0.206,27.26,3.66
NBFC045,BaseFin 45 Ltd,BL,West,FY24Q2,30/09/2023,MSME,2435.56,4.448,1.334,25.28%,2.724
NBFC025,MiddleFin 25 Ltd,Middle Layer,West,FY21Q4,31-03-2021,gold,6191.03,1.938%,0.872,24.39,1.872
NBFC043,BaseFin 43 Ltd,Base Layer,East,FY23Q2,30-09-2022,Retail (Vehicle),1832.25,4.934,1.776,25.67,1.637
NBFC023,MiddleFin 23 Ltd,Middle Layer,East,FY22Q2,2021-09-30,Retail (Gold),"13,580.88",2.049,5.0489999999999995,999,1.838
NBFC053,BaseFin 53 Ltd,BL,East,FY25Q2,2024-09-30,  Microfinance ,2032.91,6.125,1.47,23.67,3.391
NBFC012,UpperFin 12 Ltd,  Upper Layer ,North,FY25Q4,2025-03-31,Retail (Gold),"7,148.74",0.999,0.21,24.86,2.903
NBFC054,BaseFin 54 Ltd,Base Layer,Central,FY22Q4,31-03-2022,MSME,"1,487.92",6.855,2.673,28.03,1.302
NBFC015,UpperFin 15 Ltd,Upper Layer,West,FY24Q2,30-09-2023,Microfinance,4854.18,6.809,2.043,25.69,2.755
NBFC059,BaseFin 59 Ltd,Base Layer,Central,FY22Q4,2022-03-31,Retail (Housing),1416.45,2.786,1.087,27.83,1.179
NBFC054,BaseFin 54 Ltd,BL,Central,FY24Q2,2023-09-30,Retail (Personal/Unsecured),2438.82,5.977,1.793,25.09,2.611
NBFC034,MiddleFin 34 Ltd,Middle  Layer,Central,FY25Q4,31/03/2025,Microfinance,"17,258.35",5.874,1.234,23.29,2.978
NBFC007,UpperFin 07 Ltd,Upper Layer,North,FY25Q2,2024-09-30,Retail (Vehicle),14535.89,3.161,0.759,24.11,2.998
NBFC045,BaseFin 45 Ltd,base layer,West,FY23Q2,30-09-2022,Retail (Personal/Unsecured),2658.86,7.958,2.865,24.74,1.965
NBFC036,MiddleFin 36 Ltd,Middle Layer,South,FY25Q2,30/09/2024,micro finance,"16,411.42",6.297,1.511,27.93,3.49
NBFC045,BaseFin 45 Ltd,Base Layer,West,FY25Q4,31/03/2025,MSME,3085.85,3.704,0.778,25.57,3.316
NBFC018,MiddleFin 18 Ltd,middle layer,East,FY22Q2,30/09/2021,Retail (Vehicle),25247.44,5.774,2.425,28.93,NA
NBFC019,MiddleFin 19 Ltd,Middle Layer,Central,FY23Q2,30-09-2022,M.S.M.E,24993.0,5.971,2.15,24.7,1.714
NBFC014,UpperFin 14 Ltd,Upper Layer,Central,FY21Q4,31-03-2021,Retail (Housing),18061.28,3.091,1.391,23.4,1.82
NBFC012,UpperFin 12 Ltd,  Upper Layer ,North,FY23Q2,30/09/2022,MSME,9581.56,5.692,2.049,null,1.596
NBFC017,MiddleFin 17 Ltd,Middle Layer,North,FY22Q2,30/09/2021,Retail (Housing),25558.01,3.184,1.337,27.53,1.25
NBFC005,UpperFin 05 Ltd,Upper Layer,West,FY24Q2,30/09/2023,microfinance,"3,866.56",6.96,2.088,28.37,3.277
NBFC040,MiddleFin 40 Ltd,Middle Layer,West,FY24Q4,31-03-2024,Wholesale/Corporate,"11,956.92",2.49,0.672,28.24,3.576
NBFC033,MiddleFin 33 Ltd,Middle Layer,East,FY22Q4,31-03-2022,Retail (Gold),"6,581.46",1.818,0.709,NA,1.249
NBFC004,UpperFin 04 Ltd,UPPER LAYER,Central,FY23Q4,31/03/2023,MSME,9641.31,4.397,1.451,28.2,3.175
NBFC036,MiddleFin 36 Ltd,Middle Layer,South,FY23Q2,30/09/2022,Microfinance,11702.85,9.846,3.545,24.79,2.682
NBFC002,UpperFin 02 Ltd,Upper Layer,North,FY22Q2,2021-09-30,Microfinance,5027.32,11.632,4.885,24.8,1.411
NBFC050,BaseFin 50 Ltd,Base Layer,West,FY25Q4,31-03-2025,Retail (Personal/Unsecured),4773.83,4.887,1.026,27.78,2.448
NBFC050,BaseFin 50 Ltd,Base Layer,West,FY23Q4,2023-03-31,Retail (Personal/Unsecured),"3,455.40",5.942,1.961,,3.046
NBFC038,MiddleFin 38 Ltd,ML,East,FY22Q4,31-03-2022,Wholesale/Corporate,6477.82,6.002,2.341,23.79,1.552
NBFC017,MiddleFin 17 Ltd,Middle Layer,North,FY23Q4,31-03-2023,Retail (Gold),22484.22,1.181,0.39,NA,3.412
NBFC018,MiddleFin 18 Ltd,ML,East,FY24Q2,2023-09-30,Retail (Housing),"29,668.56",1.786,0.536,27.5%,2.765
  NBFC051 ,BaseFin 51 Ltd,base layer,South,FY25Q2,2024-09-30,Retail (Gold),"2,817.67",1.04,0.25,23.37,3.215
NBFC021,MiddleFin 21 Ltd,Middle Layer,South,FY21Q4,31-03-2021,Retail (Housing),11573.88,3.004,1.352,24.74,1.463
NBFC038,MiddleFin 38 Ltd,Middle Layer,East,FY23Q4,2023-03-31,Infrastructure,6058.75,3.184,1.051,30.02,3.021
NBFC004,UpperFin 04 Ltd,Upper Layer,Central,FY25Q2,2024-09-30,Infrastructure,14604.35,,0.655,25.16,2.581
  NBFC001 ,UpperFin 01 Ltd,Upper Layer,South,FY24Q4,2024-03-31,Wholesale/Corporate,18176.39,2.543,0.687,24.07,3.474
NBFC058,BaseFin 58 Ltd,Base Layer,East,FY25Q2,30-09-2024,MSME,2237.78,3.907,0.938,26.23,2.895
NBFC030,MiddleFin 30 Ltd,Middle Layer,West,FY23Q2,30-09-2022,MSME,22586.27,6.114,2.201,30.24%,2.216
NBFC003,UpperFin 03 Ltd,Upper Layer,East,FY24Q2,30/09/2023,Retail (Personal/Unsecured),15410.92,5.96,1.788,26.93,3.075
NBFC026,MiddleFin 26 Ltd,ML,South,FY25Q2,30/09/2024,Retail (Housing),27735.57,,0.397,23.66,3.543
NBFC025,MiddleFin 25 Ltd,Middle Layer,West,FY21Q4,2021-03-31,Retail (Personal/Unsecured),8667.44,9.814,4.416,24.27,0.939
NBFC009,UpperFin 09 Ltd,Upper Layer,Central,FY24Q2,2023-09-30,Retail (Personal/Unsecured),"15,669.25",5.581,1.674,26.41,2.93
NBFC045,BaseFin 45 Ltd,Base Layer,West,FY24Q2,2023-09-30,Wholesale/Corporate,1043.81,4.027,1.208,999,3.311
NBFC050,BaseFin 50 Ltd,Base Layer,West,FY22Q4,31/03/2022,Retail (Housing),1313.57,2.801,1.092,24.37,1.918
NBFC048,BaseFin 48 Ltd,Base Layer,East,FY21Q4,31/03/2021,Retail (Gold),2016.65,1.981,0.891,25.89,2.002
NBFC028,MiddleFin 28 Ltd,Middle Layer,East,FY23Q4,31-03-2023,Wholesale/Corporate,21306.52,3.892,1.284,28.89,2.728
NBFC040,MiddleFin 40 Ltd,Middle Layer,West,FY21Q4,31-03-2021,Infrastructure,6051.05,5.067,2.28,27.95,1.875
NBFC018,MiddleFin 18 Ltd,ML,East,FY24Q2,2023-09-30,Microfinance,25430.19,7.156,2.147,25.9,3.386
NBFC060,BaseFin 60 Ltd,Base Layer,West,FY21Q4,31-03-2021,Retail (Housing),938.34,3.182,1.432,26.18,1.553
NBFC010,UpperFin 10 Ltd,Upper Layer,West,FY25Q2,30/09/2024,M.S.M.E,16707.81,3.704,0.889,28.67%,3.14
NBFC053,BaseFin 53 Ltd,Base Layer,East,FY25Q2,30/09/2024,Infrastructure,203.29,2.751,0.66,24.34,3.148
NBFC057,BaseFin 57 Ltd,Base Layer,North,FY21Q4,31/03/2021,Retail (Housing),1133.2,3.041,1.368,22.43,1.916
NBFC047,BaseFin 47 Ltd,Base Layer,North,FY22Q4,31-03-2022,Wholesale/Corporate,424.93,5.79%,2.258,29.43,1.544
NBFC023,MiddleFin 23 Ltd,ML,East,FY23Q4,31-03-2023,Retail (Housing),23417.19,1.97,0.65,24.92,
NBFC030,MiddleFin 30 Ltd,Middle Layer,West,FY25Q4,31/03/2025,Wholesale/Corporate,21064.34,3.314,0.696,26.2,2.942
NBFC025,MiddleFin 25 Ltd,Middle Layer,West,FY23Q2,30/09/2022,Retail (Gold),"7,456.62",1.532,0.552,29.57,2.112
NBFC033,MiddleFin 33 Ltd,  Middle Layer ,East,FY23Q2,2022-09-30,Retail (Personal/Unsecured),9973.77,7.487,2.695,28.33,2.551
NBFC024,MiddleFin 24 Ltd,Middle Layer,Central,FY21Q4,2021-03-31,Retail (Personal/Unsecured),8801.12,10.016,4.507,24.21,1.494
NBFC003,UpperFin 03 Ltd,Upper Layer,East,FY22Q2,30-09-2021,Microfinance,4590.05,12.04,5.057,24.36,1.92
NBFC008,UpperFin 08 Ltd,Upper Layer,East,FY24Q2,30/09/2023,MSME,"19,153.32",4.446,1.334,25.44,2.574
NBFC059,BaseFin 59 Ltd,Base Layer,Central,FY22Q4,2022-03-31,Infrastructure,354.11,4.591,1.79,27.81,1.715
NBFC051,BaseFin 51 Ltd,Base Layer,South,FY23Q4,2023-03-31,Infrastructure,241.13,3.155,1.041,28.4,NA
NBFC058,BaseFin 58 Ltd,Base Layer,East,FY22Q4,2022-03-31,Retail (Vehicle),"1,474.19",5.433,2.119,23.74,1.557
NBFC057,BaseFin 57 Ltd,Base Layer,North,FY22Q4,2022-03-31,Infrastructure,315.22,4.672,,24.18%,1.803
NBFC014,UpperFin 14 Ltd,UPPER LAYER,Central,FY25Q4,2025-03-31,Retail (Vehicle),28930.63,2.833,0.595,27.61,2.95
NBFC026,MiddleFin 26 Ltd,Middle Layer,South,FY24Q2,30/09/2023,Wholesale/Corporate,16638.03,3.985,1.195,29.75%,2.796
NBFC041,BaseFin 41 Ltd,Base Layer,South,FY22Q4,31-03-2022,housing,735.26,2.889,1.127,25.97,1.556
NBFC017,MiddleFin 17 Ltd,Middle Layer,North,FY24Q4,31/03/2024,Wholesale/Corporate,27322.59,2.567,0.693,23.63,2.781
NBFC056,BaseFin 56 Ltd,Base Layer,South,FY21Q4,31-03-2021,Infrastructure,139.93,5.004,2.252,24.64,1.194
NBFC037,MiddleFin 37 Ltd,  Middle Layer ,North,FY24Q4,31/03/2024,MFI,19063.58,4.563,1.232,26.79,2.871
NBFC028,MiddleFin 28 Ltd,Middle Layer,East,FY22Q2,30-09-2021,Microfinance,20759.41,11.898,4.997,28.29,1.508
NBFC037,MiddleFin 37 Ltd,Middle Layer,North,FY24Q4,31/03/2024,Retail (Gold),15886.31,0.734,0.198,27.28,3.447
NBFC056,BaseFin 56 Ltd,Base Layer,South,FY25Q4,31/03/2025,Retail (Housing),1005.97,1.563,0.328,23.71,3.098
NBFC001,UpperFin 01 Ltd,upper layer,South,FY25Q4,31-03-2025,Retail (Personal/Unsecured),17220.69,4.81%,1.01,26.45,3.248
NBFC053,BaseFin 53 Ltd,BL,East,FY24Q4,2024-03-31,Retail (Vehicle),1331.87,2.252,0.608,24.71,3.68
NBFC038,MiddleFin 38 Ltd,Middle Layer,East,FY24Q2,30/09/2023,Wholesale/Corporate,8258.19,3.902%,1.171,30.16%,2.826
NBFC057,BaseFin 57 Ltd,Base Layer,North,FY25Q2,30-09-2024,  Wholesale/Corporate ,1435.49,3.472,0.833,28.1,3.237
NBFC022,MiddleFin 22 Ltd,Middle Layer,North,FY22Q2,30/09/2021,MSME,12894.84,7.647,3.212,27.02,1.477
NBFC040,MiddleFin 40 Ltd,middle layer,West,FY21Q4,31-03-2021,Retail (Personal/Unsecured),10589.35,10.319,4.644,23.7,2.032
NBFC035,MiddleFin 35 Ltd,Middle Layer,West,FY21Q4,31-03-2021,Retail (Personal/Unsecured),"19,287.38",N/A,4.31,24.63,0.922
NBFC047,BaseFin 47 Ltd,Base Layer,North,FY22Q4,2022-03-31,Infrastructure,141.64,4.661,1.818,28.23,1.821
NBFC059,BaseFin 59 Ltd,Base Layer,Central,FY25Q2,30/09/2024,MSME,3762.73,3.825,0.918,23.15,2.74
NBFC002,UpperFin 02 Ltd,Upper Layer,North,FY23Q2,30/09/2022,Retail (Housing),32160.55,2.359,0.849,25.36,1.688
NBFC044,BaseFin 44 Ltd,BL,Central,FY23Q4,31-03-2023,Infrastructure,377.16,3.07,1.013,NA,3.11
NBFC053,BaseFin 53 Ltd,Base Layer,East,FY25Q2,2024-09-30,Retail (Housing),813.16,1.623,0.39,26.12,3.253
NBFC040,MiddleFin 40 Ltd,Middle Layer,West,FY22Q4,31-03-2022,MSME,13465.77,6.876%,2.682,29.57,1.932
NBFC024,MiddleFin 24 Ltd,Middle Layer,Central,FY25Q4,31-03-2025,Wholesale/Corporate,11298.27,3.184,0.669,23.94,2.718
NBFC048,BaseFin 48 Ltd,BL,East,FY24Q2,30-09-2023,  Retail (Vehicle) ,2224.91,3.393,1.018,30.34,2.508
NBFC005,UpperFin 05 Ltd,Upper Layer,West,FY23Q4,2023-03-31,Microfinance,3616.87,7.317,2.415,29.44,2.771
NBFC046,BaseFin 46 Ltd,  Base Layer ,South,FY21Q4,31-03-2021,Retail (Gold),2405.26,1.885,0.848,23.46,0.962
NBFC049,BaseFin 49 Ltd,Base Layer,Central,FY24Q2,30/09/2023,Wholesale/Corporate,922.97,3.834,1.15,25.24,2.635
NBFC044,BaseFin 44 Ltd,Base Layer,Central,FY24Q2,30/09/2023,Retail (Gold),3701.37,1.226,0.368,28.1,3.665
NBFC021,MiddleFin 21 Ltd,Middle Layer,South,FY24Q2,30-09-2023,Wholesale/Corporate,11726.73,3.679,1.104,25.35,2.737
NBFC042,BaseFin 42 Ltd,Base Layer,North,FY24Q2,30/09/2023,Retail (Housing),1685.57,1.761,0.528,26.98,2.814
NBFC001,UpperFin 01 Ltd,Upper Layer,South,FY23Q2,2022-09-30,Wholesale/Corporate,13848.68,5.43%,1.955,27.14,2.505
NBFC015,UpperFin 15 Ltd,Upper Layer,West,FY22Q2,30/09/2021,Retail (Vehicle),18072.36,6.175,2.593,23.54,1.222
NBFC029,MiddleFin 29 Ltd,Middle Layer,Central,FY22Q4,31-03-2022,M.S.M.E,23234.23,6.578,2.565,25.4,1.864
NBFC032,MiddleFin 32 Ltd,Middle  Layer,North,FY23Q2,30/09/2022,msme,16648.53,6.041,2.175,25.75,2.658
NBFC042,BaseFin 42 Ltd,base layer,North,FY23Q4,2023-03-31,Infrastructure,386.45,3.311,1.093,28.82,2.533
NBFC057,BaseFin 57 Ltd,  Base Layer ,North,FY23Q4,31-03-2023,Retail (Gold),3316.82,1.185,0.391,25.2,3.448
NBFC046,BaseFin 46 Ltd,Base Layer,South,FY23Q4,31/03/2023,micro finance,3476.59,7.551,2.492,27.34,2.654
NBFC011,UpperFin 11 Ltd,Upper Layer,South,FY25Q4,31-03-2025,Retail (Vehicle),"24,582.39",2.904,0.61,23.48,2.201
NBFC007,UpperFin 07 Ltd,Upper Layer,North,FY23Q2,30/09/2022,Retail (Personal/Unsecured),5182.71,7.901,2.844,-,2.395
NBFC037,MiddleFin 37 Ltd,Middle Layer,North,FY22Q2,30/09/2021,Retail (Personal/Unsecured),14860.32,9.933,4.172,25.66,2.01
NBFC013,UpperFin 13 Ltd,Upper Layer,East,FY23Q2,2022-09-30,Wholesale/Corporate,9291.61,5.028,1.81,26.99,2.523
NBFC057,BaseFin 57 Ltd,Base Layer,North,FY22Q4,31-03-2022,Wholesale/Corporate,945.66,5.998,2.339,25.81,1.264
NBFC024,MiddleFin 24 Ltd,Middle Layer,Central,FY25Q2,30-09-2024,gold,0,1.016,0.244,26.25%,3.425
NBFC025,MiddleFin 25 Ltd,Middle Layer,West,FY24Q4,2024-03-31,Retail (Housing),13701.53,1.172,0.316,24.79,3.141
NBFC036,MiddleFin 36 Ltd,Middle Layer,South,FY22Q2,30/09/2021,Infrastructure,6841.9,5.034,2.114,27.53,NA
NBFC058,BaseFin 58 Ltd,Base Layer,East,FY24Q4,2024-03-31,  Retail (Personal/Unsecured) ,2692.82,3.858%,1.042,27.87,2.841
NBFC033,MiddleFin 33 Ltd,Middle Layer,East,FY25Q4,2025-03-31,Retail (Housing),"14,882.74",1.563,0.328,24.25,2.676
NBFC050,BaseFin 50 Ltd,Base Layer,West,FY24Q4,31-03-2024,Infrastructure,466.55,1.919,0.518,28.57,3.68
NBFC013,UpperFin 13 Ltd,Upper Layer,East,FY25Q2,30-09-2024,Wholesale/Corporate,13030.03,3.374,0.81,25.4,2.876
NBFC033,MiddleFin 33 Ltd,Middle Layer,East,FY23Q2,30/09/2022,  MSME ,11398.59,5.676,2.043,29.17,1.602
NBFC015,UpperFin 15 Ltd,Upper Layer,West,FY22Q2,30-09-2021,gold,5421.71,2.006,0.843,23.7,1.443
NBFC004,UpperFin 04 Ltd,Upper Layer,Central,FY23Q2,30-09-2022,Retail (Vehicle),"14,877.49",4.957%,1.785,25.11,1.827
NBFC046,BaseFin 46 Ltd,Base Layer,South,FY23Q2,30-09-2022,Wholesale/Corporate,965.65,5.344,1.924,28.71,1.515
NBFC008,UpperFin 08 Ltd,UPPER LAYER,East,FY23Q2,30/09/2022,Retail (Gold),8131.43,1.547,0.557,NA,2.368
NBFC007,UpperFin 07 Ltd,Upper Layer,North,FY21Q4,31-03-2021,Retail (Personal/Unsecured),4303.07,10.259,4.617,26.82,0.951
NBFC057,BaseFin 57 Ltd,Base Layer,North,FY25Q2,30-09-2024,gold,4306.46,1.082%,0.26,999,3.111
NBFC024,MiddleFin 24 Ltd,Middle Layer,Central,FY23Q2,2022-09-30,  Retail (Housing) ,10600.27,2.479%,0.892,25.75,1.861
NBFC039,MiddleFin 39 Ltd,Middle Layer,Central,FY21Q4,31-03-2021,Retail (Housing),21520.51,3.109,1.399,26.62,2.017
NBFC012,UpperFin 12 Ltd,Upper Layer,North,FY24Q2,30-09-2023,Wholesale/Corporate,"11,284.53",4.001,1.2,30.44,2.932
  NBFC018 ,MiddleFin 18 Ltd,Middle Layer,East,FY22Q2,30-09-2021,Infrastructure,12623.72,5.106,-,26.7,1.108
NBFC029,MiddleFin 29 Ltd,Middle Layer,Central,FY21Q4,31-03-2021,Wholesale/Corporate,13050.83,6.272,2.822,22.51%,2.021
NBFC021,MiddleFin 21 Ltd,Middle Layer,South,FY22Q4,31-03-2022,MSME,14717.73,6.959,2.714,26.62%,1.786
NBFC032,MiddleFin 32 Ltd,Middle  Layer,North,FY22Q2,2021-09-30,Microfinance,10949.99,12.576,5.282,25.22,1.282
NBFC028,MiddleFin 28 Ltd,Middle Layer,East,FY23Q2,30-09-2022,Infrastructure,15781.47,4.164,1.499,29.16,1.695
NBFC023,MiddleFin 23 Ltd,Middle Layer,East,FY24Q4,2024-03-31,Retail (Personal/Unsecured),28456.33,3.907,1.055,-,2.859
NBFC050,BaseFin 50 Ltd,Base Layer,West,FY22Q4,31/03/2022,Infrastructure,328.39,4.516,1.761,26.15,1.281
NBFC017,MiddleFin 17 Ltd,Middle Layer,North,FY25Q4,31-03-2025,MSME,49701.1,3.437,0.722,23.75,3.336
NBFC052,BaseFin 52 Ltd,Base Layer,North,FY22Q2,2021-09-30,Wholesale/Corporate,748.91,6.408,2.691,999,1.102
NBFC019,MiddleFin 19 Ltd,Middle Layer,Central,FY24Q4,2024-03-31,Infrastructure,16401.65,2.033,0.549,26.53,3.43
NBFC035,MiddleFin 35 Ltd,Middle Layer,West,FY22Q4,2022-03-31,Retail (Personal/Unsecured),21460.67,9.518,3.712,29.14,1.934
NBFC038,MiddleFin 38 Ltd,Middle Layer,East,FY24Q2,2023-09-30,Microfinance,9909.83,6.849,2.055,25.27%,2.979
NBFC060,BaseFin 60 Ltd,Base Layer,West,FY22Q4,2022-03-31,MFI,"2,610.18",10.45,4.075,27.23,2.155
  NBFC038 ,MiddleFin 38 Ltd,middle layer,East,FY23Q2,30-09-2022,MFI,8414.32,9.537,3.433,28.7,1.596
NBFC022,MiddleFin 22 Ltd,Middle Layer,North,FY23Q2,30/09/2022,Retail (Gold),9190.09,1.581,0.569,27.45,2.47
NBFC060,BaseFin 60 Ltd,Base Layer,West,FY21Q4,2021-03-31,gold,2111.27,2.012,0.905,23.61,1.903
NBFC004,UpperFin 04 Ltd,Upper Layer,Central,FY23Q4,2023-03-31,Retail (Personal/Unsecured),8034.43,6.248,2.062,29.38,2.888
NBFC018,MiddleFin 18 Ltd,Middle Layer,East,FY23Q2,30/09/2022,Retail (Personal/Unsecured),25191.21,7.633,2.748,28.0,1.931
NBFC002,UpperFin 02 Ltd,Upper Layer,North,FY25Q2,30/09/2024,Infrastructure,28137.34,2.748,null,26.47,2.921
NBFC052,BaseFin 52 Ltd,Base Layer,North,FY22Q2,30-09-2021,Retail (Housing),998.55,3.234,1.358,26.69,1.537
NBFC060,BaseFin 60 Ltd,Base Layer,West,FY23Q2,2022-09-30,Wholesale/Corporate,847.62,5.423,1.952,29.79,2.226
NBFC011,UpperFin 11 Ltd,Upper Layer,South,FY22Q2,30/09/2021,Retail (Housing),15891.68,3.088,1.297,28.58,1.666
NBFC024,MiddleFin 24 Ltd,Middle Layer,Central,FY23Q4,2023-03-31,Microfinance,9813.53,7.144,2.358,26.16,2.562
  NBFC047 ,BaseFin 47 Ltd,Base Layer,North,FY23Q4,31/03/2023,Infrastructure,165.6,3.138,1.036,27.14,3.377
NBFC011,UpperFin 11 Ltd,Upper Layer,South,FY23Q2,30-09-2022,  Microfinance ,3294.81,9.329,3.358,28.66%,1.804
NBFC006,UpperFin 06 Ltd,Upper Layer,South,FY25Q4,31-03-2025,msme,"25,228.29",3.642,0.765,25.76,2.447
,,,,,,,,,,,
NBFC021,MiddleFin 21 Ltd,Middle Layer,South,FY23Q4,31/03/2023,MSME,"17,206.98",4.474,1.476,25.18,2.772
NBFC041,BaseFin 41 Ltd,base layer,South,FY25Q2,2024-09-30,MSME,1953.18,3.839,0.921,28.26,2.579
  NBFC039 ,MiddleFin 39 Ltd,ML,Central,FY22Q2,30-09-2021,microfinance,19483.23,12.321,5.175,28.53,1.389
NBFC018,MiddleFin 18 Ltd,Middle Layer,East,FY24Q4,2024-03-31,  Retail (Gold) ,23616.76,0.797,0.215,26.34,2.995
NBFC027,MiddleFin 27 Ltd,middle layer,North,FY21Q4,31/03/2021,Retail (Gold),11166.76,1.995,0.898,27.24,1.313
NBFC045,BaseFin 45 Ltd,BASE LAYER,West,FY23Q4,31-03-2023,Retail (Vehicle),2233.61,3.869%,1.277,27.46,2.318
NBFC030,MiddleFin 30 Ltd,Middle Layer,West,FY25Q2,30-09-2024,Retail (Gold),19796.07,1.009,0.242,23.32,3.537
NBFC004,UpperFin 04 Ltd,upper layer,Central,FY22Q2,30/09/2021,Wholesale/Corporate,7828.12,6.386,2.682,24.98%,2.033
NBFC036,MiddleFin 36 Ltd,Middle Layer,South,FY25Q4,2025-03-31,Retail (Gold),14552.37,0.917,NA,25.86,2.479
NBFC045,BaseFin 45 Ltd,Base Layer,West,FY25Q2,30/09/2024,Microfinance,"4,142.93",6.543,1.57,24.04,3.217
NBFC018,MiddleFin 18 Ltd,Middle  Layer,East,FY24Q2,30-09-2023,Retail (Gold),21191.83,1.125,0.337,25.6,3.15
NBFC056,BaseFin 56 Ltd,BASE LAYER,South,FY24Q4,31/03/2024,Retail (Housing),884.84,1.271,0.343,25.07,3.855
NBFC031,MiddleFin 31 Ltd,Middle Layer,South,FY21Q4,31-03-2021,M.S.M.E,18433.9,7.281,3.276,23.4%,1.279
NBFC049,BaseFin 49 Ltd,Base Layer,Central,FY24Q2,30-09-2023,Retail (Personal/Unsecured),2768.91,6.124,1.837,30.39,3.465
  NBFC021 ,MiddleFin 21 Ltd,Middle Layer,South,FY22Q2,2021-09-30,Retail (Gold),8731.84,2.03,0.853,28.96,2.13
NBFC013,UpperFin 13 Ltd,Upper Layer,East,FY22Q4,2022-03-31,Infrastructure,"10,014.49",4.852,1.892,28.46,2.168
  NBFC033 ,MiddleFin 33 Ltd,Middle Layer,East,FY24Q4,31/03/2024,Infrastructure,7480.33,2.02,0.545,25.37,null
NBFC025,MiddleFin 25 Ltd,Middle Layer,West,FY25Q4,31/03/2025,Microfinance,13352.0,5.485,1.152,27.03,2.654
NBFC052,BaseFin 52 Ltd,Base Layer,North,FY22Q2,30-09-2021,Retail (Personal/Unsecured),2246.73,9.768,4.103,28.67,1.114
NBFC046,BaseFin 46 Ltd,Base Layer,South,FY22Q2,30/09/2021,Retail (Gold),2540.49,2.103,0.883,24.1,2.109
NBFC052,BaseFin 52 Ltd,BL,North,FY24Q4,2024-03-31,  MSME ,2615.34,2.886,0.779,27.36,3.519
NBFC008,UpperFin 08 Ltd,Upper Layer,East,FY25Q4,2025-03-31,Infrastructure,28311.77,2.414,0.507,28.08,2.538
NBFC043,BaseFin 43 Ltd,Base Layer,East,FY23Q2,2022-09-30,Wholesale/Corporate,785.25,5.156,1.856,27.84,1.505
NBFC034,MiddleFin 34 Ltd,Middle Layer,Central,FY23Q4,31-03-2023,Retail (Housing),14573.96,1.938,0.64,29.61%,3.296
NBFC009,UpperFin 09 Ltd,Upper Layer,Central,FY23Q2,2022-09-30,Retail (Gold),7982.74,1.573,0.566,27.64,1.545
NBFC015,UpperFin 15 Ltd,Upper Layer,West,FY25Q4,31-03-2025,  Infrastructure ,21525.83,2.56%,0.538,26.32,2.607
NBFC052,BaseFin 52 Ltd,BL,North,FY23Q4,31/03/2023,  MSME ,2152.21,4.568,1.507,,3.113
NBFC037,MiddleFin 37 Ltd,Middle Layer,North,FY23Q4,2023-03-31,Retail (Personal/Unsecured),18302.36,5.876,1.939,999,2.438
NBFC048,BaseFin 48 Ltd,base layer,East,FY24Q2,30/09/2023,Microfinance,3178.44,7.224,2.167,27.13%,3.461
NBFC029,MiddleFin 29 Ltd,Middle Layer,Central,FY23Q2,2022-09-30,Microfinance,18862.46,9.33,3.359,29.42%,2.308
  NBFC052 ,BaseFin 52 Ltd,base layer,North,FY21Q4,31-03-2021,MFI,2363.48,12.253,5.514,-,0.988
NBFC037,MiddleFin 37 Ltd,middle layer,North,FY23Q2,30-09-2022,Retail (Gold),12103.86,1.531,0.551,29.57%,2.686
NBFC036,MiddleFin 36 Ltd,Middle Layer,South,FY25Q4,2025-03-31,Infrastructure,11641.9,2.402,0.504,26.5,3.071
NBFC021,MiddleFin 21 Ltd,Middle Layer,South,FY24Q2,30-09-2023,GOLD LOAN,11726.73,1.143,0.343,26.93,2.715
NBFC040,MiddleFin 40 Ltd,Middle Layer,West,FY22Q4,31/03/2022,Microfinance,10099.33,11.064,4.315,NA,1.891
NBFC003,UpperFin 03 Ltd,UPPER LAYER,East,FY25Q4,31-03-2025,Retail (Personal/Unsecured),19525.62,4.833,1.015,25.21,2.291
NBFC057,BaseFin 57 Ltd,Base Layer,North,FY24Q4,2024-03-31,Wholesale/Corporate,1343.52,2.537,0.685,27.84,2.924
NBFC009,UpperFin 09 Ltd,UL,Central,FY23Q2,2022-09-30,Wholesale/Corporate,"15,965.49",5.09,1.832,28.19,1.611
NBFC005,UpperFin 05 Ltd,Upper Layer,West,FY22Q2,30-09-2021,Microfinance,2936.66,12.268,5.153,27.93,1.15
NBFC056,BaseFin 56 Ltd,Base Layer,South,FY25Q2,2024-09-30,Retail (Vehicle),"1,654.46",3.099,0.744,26.79,2.519
NBFC057,BaseFin 57 Ltd,Base Layer,North,FY24Q4,2024-03-31,Retail (Vehicle),"3,134.88",2.204,0.595,28.26,3.032
NBFC001,UpperFin 01 Ltd,upper layer,South,FY23Q2,30/09/2022,Retail (Housing),25389.24,2.531,NA,28.2,2.397
NBFC058,BaseFin 58 Ltd,Base Layer,East,FY22Q4,31-03-2022,Infrastructure,210.6,4.553,1.776,999,1.297
NBFC029,MiddleFin 29 Ltd,Middle Layer,Central,FY22Q4,31/03/2022,Microfinance,17425.67,10.418,4.063,24.94,2.291
NBFC052,BaseFin 52 Ltd,Base Layer,North,FY25Q4,2025-03-31,Retail (Personal/Unsecured),3822.94,4.966,1.043,26.95,2.567
NBFC032,MiddleFin 32 Ltd,Middle Layer,North,FY24Q2,2023-09-30,Retail (Personal/Unsecured),17156.61,5.822,1.747,27.88,2.731
NBFC047,BaseFin 47 Ltd,  Base Layer ,North,FY24Q4,2024-03-31,Retail (Housing),804.95,1.203,0.325,25.54,3.175
NBFC027,MiddleFin 27 Ltd,Middle Layer,North,FY24Q2,30-09-2023,Retail (Gold),15839.93,1.161,0.348,29.47,3.377
NBFC044,BaseFin 44 Ltd,Base Layer,Central,FY24Q2,30/09/2023,Retail (Personal/Unsecured),3701.37,5.617,NA,28.02,3.468
NBFC029,MiddleFin 29 Ltd,Middle Layer,Central,FY25Q4,31/03/2025,Retail (Personal/Unsecured),32837.38,4.585,0.963,26.87,2.237
NBFC049,BaseFin 49 Ltd,Base Layer,Central,FY22Q2,2021-09-30,  Microfinance ,2290.84,12.517,5.257,28.88,2.092
NBFC026,MiddleFin 26 Ltd,Middle Layer,South,FY22Q4,31-03-2022,Wholesale/Corporate,-100,5.847,2.28,24.7,2.221
NBFC026,MiddleFin 26 Ltd,Middle Layer,South,FY23Q2,30/09/2022,MFI,16952.58,9.167,,27.3,1.586
NBFC044,BaseFin 44 Ltd,BASE LAYER,Central,FY25Q4,31/03/2025,Microfinance,5210.7,5.991,1.258,23.98%,3.396
NBFC053,BaseFin 53 Ltd,Base Layer,East,FY22Q2,30-09-2021,Wholesale/Corporate,381.38,6.447,2.708,24.12,2.017
NBFC002,UpperFin 02 Ltd,Upper Layer,North,FY25Q4,31-03-2025,Microfinance,8554.29,5.931,1.246,26.48,3.21
NBFC054,BaseFin 54 Ltd,Base Layer,Central,FY22Q2,30-09-2021,Retail (Housing),807.1,3.174,1.333,23.71,1.113
NBFC025,MiddleFin 25 Ltd,Middle Layer,West,FY23Q4,31/03/2023,  Wholesale/Corporate ,8053.73,4.22,1.393,27.16%,3.433
NBFC028,MiddleFin 28 Ltd,Middle Layer,East,FY22Q2,30/09/2021,Retail (Personal/Unsecured),24219.31,10.024,4.21,26.18,2.034
NBFC007,UpperFin 07 Ltd,Upper Layer,North,FY21Q4,2021-03-31,Retail (Gold),2581.84,2.023,0.91,27.32,1.83
NBFC015,UpperFin 15 Ltd,Upper Layer,West,FY25Q4,31-03-2025,Microfinance,6150.24,5.61,1.178,28.13%,3.189
NBFC033,MiddleFin 33 Ltd,Middle  Layer,East,FY25Q4,31/03/2025,Infrastructure,"8,504.42",2.492,,24.46,2.843
NBFC032,MiddleFin 32 Ltd,Middle Layer,North,FY21Q4,31/03/2021,Wholesale/Corporate,8639.27,6.691,3.011,24.13,1.285
NBFC017,MiddleFin 17 Ltd,Middle Layer,North,FY24Q2,30-09-2023,Retail (Gold),"24,517.15",1.172,0.352,26.4,3.533
NBFC004,UpperFin 04 Ltd,Upper Layer,Central,FY22Q4,2022-03-31,Retail (Housing),15118.67,2.806,1.094,25.5,1.38
NBFC035,MiddleFin 35 Ltd,Middle Layer,West,FY24Q4,31-03-2024,Retail (Personal/Unsecured),30489.58,3.68,0.994,26.66,3.825
NBFC051,BaseFin 51 Ltd,Base Layer,South,FY24Q2,30/09/2023,retail (housing),1051.72,1.909,0.573,24.61,2.972
NBFC044,BaseFin 44 Ltd,Base Layer,Central,FY22Q4,31/03/2022,GOLD LOAN,2903.39,1.754,0.684,28.29,1.569
NBFC037,MiddleFin 37 Ltd,Middle  Layer,North,FY25Q4,2025-03-31,Microfinance,"21,673.47",5.78,1.214,25.18,2.413
NBFC044,BaseFin 44 Ltd,Base Layer,Central,FY25Q2,2024-09-30,MSME,3427.87,3.763,0.903,28.48,2.632
NBFC002,UpperFin 02 Ltd,Upper Layer,North,FY23Q2,30-09-2022,MSME,"17,198.15",5.905,2.126,N/A,1.939
NBFC026,MiddleFin 26 Ltd,Middle Layer,South,FY25Q2,2024-09-30,MSME,31697.79,4.027,0.966,28.04,2.566
NBFC035,MiddleFin 35 Ltd,middle layer,West,FY23Q4,31-03-2023,Infrastructure,14337.36,3.05,1.006,26.22%,2.474
NBFC043,BaseFin 43 Ltd,Base Layer,East,FY23Q2,30-09-2022,gold,2355.76,1.542,0.555,24.72,1.599
NBFC001,UpperFin 01 Ltd,Upper Layer,South,FY25Q4,31-03-2025,Wholesale/Corporate,20664.82,3.178,0.667,26.74,3.333
NBFC014,UpperFin 14 Ltd,UPPER LAYER,Central,FY24Q2,30/09/2023,Wholesale/Corporate,13700.4,3.99,1.197,25.52,3.159
NBFC048,BaseFin 48 Ltd,Base Layer,East,FY25Q4,31/03/2025,Retail (Personal/Unsecured),3624.37,4.751,0.998,25.93,3.168
NBFC034,MiddleFin 34 Ltd,ML,Central,FY23Q4,31-03-2023,msme,16655.96,4.667,1.54,29.97,2.369
NBFC021,MiddleFin 21 Ltd,Middle Layer,South,FY25Q2,30-09-2024,Infrastructure,11170.54,2.593,NA,27.97,NA
NBFC042,BaseFin 42 Ltd,Base Layer,North,FY24Q4,31/03/2024,M.S.M.E,3287.28,2.779,0.75,27.68%,3.793
NBFC033,MiddleFin 33 Ltd,Middle Layer,East,FY25Q2,2024-09-30,MSME,15984.75,3.83,0.919,27.53,N/A
NBFC025,MiddleFin 25 Ltd,Middle Layer,West,FY24Q2,30-09-2023,Retail (Gold),8781.91,1.17,0.351,26.15,2.904
NBFC003,UpperFin 03 Ltd,Upper Layer,East,FY24Q4,31-03-2024,Microfinance,"6,869.75",4.489,1.212,28.46,3.198
NBFC027,MiddleFin 27 Ltd,Middle Layer,North,FY24Q2,30/09/2023,Retail (Vehicle),25343.88,3.552,1.066,25.85,2.679
NBFC055,BaseFin 55 Ltd,Base Layer,West,FY22Q2,30/09/2021,Retail (Personal/Unsecured),1683.81,10.421,4.377,27.97,1.459
NBFC029,MiddleFin 29 Ltd,Middle Layer,Central,FY22Q2,30-09-2021,housing,19298.41,3.242,1.362,26.85,1.967
NBFC036,MiddleFin 36 Ltd,Middle Layer,South,FY24Q2,2023-09-30,MSME,18377.13,4.498,1.349,28.68,3.46
NBFC020,MiddleFin 20 Ltd,Middle Layer,West,FY25Q2,2024-09-30,Infrastructure,23252.18,2.748,0.66,27.38,2.56
NBFC007,UpperFin 07 Ltd,Upper Layer,North,FY21Q4,31/03/2021,Retail (Vehicle),8606.14,5.828,2.623,25.9,1.035
  NBFC018 ,MiddleFin 18 Ltd,Middle Layer,East,FY25Q4,31-03-2025,Retail (Housing),37590.01,1.518,0.319,25.59,3.207
NBFC013,UpperFin 13 Ltd,Upper Layer,East,FY22Q2,30-09-2021,GOLD LOAN,4074.15,2.003,0.841,25.62,2.138
NBFC054,BaseFin 54 Ltd,BL,Central,FY23Q4,31/03/2023,Wholesale/Corporate,745.53,3.958,1.306,25.12,2.9
NBFC001,UpperFin 01 Ltd,Upper Layer,South,FY22Q2,30/09/2021,Infrastructure,14168.75,5.048,2.12,24.03,1.459
NBFC042,BaseFin 42 Ltd,Base Layer,North,FY22Q4,31-03-2022,Retail (Personal/Unsecured),2974.91,8.962%,3.495,28.02,2.283
NBFC030,MiddleFin 30 Ltd,ML,West,FY25Q2,2024-09-30,Infrastructure,"15,836.85",2.739,0.657,999,2.473
  NBFC010 ,UpperFin 10 Ltd,Upper Layer,West,FY21Q4,31-03-2021,Retail (Personal/Unsecured),"8,243.37",9.801,4.41,22.49,1.578
NBFC001,UpperFin 01 Ltd,  Upper Layer ,South,FY25Q2,2024-09-30,Retail (Housing),35604.44,1.652,0.396,25.47,2.583
NBFC013,UpperFin 13 Ltd,UPPER LAYER,East,FY25Q2,30/09/2024,MSME,13030.03,3.733,0.896,25.95,3.397
NBFC008,UpperFin 08 Ltd,Upper Layer,East,FY22Q2,30-09-2021,MSME,14261.76,7.664,3.219,23.79,1.452
NBFC016,MiddleFin 16 Ltd,Middle Layer,South,FY24Q2,30/09/2023,Retail (Gold),17270.98,1.222,0.367,25.18,3.081
NBFC046,BaseFin 46 Ltd,BASE LAYER,South,FY23Q4,31/03/2023,Retail (Vehicle),2433.61,3.542,1.169,NA,2.633
NBFC023,MiddleFin 23 Ltd,Middle Layer,East,FY22Q2,30/09/2021,M.S.M.E,21729.41,7.71,3.238,23.19%,1.476
NBFC048,BaseFin 48 Ltd,Base Layer,East,FY24Q4,2024-03-31,Retail (Personal/Unsecured),3187.93,3.701,0.999,27.18,3.294
NBFC011,UpperFin 11 Ltd,Upper Layer,South,FY23Q2,30-09-2022,Retail (Personal/Unsecured),8237.03,7.694,2.77,28.36,2.245
NBFC045,BaseFin 45 Ltd,Base Layer,West,FY25Q2,2024-09-30,Retail (Vehicle),2900.05,3.115,0.748,26.9,3.143
NBFC041,BaseFin 41 Ltd,Base Layer,South,FY24Q2,30-09-2023,Wholesale/Corporate,703.01,3.992,1.198,27.18,2.514
NBFC031,MiddleFin 31 Ltd,Middle Layer,South,FY25Q4,31/03/2025,Retail (Personal/Unsecured),28988.62,4.597,0.965,25.02,2.261
NBFC047,BaseFin 47 Ltd,Base Layer,North,FY22Q2,30/09/2021,Infrastructure,134.46,5.006,2.103,26.27,1.598
NBFC032,MiddleFin 32 Ltd,ML,North,FY25Q2,30-09-2024,  Retail (Gold) ,14591.85,1.043%,0.25,24.98,3.537
NBFC059,BaseFin 59 Ltd,Base Layer,Central,FY24Q4,2024-03-31,microfinance,5030.95,4.839,1.307,24.73,3.733
NBFC021,MiddleFin 21 Ltd,Middle Layer,South,FY21Q4,2021-03-31,Retail (Gold),8267.05,1.986,0.894,25.7,2.03
NBFC019,MiddleFin 19 Ltd,Middle Layer,Central,FY25Q4,2025-03-31,housing,"32,632.46",1.522%,0.32,24.99%,3.062
NBFC046,BaseFin 46 Ltd,Base Layer,South,FY21Q4,31-03-2021,Retail (Vehicle),1870.76,5.944,2.675,22.81,1.432
NBFC015,UpperFin 15 Ltd,Upper Layer,West,FY21Q4,31/03/2021,Retail (Personal/Unsecured),8555.19,9.769,4.396,22.04,1.667
NBFC038,MiddleFin 38 Ltd,Middle Layer,East,FY25Q2,30-09-2024,housing,13766.39,1.585,0.38,25.58,2.572
NBFC044,BaseFin 44 Ltd,Base Layer,Central,FY22Q4,31/03/2022,Retail (Housing),"1,290.40",2.941,1.147,25.82,1.561
NBFC035,MiddleFin 35 Ltd,Middle Layer,West,FY24Q4,2024-03-31,Infrastructure,17422.62,1.917,0.518,28.22,2.813
NBFC050,BaseFin 50 Ltd,Base Layer,West,FY25Q2,30-09-2024,MSME,"3,489.42",3.758,0.902,27.32,2.512
NBFC045,BaseFin 45 Ltd,Base Layer,West,FY21Q4,31-03-2021,Microfinance,2452.87,12.223,5.5,23.24%,1.597
NBFC046,BaseFin 46 Ltd,Base Layer,South,FY22Q2,30-09-2021,Retail (Vehicle),1975.93,5.891,2.474,23.25,2.041
NBFC049,BaseFin 49 Ltd,base layer,Central,FY23Q4,31/03/2023,Infrastructure,282.15,3.037,1.002,28.48,2.697
  NBFC019 ,MiddleFin 19 Ltd,  Middle Layer ,Central,FY22Q2,30-09-2021,Microfinance,16438.26,12.015,5.046,26.48,1.599
NBFC030,MiddleFin 30 Ltd,ML,West,FY22Q2,30-09-2021,Retail (Housing),17331.21,3.236,1.359,24.81,1.375
NBFC049,BaseFin 49 Ltd,Base Layer,Central,FY25Q2,30-09-2024,GOLD LOAN,3296.98,1.026,0.246,27.99,2.779
NBFC001,UpperFin 01 Ltd,  Upper Layer ,South,FY21Q4,31-03-2021,Retail (Gold),"5,749.09",2.006,0.903,25.88,1.064
NBFC015,UpperFin 15 Ltd,Upper Layer,West,FY25Q4,31-03-2025,Retail (Gold),9225.36,0.95%,0.199,24.57,3.091
NBFC056,BaseFin 56 Ltd,Base Layer,South,FY21Q4,2021-03-31,  MSME ,979.54,7.291,3.281,27.15,1.92
NBFC014,UpperFin 14 Ltd,Upper Layer,Central,FY23Q2,30-09-2022,Infrastructure,13571.65,4.003,1.441,25.12,2.174
NBFC037,MiddleFin 37 Ltd,Middle Layer,North,FY23Q2,30-09-2022,Microfinance,14524.63,9.896,3.563,28.46,2.584
NBFC058,BaseFin 58 Ltd,Base Layer,East,FY25Q4,2025-03-31,Wholesale/Corporate,"1,020.49",3.018,0.634,26.73,2.424
NBFC013,UpperFin 13 Ltd,Upper Layer,East,FY23Q4,31-03-2023,Retail (Housing),18398.71,1.986,0.655,26.33,2.994
NBFC021,MiddleFin 21 Ltd,Middle Layer,South,FY25Q4,31-03-2025,Wholesale/Corporate,14857.75,3.209,0.674,27.4,3.049
NBFC041,BaseFin 41 Ltd,Base Layer,South,FY21Q4,31-03-2021,MSME,1156.41,7.296,3.283,25.17,2.091
NBFC032,MiddleFin 32 Ltd,Middle Layer,North,FY22Q2,2021-09-30,Wholesale/Corporate,"9,124.99",6.656,2.796,25.81,1.836
NBFC025,MiddleFin 25 Ltd,Middle Layer,West,FY24Q4,31/03/2024,Microfinance,"11,744.17",4.675,1.262,26.16,3.649
NBFC031,MiddleFin 31 Ltd,Middle  Layer,South,FY22Q2,30-09-2021,Retail (Personal/Unsecured),17036.51,10.535,4.425,29.08,1.049
NBFC025,MiddleFin 25 Ltd,Middle  Layer,West,FY23Q4,31/03/2023,Microfinance,9857.76,7.099,2.343,28.75,3.081
NBFC048,BaseFin 48 Ltd,Base Layer,East,FY22Q4,31/03/2022,MSME,1745.24,6.577,2.565,24.59,2.214
NBFC007,UpperFin 07 Ltd,Upper Layer,North,FY24Q4,31/03/2024,Retail (Vehicle),13604.62,2.284,0.617,25.54,2.891
NBFC054,BaseFin 54 Ltd,Base Layer,Central,FY22Q2,2021-09-30,Retail (Vehicle),1412.42,5.745,2.413,28.61,1.95
NBFC012,UpperFin 12 Ltd,Upper Layer,North,FY25Q2,2024-09-30,Retail (Personal/Unsecured),11197.2,5.102,1.224,-,2.442
NBFC005,UpperFin 05 Ltd,UL,West,FY22Q2,2021-09-30,Retail (Housing),15834.96,3.286,1.38,28.36,1.366
NBFC003,UpperFin 03 Ltd,Upper Layer,East,FY22Q2,30/09/2021,msme,13770.16,7.11,2.986,24.67,1.377
  NBFC052 ,BaseFin 52 Ltd,BASE LAYER,North,FY23Q2,30-09-2022,MSME,"1,992.64",5.882,2.118,27.93,2.64
NBFC052,BaseFin 52 Ltd,Base Layer,North,FY21Q4,31/03/2021,Wholesale/Corporate,709.05,6.583,2.962,26.58,1.532
NBFC052,BaseFin 52 Ltd,Base Layer,North,FY22Q2,2021-09-30,  Retail (Gold) ,2246.73,2.027,0.851,23.39,2.099
NBFC020,MiddleFin 20 Ltd,  Middle Layer ,West,FY22Q4,31/03/2022,Retail (Personal/Unsecured),26806.39,8.915,3.477,27.18,1.232
NBFC019,MiddleFin 19 Ltd,ML,Central,FY21Q4,2021-03-31,Retail (Personal/Unsecured),18157.14,10.309,4.639,26.15,1.768
NBFC001,UpperFin 01 Ltd,Upper Layer,South,FY22Q4,31-03-2022,Microfinance,"4,264.60",11.355,4.428,26.74,1.27
NBFC028,MiddleFin 28 Ltd,Middle Layer,East,FY22Q4,2022-03-31,Retail (Personal/Unsecured),25513.88,9.307,3.63,28.36,1.157
NBFC009,UpperFin 09 Ltd,Upper Layer,Central,FY24Q4,31-03-2024,Infrastructure,24447.15,2.002,0.541,24.27,2.722
NBFC057,BaseFin 57 Ltd,base layer,North,FY21Q4,2021-03-31,MSME,1983.09,7.492,3.371,27.45,1.495
NBFC033,MiddleFin 33 Ltd,Middle Layer,East,FY24Q4,31/03/2024,Retail (Personal/Unsecured),13090.57,3.852,null,27.39,2.873
NBFC017,MiddleFin 17 Ltd,  Middle Layer ,North,FY21Q4,31/03/2021,Retail (Personal/Unsecured),24197.57,9.922,4.465,22.48,1.943
NBFC060,BaseFin 60 Ltd,Base Layer,West,FY24Q2,2023-09-30,M.S.M.E,2329.3,4.543,1.363,28.45,2.616
NBFC028,MiddleFin 28 Ltd,ML,East,FY25Q2,30/09/2024,M.S.M.E,"44,262.08",3.944,0.947,28.56,3.072
NBFC032,MiddleFin 32 Ltd,Middle Layer,North,FY24Q2,30-09-2023,Infrastructure,9803.77,2.998,0.899,28.65,2.636
NBFC012,UpperFin 12 Ltd,Upper Layer,North,FY23Q4,2023-03-31,Infrastructure,12073.63,3.051,1.007,24.69,2.897
NBFC047,BaseFin 47 Ltd,Base Layer,North,FY23Q4,2023-03-31,Retail (Housing),662.4,1.97,0.65,29.2,3.357
NBFC033,MiddleFin 33 Ltd,Middle  Layer,East,FY22Q2,2021-09-30,Retail (Housing),8746.53,3.182,NA,27.83,1.075
NBFC017,MiddleFin 17 Ltd,Middle  Layer,North,FY23Q4,31/03/2023,Wholesale/Corporate,22484.22,4.086,1.348,25.59,2.726
NBFC004,UpperFin 04 Ltd,UL,Central,FY23Q2,30-09-2022,MSME,"8,926.50",250,2.015,28.41,2.279
NBFC039,MiddleFin 39 Ltd,Middle Layer,Central,FY24Q2,30-09-2023,Wholesale/Corporate,21804.73,3.876,1.163,28.29,3.274
NBFC040,MiddleFin 40 Ltd,Middle Layer,West,FY22Q2,30-09-2021,Infrastructure,"6,391.26",5.406,2.271,27.87,1.883
NBFC006,UpperFin 06 Ltd,Upper Layer,South,FY23Q4,2023-03-31,MSME,18260.79,4.518%,1.491,28.75,3.208
NBFC050,BaseFin 50 Ltd,Base Layer,West,FY24Q4,31-03-2024,Microfinance,"4,665.53",null,1.268,28.71,3.611
NBFC009,UpperFin 09 Ltd,Upper Layer,Central,FY24Q2,30-09-2023,Retail (Gold),9401.55,1.203,0.361,28.69,3.024
NBFC029,MiddleFin 29 Ltd,Middle Layer,Central,FY24Q2,30-09-2023,Wholesale/Corporate,18512.47,3.703%,1.111,30.46,3.024
NBFC008,UpperFin 08 Ltd,Upper Layer,East,FY21Q4,2021-03-31,Microfinance,4500.87,11.252,5.063,22.52,1.701
NBFC055,BaseFin 55 Ltd,Base Layer,West,FY25Q4,31-03-2025,Infrastructure,318.35,2.366,0.497,27.99,3.144
NBFC048,BaseFin 48 Ltd,Base Layer,East,FY24Q4,2024-03-31,Microfinance,"3,542.14",4.621,1.248,25.39,2.728
NBFC034,MiddleFin 34 Ltd,Middle Layer,Central,FY22Q2,30-09-2021,GOLD LOAN,8452.22,2.111,0.887,25.09%,1.042
NBFC018,MiddleFin 18 Ltd,Middle Layer,East,FY24Q4,31/03/2024,Retail (Vehicle),37786.82,2.271,0.613,23.9,3.197
NBFC011,UpperFin 11 Ltd,Upper Layer,South,FY25Q4,31-03-2025,Retail (Housing),"27,040.63",1.572,0.33,28.49,2.384
NBFC021,MiddleFin 21 Ltd,Middle Layer,South,FY24Q4,31/03/2024,Wholesale/Corporate,13068.6,2.517,0.68,29.45,2.813
NBFC035,MiddleFin 35 Ltd,Middle Layer,West,FY23Q4,31-03-2023,Wholesale/Corporate,17921.7,3.929,1.297,25.06,2.548
NBFC059,BaseFin 59 Ltd,Base Layer,Central,FY23Q4,31-03-2023,Retail (Personal/Unsecured),3726.05,6.294,2.077,25.67,2.788
NBFC055,BaseFin 55 Ltd,Base Layer,West,FY23Q2,2022-09-30,Retail (Housing),853.37,2.488,0.896,29.86,2.28
NBFC037,MiddleFin 37 Ltd,Middle Layer,North,FY23Q4,31/03/2023,Wholesale/Corporate,13073.11,4.142,1.367,28.94,3.341
NBFC034,MiddleFin 34 Ltd,Middle Layer,Central,FY25Q4,2025-03-31,  Wholesale/Corporate ,14381.95,3.254,0.683,24.42,2.838
NBFC057,BaseFin 57 Ltd,Base Layer,North,FY21Q4,31/03/2021,Microfinance,"2,832.99",11.303,5.086,24.13,1.758
NBFC052,BaseFin 52 Ltd,Base Layer,North,FY22Q2,2021-09-30,Microfinance,2496.36,12.455,5.231,27.06,2.043
NBFC037,MiddleFin 37 Ltd,Middle Layer,North,FY25Q4,2025-03-31,Infrastructure,14448.98,2.364,0.496,28.05,3.299
  NBFC014 ,UpperFin 14 Ltd,  Upper Layer ,Central,FY23Q4,2023-03-31,MSME,"12,564.38",4.733,1.562,27.57,2.351
NBFC049,BaseFin 49 Ltd,Base Layer,Central,FY23Q4,31-03-2023,Retail (Vehicle),1975.02,3.799,1.254,29.52,2.698
NBFC033,MiddleFin 33 Ltd,Middle Layer,East,FY22Q2,30/09/2021,Microfinance,7497.02,12.672,5.322,28.38,2.196
NBFC027,MiddleFin 27 Ltd,Middle Layer,North,FY23Q4,31/03/2023,Microfinance,17431.8,7.306,2.411,25.82,2.521
NBFC040,MiddleFin 40 Ltd,Middle Layer,West,FY24Q2,30/09/2023,Infrastructure,8583.36,3.127,0.938,30.36,3.191
NBFC017,MiddleFin 17 Ltd,Middle  Layer,North,FY22Q2,30/09/2021,Wholesale/Corporate,18255.72,6.812,2.861,28.11,1.128
NBFC011,UpperFin 11 Ltd,UPPER LAYER,South,FY22Q2,30/09/2021,Microfinance,2889.4,12.316,5.173,24.28,1.804
NBFC016,MiddleFin 16 Ltd,ML,South,FY24Q4,2024-03-31,MSME,30795.61,2.82,0.761,25.87,3.275
NBFC047,BaseFin 47 Ltd,Base Layer,North,FY24Q2,30/09/2023,Retail (Housing),722.3,1.848%,0.554,29.45,3.337
NBFC001,UpperFin 01 Ltd,Upper Layer,South,FY23Q4,2023-03-31,Retail (Housing),"27,422.36",1.941,0.641,28.35,3.456
NBFC046,BaseFin 46 Ltd,BL,South,FY25Q2,30/09/2024,Wholesale/Corporate,"1,354.17",3.583,0.86,27.54,3.342
NBFC005,UpperFin 05 Ltd,Upper Layer,West,FY24Q2,30/09/2023,Retail (Gold),5799.85,1.173,0.352,28.51,2.963
NBFC060,BaseFin 60 Ltd,Base Layer,West,FY25Q4,31-03-2025,Retail (Personal/Unsecured),3794.42,4.6,0.966,23.6,2.644
NBFC003,UpperFin 03 Ltd,Upper Layer,East,FY23Q2,30/09/2022,Retail (Personal/Unsecured),13085.23,7.631,2.747,24.74,2.097
  NBFC012 ,UpperFin 12 Ltd,Upper Layer,North,FY22Q4,31/03/2022,Infrastructure,10327.0,4.791,1.868,24.23,1.363
NBFC025,MiddleFin 25 Ltd,Middle Layer,West,FY25Q2,2024-09-30,MSME,"16,730.78",4.013,0.963,25.85,3.502
NBFC010,UpperFin 10 Ltd,Upper Layer,West,FY23Q4,31-03-2023,Retail (Personal/Unsecured),10723.56,,2.071,26.13,2.442
NBFC014,UpperFin 14 Ltd,Upper Layer,Central,FY23Q2,30-09-2022,Retail (Housing),21326.88,2.433,0.876,27.3,1.765
NBFC033,MiddleFin 33 Ltd,Middle Layer,East,FY24Q4,2024-03-31,gold,9350.41,0.795,0.215,24.36%,3.329
NBFC054,BaseFin 54 Ltd,Base Layer,Central,FY23Q2,30-09-2022,Wholesale/Corporate,690.26,5.043,-,28.13%,2.177
NBFC001,UpperFin 01 Ltd,UPPER LAYER,South,FY21Q4,31/03/2021,micro finance,"3,832.73",11.756,5.29,26.95,1.68
NBFC004,UpperFin 04 Ltd,Upper Layer,Central,FY24Q4,2024-03-31,Retail (Vehicle),19526.71,N/A,0.626,28.51,3.25
NBFC024,MiddleFin 24 Ltd,Middle Layer,Central,FY24Q2,30/09/2023,Retail (Vehicle),14267.77,3.455,6.455,30.26,3.631
NBFC003,UpperFin 03 Ltd,Upper Layer,East,FY23Q2,30-09-2022,Microfinance,5234.09,8.98,3.233,25.3,1.965
NBFC055,BaseFin 55 Ltd,Base Layer,West,FY25Q2,30/09/2024,Retail (Vehicle),2094.25,3.155,0.757,28.71,2.844
NBFC054,BaseFin 54 Ltd,  Base Layer ,Central,FY22Q4,31/03/2022,Wholesale/Corporate,637.68,5.796,2.26,25.33,2.285
NBFC019,MiddleFin 19 Ltd,Middle  Layer,Central,FY25Q2,30/09/2024,Retail (Housing),30667.67,1.616,0.388,23.29,2.539
NBFC036,MiddleFin 36 Ltd,Middle Layer,South,FY21Q4,31/03/2021,Microfinance,9716.57,11.303%,5.086,null,1.765
NBFC044,BaseFin 44 Ltd,Base Layer,Central,FY21Q4,31-03-2021,retail (housing),1159.72,3.242,1.459,,2.067
NBFC047,BaseFin 47 Ltd,BL,North,FY24Q2,30/09/2023,Wholesale/Corporate,541.72,3.76,1.128,29.31,3.57
NBFC054,BaseFin 54 Ltd,Base Layer,Central,FY22Q4,2022-03-31,Retail (Vehicle),"1,487.92",5.309,2.071,23.73,1.832
NBFC032,MiddleFin 32 Ltd,Middle Layer,North,FY22Q4,31-03-2022,Retail (Vehicle),15380.38,5.435,2.12,28.91,1.292
NBFC015,UpperFin 15 Ltd,Upper Layer,West,FY23Q2,30/09/2022,Retail (Personal/Unsecured),10304.06,7.637,2.749,26.54,2.256
NBFC015,UpperFin 15 Ltd,UL,West,FY24Q4,2024-03-31,Retail (Housing),"29,752.98",1.254,0.339,26.97,3.828
NBFC022,MiddleFin 22 Ltd,Middle Layer,North,FY22Q2,30/09/2021,Retail (Personal/Unsecured),"11,282.98",9.692,4.071,25.54%,1.645
NBFC040,MiddleFin 40 Ltd,Middle Layer,West,FY24Q2,2023-09-30,MSME,17166.72,4.278%,1.283,27.86,3.318
NBFC048,BaseFin 48 Ltd,Base Layer,East,FY23Q4,31-03-2023,Retail (Housing),1165.96,2.012,0.664,28.02,3.162
NBFC056,BaseFin 56 Ltd,Base Layer,South,FY22Q2,2021-09-30,Microfinance,1478.02,,5.226,999,1.303
NBFC037,MiddleFin 37 Ltd,  Middle Layer ,North,FY23Q2,30/09/2022,Retail (Personal/Unsecured),16945.4,7.842,2.823,24.87,null
NBFC034,MiddleFin 34 Ltd,Middle Layer,Central,FY22Q4,31-03-2022,MSME,14246.42,6.661,2.598,26.44,1.236
NBFC054,BaseFin 54 Ltd,Base Layer,Central,FY25Q2,2024-09-30,micro finance,3226.59,6.314,1.515,23.85,N/A
NBFC022,MiddleFin 22 Ltd,Middle  Layer,North,FY23Q4,31-03-2023,Retail (Gold),9926.01,250,0.416,26.68,2.408
NBFC027,MiddleFin 27 Ltd,Middle Layer,North,FY25Q4,31/03/2025,Retail (Vehicle),32110.66,-,0.63,27.89,2.648
NBFC058,BaseFin 58 Ltd,base layer,East,FY25Q2,30-09-2024,Retail (Vehicle),2237.78,2.998,0.72,27.35,3.022
NBFC018,MiddleFin 18 Ltd,Middle Layer,East,FY23Q2,2022-09-30,Wholesale/Corporate,17993.72,5.195,1.87,28.33,2.384
NBFC018,MiddleFin 18 Ltd,middle layer,East,FY22Q4,31-03-2022,Retail (Vehicle),26596.97,5.519,2.152,24.79,null
NBFC033,MiddleFin 33 Ltd,Middle Layer,East,FY22Q4,2022-03-31,Retail (Vehicle),"10,530.34",N/A,2.11,25.62,2.222
NBFC008,UpperFin 08 Ltd,Upper Layer,East,FY25Q4,31/03/2025,Retail (Gold),12133.62,1.007,0.211,26.93,3.187
NBFC007,UpperFin 07 Ltd,Upper Layer,North,FY22Q2,30-09-2021,MSME,5454.0,7.553,3.172,25.17,1.006
NBFC007,UpperFin 07 Ltd,Upper Layer,North,FY25Q4,31/03/2025,Retail (Housing),"17,013.87",1.482,0.311,25.57,2.502
NBFC031,MiddleFin 31 Ltd,Middle Layer,South,FY25Q2,30-09-2024,Infrastructure,15567.56,2.726,0.654,,3.026
NBFC047,BaseFin 47 Ltd,Base Layer,North,FY23Q4,31/03/2023,Retail (Gold),1490.41,1.287,0.425,27.46,3.09
NBFC059,BaseFin 59 Ltd,  Base Layer ,Central,FY23Q4,31/03/2023,Retail (Housing),1656.02,1.873,0.618,27.87,2.812
NBFC020,MiddleFin 20 Ltd,Middle  Layer,West,FY22Q4,31-03-2022,Retail (Housing),26806.39,2.991%,1.166,25.9,2.271
NBFC016,MiddleFin 16 Ltd,Middle Layer,South,FY25Q4,31-03-2025,Retail (Gold),21882.3,0.987%,0.207,23.23,2.807
NBFC030,MiddleFin 30 Ltd,Middle  Layer,West,FY23Q2,30-09-2022,Infrastructure,11293.13,3.875,1.395,30.09,1.939
NBFC047,BaseFin 47 Ltd,Base Layer,North,FY25Q2,30-09-2024,Infrastructure,215.01,2.674,0.642,28.87,2.634
NBFC036,MiddleFin 36 Ltd,ML,South,FY24Q4,31/03/2024,micro finance,15359.99,4.683,1.264,24.39,3.073
NBFC050,BaseFin 50 Ltd,Base Layer,West,FY24Q2,30/09/2023,Retail (Vehicle),2930.53,3.617,1.085,26.69%,2.873
NBFC032,MiddleFin 32 Ltd,  Middle Layer ,North,FY25Q2,2024-09-30,Retail (Personal/Unsecured),20428.59,5.125,1.23,27.58,3.316
  NBFC049 ,BaseFin 49 Ltd,Base Layer,Central,FY25Q4,31/03/2025,Infrastructure,389.8,2.52,0.529,24.51,3.268
NBFC009,UpperFin 09 Ltd,Upper Layer,Central,FY21Q4,31/03/2021,Infrastructure,15465.01,5.296,2.383,23.33,1.939
NBFC015,UpperFin 15 Ltd,Upper Layer,West,FY24Q4,31-03-2024,Wholesale/Corporate,16228.9,2.561,0.691,27.68,
NBFC055,BaseFin 55 Ltd,Base Layer,West,FY24Q2,2023-09-30,Microfinance,2512.6,7.272%,2.182,30.16,3.018
NBFC009,UpperFin 09 Ltd,Upper Layer,Central,FY23Q4,2023-03-31,MSME,"17,243.97",4.356,1.437,28.19,3.202
NBFC009,UpperFin 09 Ltd,Upper Layer,Central,FY24Q4,31-03-2024,Retail (Personal/Unsecured),17462.25,3.819,1.031,24.7%,3.538
  NBFC012 ,UpperFin 12 Ltd,Upper Layer,North,FY22Q2,30-09-2021,Microfinance,"2,800.86",11.57,4.859,27.71,1.689
NBFC043,BaseFin 43 Ltd,Base Layer,East,FY24Q2,2023-09-30,gold,2774.45,1.166,0.35,29.03%,3.442
NBFC032,MiddleFin 32 Ltd,Middle Layer,North,FY24Q4,31-03-2024,Retail (Vehicle),21851.2,2.284%,0.617,25.51,3.846
NBFC046,BaseFin 46 Ltd,Base Layer,South,FY24Q2,30/09/2023,Retail (Gold),3411.83,1.159,0.348,26.49,2.515
NBFC006,UpperFin 06 Ltd,Upper Layer,South,FY25Q4,2025-03-31,Retail (Gold),12614.15,0.935,0.196,28.58,2.504
NBFC049,BaseFin 49 Ltd,Base Layer,Central,FY24Q2,2023-09-30,microfinance,3076.56,7.372,2.212,28.78,3.314
NBFC026,MiddleFin 26 Ltd,Middle Layer,South,FY23Q2,30-09-2022,Retail (Personal/Unsecured),19778.01,8.175,2.943,25.87,-
NBFC027,MiddleFin 27 Ltd,Middle  Layer,North,FY22Q4,31/03/2022,Wholesale/Corporate,12425.02,5.683,2.216,25.59,1.205
NBFC002,UpperFin 02 Ltd,Upper Layer,North,FY25Q4,31/03/2025,MSME,25662.87,3.726,0.782,25.14,3.254
NBFC009,UpperFin 09 Ltd,Upper Layer,Central,FY23Q4,31/03/2023,Wholesale/Corporate,17243.97,4.123,1.361,25.93,2.541
NBFC028,MiddleFin 28 Ltd,Middle Layer,East,FY24Q4,31/03/2024,Retail (Vehicle),41426.35,2.287,0.617,28.4,3.047
  NBFC009 ,UpperFin 09 Ltd,Upper Layer,Central,FY25Q2,30/09/2024,Infrastructure,26120.62,2.633,0.632,24.94,3.573
NBFC010,UpperFin 10 Ltd,Upper Layer,West,FY22Q4,31-03-2022,Retail (Personal/Unsecured),9172.23,9.158,3.572,N/A,1.277
NBFC020,MiddleFin 20 Ltd,Middle Layer,West,FY22Q4,31-03-2022,Wholesale/Corporate,"19,147.42",5.752,2.243,29.09,1.891
NBFC010,UpperFin 10 Ltd,Upper Layer,West,FY24Q2,30-09-2023,Retail (Gold),7015.88,,0.365,30.33,2.98
NBFC032,MiddleFin 32 Ltd,Middle Layer,North,FY24Q4,2024-03-31,Wholesale/Corporate,13657.0,2.51,0.678,25.83,3.026
NBFC019,MiddleFin 19 Ltd,Middle Layer,Central,FY21Q4,31-03-2021,Infrastructure,10375.51,4.987,2.244,23.73,1.598
NBFC049,BaseFin 49 Ltd,Base Layer,Central,FY21Q4,2021-03-31,Retail (Personal/Unsecured),1952.01,10.06,4.527,24.69,2.004
NBFC037,MiddleFin 37 Ltd,Middle Layer,North,FY24Q4,31-03-2024,Infrastructure,"12,709.05",1.931,0.521,26.13,2.816
NBFC030,MiddleFin 30 Ltd,Middle Layer,West,FY22Q4,31-03-2022,Retail (Housing),18257.6,2.73,1.065,26.14,1.542
NBFC045,BaseFin 45 Ltd,Base Layer,West,FY23Q4,31/03/2023,Retail (Housing),1276.35,2.022,0.667,28.09,3.414
  NBFC026 ,MiddleFin 26 Ltd,Middle Layer,South,FY22Q2,2021-09-30,  Retail (Housing) ,"17,344.39",3.314,1.392,24.51,1.177
NBFC001,UpperFin 01 Ltd,Upper Layer,South,FY24Q4,2024-03-31,Retail (Vehicle),30293.98,2.294,0.619,27.62,3.162
NBFC045,BaseFin 45 Ltd,BL,West,FY25Q2,30/09/2024,Retail (Personal/Unsecured),3728.64,5.342,1.282,999,2.843
NBFC019,MiddleFin 19 Ltd,ML,Central,FY21Q4,31/03/2021,retail (housing),18157.14,2.955,1.33,23.43,2.05
NBFC003,UpperFin 03 Ltd,Upper Layer,East,FY22Q4,2022-03-31,Retail (Personal/Unsecured),12088.5,8.654,3.375,25.91,1.289
NBFC043,BaseFin 43 Ltd,Base Layer,East,FY24Q4,31/03/2024,Wholesale/Corporate,1030.64,2.64%,0.713,24.85,2.847
NBFC044,BaseFin 44 Ltd,Base Layer,Central,FY25Q2,2024-09-30,GOLD LOAN,4407.27,1.041,0.25,23.13,2.911
NBFC045,BaseFin 45 Ltd,Base Layer,West,FY21Q4,31/03/2021,Infrastructure,245.29,5.155,2.32,27.02,1.864
NBFC058,BaseFin 58 Ltd,Base Layer,East,FY21Q4,31-03-2021,Retail (Personal/Unsecured),"1,703.45",9.997,4.499,N/A,1.912
NBFC037,MiddleFin 37 Ltd,Middle Layer,North,FY22Q2,30-09-2021,Retail (Gold),10614.52,2.064,0.867,23.32,1.126
NBFC057,BaseFin 57 Ltd,Base Layer,North,FY24Q2,2023-09-30,micro finance,4018.57,6.784,2.035,26.12,2.652
NBFC007,UpperFin 07 Ltd,UL,North,FY22Q2,2021-09-30,Retail (Personal/Unsecured),4545.0,10.13,4.255,28.47,1.252
NBFC057,BaseFin 57 Ltd,Base Layer,North,FY25Q2,30-09-2024,Infrastructure,478.5,2.789,0.669,26.23,2.787
NBFC007,UpperFin 07 Ltd,Upper Layer,North,FY23Q2,30/09/2022,Wholesale/Corporate,6219.26,N/A,1.811,26.26,1.999
NBFC011,UpperFin 11 Ltd,Upper Layer,South,FY21Q4,2021-03-31,Wholesale/Corporate,8206.79,6.431,2.894,27.15,1.344
  NBFC036 ,MiddleFin 36 Ltd,Middle Layer,South,FY22Q2,30-09-2021,Retail (Housing),11973.33,3.023,1.27,26.91,1.23
  NBFC035 ,MiddleFin 35 Ltd,Middle  Layer,West,FY24Q4,31/03/2024,GOLD LOAN,21778.27,0.783,0.211,25.63,3.027
NBFC049,BaseFin 49 Ltd,base layer,Central,FY25Q4,2025-03-31,MSME,2728.6,3.523,0.74,28.55,2.266
NBFC023,MiddleFin 23 Ltd,Middle Layer,East,FY25Q4,31/03/2025,M.S.M.E,36973.87,3.639,0.764,24.72,2.233
NBFC058,BaseFin 58 Ltd,Base Layer,East,FY24Q4,31-03-2024,Infrastructure,299.20,2.053,0.554,25.31,-
NBFC004,UpperFin 04 Ltd,Upper Layer,Central,FY25Q4,31/03/2025,Infrastructure,"15,540.01",2.412,0.507,25.24,3.132
NBFC022,MiddleFin 22 Ltd,Middle Layer,North,FY25Q2,30/09/2024,Microfinance,15465.19,6.47,1.553,25.89,2.984
NBFC050,BaseFin 50 Ltd,Base Layer,West,FY25Q2,30/09/2024,Retail (Gold),4486.4,1.005,0.241,28.93,2.816
NBFC012,UpperFin 12 Ltd,Upper Layer,North,FY25Q2,2024-09-30,M.S.M.E,13436.63,3.75,0.9,25.65,2.99
NBFC031,MiddleFin 31 Ltd,Middle Layer,South,FY23Q4,31/03/2023,Microfinance,17985.09,7.765,2.562,29.5,2.893
NBFC059,BaseFin 59 Ltd,Base Layer,Central,FY22Q2,2021-09-30,Wholesale/Corporate,1008.44,6.374,2.677,-,2.108
NBFC041,BaseFin 41 Ltd,Base Layer,South,FY24Q4,31/03/2024,Retail (Vehicle),1828.05,2.239,N/A,26.4,3.381
NBFC041,BaseFin 41 Ltd,Base Layer,South,FY25Q4,31-03-2025,Retail (Personal/Unsecured),2672.12,4.662,0.979,28.49%,2.782
NBFC013,UpperFin 13 Ltd,Upper Layer,East,FY23Q2,2022-09-30,Wholesale/Corporate,9291.61,5.028,1.81,26.99,2.523
NBFC012,UpperFin 12 Ltd,Upper Layer,North,FY22Q2,2021-09-30,Retail (Housing),15404.72,3.015,1.266,24.05,1.046
NBFC039,MiddleFin 39 Ltd,ML,Central,FY24Q4,31/03/2024,  Retail (Personal/Unsecured) ,34019.72,3.89,1.05,28.08,3.638
NBFC060,BaseFin 60 Ltd,Base Layer,West,FY25Q2,30/09/2024,Retail (Vehicle),2773.52,2.991,0.718,25.47,3.143
NBFC022,MiddleFin 22 Ltd,ML,North,FY24Q4,31-03-2024,Retail (Vehicle),"19,299.18",2.368,0.639,23.93,3.789
NBFC019,MiddleFin 19 Ltd,Middle Layer,Central,FY22Q4,31/03/2022,micro finance,17316.92,11.033,4.303,24.91,1.654
  NBFC045 ,BaseFin 45 Ltd,Base Layer,West,FY24Q2,30/09/2023,Retail (Gold),3131.43,1.126,0.338,28.06,2.761
NBFC026,MiddleFin 26 Ltd,Middle Layer,South,FY22Q2,30/09/2021,Wholesale/Corporate,"12,388.85",6.288,2.641,28.26,1.162
NBFC060,BaseFin 60 Ltd,Base Layer,West,FY23Q4,31/03/2023,MSME,2136.15,,1.57,29.4,3.468
  NBFC057 ,BaseFin 57 Ltd,BASE LAYER,North,FY23Q2,30-09-2022,Microfinance,3412.12,9.69,3.488,26.48,-
NBFC053,BaseFin 53 Ltd,  Base Layer ,East,FY25Q2,2024-09-30,MSME,1423.04,3.957,0.95,27.94,3.38
NBFC009,UpperFin 09 Ltd,Upper Layer,Central,FY24Q4,2024-03-31,housing,0,1.18,0.319,23.76,3.595
NBFC001,UpperFin 01 Ltd,upper layer,South,FY23Q4,31/03/2023,  Infrastructure ,17450.6,3.09,1.02,24.53,3.077
NBFC043,BaseFin 43 Ltd,base layer,East,FY25Q2,30-09-2024,microfinance,"3,670.64",5.981,1.435,25.27%,3.367
NBFC053,BaseFin 53 Ltd,Base Layer,East,FY21Q4,2021-03-31,MFI,1203.61,11.582,5.212,27.85%,1.387
NBFC011,UpperFin 11 Ltd,Upper Layer,South,FY22Q2,30/09/2021,Wholesale/Corporate,8668.19,6.358,2.67,27.65,N/A
NBFC059,BaseFin 59 Ltd,Base Layer,Central,FY24Q4,31/03/2024,Infrastructure,503.09,1.885,0.509,null,3.374
NBFC038,MiddleFin 38 Ltd,Middle Layer,East,FY23Q4,31/03/2023,Wholesale/Corporate,7573.43,3.889,1.283,28.32,2.506
NBFC015,UpperFin 15 Ltd,Upper Layer,West,FY24Q4,31/03/2024,GOLD LOAN,8114.45,0.766,0.207,26.09%,3.008
NBFC047,BaseFin 47 Ltd,Base Layer,North,FY24Q2,30-09-2023,MSME,1264.02,4.561,1.368,26.63,2.534
NBFC028,MiddleFin 28 Ltd,Middle Layer,East,FY24Q4,31-03-2024,Retail (Housing),36248.06,null,0.335,28.36%,3.217
NBFC018,MiddleFin 18 Ltd,Middle Layer,East,FY25Q2,2024-09-30,Retail (Personal/Unsecured),35326.74,5.091,1.222,28.65,3.101
NBFC043,BaseFin 43 Ltd,Base Layer,East,FY21Q4,31-03-2021,Microfinance,2173.25,11.625,5.231,27.83,2.025
NBFC060,BaseFin 60 Ltd,  Base Layer ,West,FY22Q4,2022-03-31,Infrastructure,261.02,4.667,1.82,25.09,2.082
NBFC015,UpperFin 15 Ltd,Upper Layer,West,FY24Q2,2023-09-30,Retail (Housing),26697.99,1.886,0.566,30.52,2.988
NBFC058,BaseFin 58 Ltd,  Base Layer ,East,FY25Q4,2025-03-31,  Retail (Gold) ,3061.48,0.988,0.207,27.89,2.794
NBFC023,MiddleFin 23 Ltd,Middle Layer,East,FY22Q4,31/03/2022,Wholesale/Corporate,14306.81,6.216,2.424,23.85,1.795
NBFC022,MiddleFin 22 Ltd,Middle Layer,North,FY24Q4,31-03-2024,Infrastructure,9649.59,1.937,0.523,23.83,3.779
NBFC024,MiddleFin 24 Ltd,Middle Layer,Central,FY22Q2,30/09/2021,Retail (Personal/Unsecured),9295.94,10.472,4.398,28.04,1.468
NBFC047,BaseFin 47 Ltd,Base Layer,North,FY21Q4,31/03/2021,Microfinance,1273.0,11.901,5.355,27.45,2.002
NBFC001,UpperFin 01 Ltd,Upper Layer,South,FY23Q2,30-09-2022,Retail (Vehicle),23081.13,4.794,1.726,NA,1.827
NBFC015,UpperFin 15 Ltd,UL,West,FY22Q4,31/03/2022,MSME,11423.02,6.663,2.599,29.6,1.819
  NBFC025 ,MiddleFin 25 Ltd,Middle Layer,West,FY25Q4,31/03/2025,Infrastructure,8901.34,2.418,0.508,24.43,3.103
NBFC026,MiddleFin 26 Ltd,Middle Layer,South,FY25Q2,2024-09-30,microfinance,23773.35,6.477,1.554,24.17,2.562
NBFC031,MiddleFin 31 Ltd,Middle Layer,South,FY24Q2,30/09/2023,Microfinance,"19,611.23",250,2.161,28.72,2.584
NBFC046,BaseFin 46 Ltd,Base Layer,South,FY24Q2,30/09/2023,Infrastructure,379.09,2.999,0.9,28.93,3.124
NBFC005,UpperFin 05 Ltd,Upper Layer,West,FY24Q4,31-03-2024,Microfinance,4309.01,4.437%,1.198,28.86,3.106
NBFC050,BaseFin 50 Ltd,Base Layer,West,FY21Q4,31-03-2021,Retail (Vehicle),2065.95,6.102,2.746,25.55,1.974
NBFC054,BaseFin 54 Ltd,Base Layer,Central,FY23Q4,31-03-2023,Retail (Personal/Unsecured),2236.59,6.453,2.129,24.79,2.926
NBFC031,MiddleFin 31 Ltd,Middle Layer,South,FY23Q2,30/09/2022,Microfinance,16651.65,9.364,3.371,24.51,2.016
NBFC028,MiddleFin 28 Ltd,Middle Layer,East,FY25Q2,30/09/2024,Infrastructure,22131.04,2.782,0.668,26.99,2.878
NBFC048,BaseFin 48 Ltd,Base Layer,East,FY23Q4,31-03-2023,  MSME ,2040.42,4.457%,1.471,30.03,3.116
NBFC042,BaseFin 42 Ltd,Base Layer,North,FY23Q2,30-09-2022,MFI,3578.0,null,3.381,29.9,2.003
NBFC002,UpperFin 02 Ltd,Upper Layer,North,FY21Q4,2021-03-31,Retail (Housing),"26,178.48",3.009,1.354,23.53,1.325
NBFC016,MiddleFin 16 Ltd,Middle Layer,South,FY22Q4,31-03-2022,Retail (Gold),13547.55,1.847,0.72,28.44,1.312
NBFC016,MiddleFin 16 Ltd,Middle Layer,South,FY22Q4,31/03/2022,Infrastructure,10838.04,4.855,1.893,23.73,1.53
NBFC013,UpperFin 13 Ltd,UL,East,FY21Q4,31/03/2021,Retail (Gold),3857.29,1.913,0.861,25.65,1.013
NBFC036,MiddleFin 36 Ltd,Middle Layer,South,FY23Q2,30-09-2022,Retail (Personal/Unsecured),13653.33,7.724,2.781,29.56,2.479
NBFC060,BaseFin 60 Ltd,Base Layer,West,FY23Q2,30/09/2022,Microfinance,2825.4,9.732,3.504,30.17,2.268
NBFC022,MiddleFin 22 Ltd,  Middle Layer ,North,FY22Q4,31-03-2022,Infrastructure,"6,792.05",4.566,1.781,24.14,1.446
NBFC048,BaseFin 48 Ltd,Base Layer,East,FY21Q4,31/03/2021,Retail (Housing),-100,3.138,1.412,22.42,1.275
NBFC013,UpperFin 13 Ltd,Upper Layer,East,FY23Q2,30/09/2022,housing,"17,034.61",2.489%,0.896,28.64,1.598
NBFC053,BaseFin 53 Ltd,BASE LAYER,East,FY24Q4,31-03-2024,Retail (Personal/Unsecured),1746.65,3.915,1.057,28.95,3.223
NBFC035,MiddleFin 35 Ltd,Middle Layer,West,FY25Q4,31/03/2025,Retail (Vehicle),39615.71,2.833,0.595,22.94,2.623
NBFC057,BaseFin 57 Ltd,Base Layer,North,FY22Q4,2022-03-31,Retail (Housing),1260.88,2.847,1.11,27.97%,1.544
NBFC033,MiddleFin 33 Ltd,Middle Layer,East,FY23Q4,2023-03-31,Wholesale/Corporate,7694.61,4.139,1.366,999,2.631
NBFC049,BaseFin 49 Ltd,  Base Layer ,Central,FY25Q4,31-03-2025,Retail (Vehicle),2728.6,2.971,0.624,23.34,2.367
  NBFC019 ,MiddleFin 19 Ltd,Middle Layer,Central,FY22Q4,31-03-2022,Retail (Vehicle),23089.23,5.253,2.049,26.7,1.519
NBFC043,BaseFin 43 Ltd,base layer,East,FY24Q2,30/09/2023,Wholesale/Corporate,924.82,3.661,1.098,26.18,3.407
NBFC028,MiddleFin 28 Ltd,Middle Layer,East,FY23Q2,2022-09-30,Retail (Housing),27617.57,2.452,0.883,27.41,2.233
NBFC027,MiddleFin 27 Ltd,ML,North,FY23Q4,2023-03-31,Infrastructure,"11,621.20",N/A,1.089,27.62,2.85
NBFC004,UpperFin 04 Ltd,Upper Layer,Central,FY24Q4,31-03-2024,Wholesale/Corporate,11716.03,2.634,0.711,28.25,3.477
NBFC045,BaseFin 45 Ltd,BASE LAYER,West,FY23Q4,2023-03-31,Microfinance,3190.87,7.257,2.395,29.27,2.796
NBFC046,BaseFin 46 Ltd,Base Layer,South,FY23Q2,30/09/2022,Retail (Gold),2896.95,1.58,0.569,30.31,2.604
NBFC020,MiddleFin 20 Ltd,Middle Layer,West,FY23Q4,31-03-2023,Retail (Vehicle),35817.42,3.689,1.217,24.52%,2.498
NBFC051,BaseFin 51 Ltd,Base Layer,South,FY21Q4,2021-03-31,Retail (Gold),1668.23,1.972,0.887,22.91,1.73
NBFC002,UpperFin 02 Ltd,Upper Layer,North,FY25Q2,2024-09-30,Retail (Vehicle),40196.2,3.228,0.775,26.92,3.342
NBFC030,MiddleFin 30 Ltd,Middle Layer,West,FY22Q2,30/09/2021,Infrastructure,"9,903.55",5.399,2.268,28.71,1.093
NBFC021,MiddleFin 21 Ltd,Middle Layer,South,FY22Q4,31/03/2022,Retail (Gold),9198.58,1.802,,28.88,1.767
NBFC020,MiddleFin 20 Ltd,Middle Layer,West,FY23Q2,30-09-2022,MSME,33161.88,5.86,2.11,29.12,2.608
NBFC053,BaseFin 53 Ltd,  Base Layer ,East,FY21Q4,31-03-2021,Retail (Vehicle),842.52,6.019,2.709,27.84,1.475
NBFC009,UpperFin 09 Ltd,Upper Layer,Central,FY25Q2,30/09/2024,Retail (Gold),11194.55,1.051,0.252,25.25,2.425
NBFC052,BaseFin 52 Ltd,Base Layer,North,FY25Q2,30-09-2024,Retail (Personal/Unsecured),"3,592.76",5.106,1.225,null,3.352
NBFC030,MiddleFin 30 Ltd,Middle Layer,West,FY25Q2,2024-09-30,MSME,31673.71,3.813,0.915,26.35,3.217
NBFC024,MiddleFin 24 Ltd,Middle Layer,Central,FY24Q4,31/03/2024,Retail (Gold),9937.75,0.794,0.214,29.02,3.598
NBFC007,UpperFin 07 Ltd,Upper Layer,North,FY22Q4,2022-03-31,Microfinance,"1,915.17",10.879,4.243,24.98,1.23
NBFC028,MiddleFin 28 Ltd,Middle Layer,East,FY23Q4,2023-03-31,Retail (Gold),"21,306.52",1.195,0.394,27.84,2.35
NBFC060,BaseFin 60 Ltd,Base Layer,West,FY24Q2,30-09-2023,Infrastructure,332.76,3.061%,0.918,25.59,null
NBFC011,UpperFin 11 Ltd,UPPER LAYER,South,FY22Q2,2021-09-30,Retail (Gold),4334.09,2.1,0.882,24.83,1.85
NBFC055,BaseFin 55 Ltd,Base Layer,West,FY24Q2,30/09/2023,Infrastructure,251.26,2.88,0.864,28.57,3.149
NBFC044,BaseFin 44 Ltd,Base Layer,Central,FY25Q2,2024-09-30,  Infrastructure ,489.7,2.623,0.63,23.36,3.177
NBFC052,BaseFin 52 Ltd,Base Layer,North,FY22Q4,31-03-2022,Wholesale/Corporate,788.94,6.154,2.4,24.96,1.606
NBFC015,UpperFin 15 Ltd,Upper Layer,West,FY25Q4,2025-03-31,  Retail (Personal/Unsecured) ,15375.59,N/A,1.045,25.78,2.656
NBFC027,MiddleFin 27 Ltd,  Middle Layer ,North,FY21Q4,31/03/2021,Microfinance,13400.11,11.75,5.288,,1.326
NBFC019,MiddleFin 19 Ltd,Middle Layer,Central,FY22Q4,2022-03-31,gold,14430.77,1.782,0.695,25.59,1.336
NBFC043,BaseFin 43 Ltd,base layer,East,FY22Q2,2021-09-30,Wholesale/Corporate,688.63,6.49,2.726,26.83,1.189
NBFC022,MiddleFin 22 Ltd,Middle Layer,North,FY24Q2,30/09/2023,MSME,"17,317.57",4.405,1.321,27.42,3.361
NBFC005,UpperFin 05 Ltd,Upper Layer,West,FY25Q4,31-03-2025,Retail (Gold),7348.4,0.98,0.206,null,2.25
NBFC019,MiddleFin 19 Ltd,Middle Layer,Central,FY22Q4,31-03-2022,Retail (Personal/Unsecured),20203.08,9.411,3.67,25.61,1.56
NBFC017,MiddleFin 17 Ltd,Middle Layer,North,FY23Q4,2023-03-31,Retail (Vehicle),35974.75,3.752,1.238,25.91,3.094
NBFC041,BaseFin 41 Ltd,Base Layer,South,FY22Q2,2021-09-30,  Wholesale/Corporate ,523.47,6.644,2.79,25.12,1.467
NBFC038,MiddleFin 38 Ltd,Middle Layer,East,FY24Q4,2024-03-31,Retail (Gold),9203.16,0.783%,0.211,26.84,2.708
NBFC035,MiddleFin 35 Ltd,Middle Layer,West,FY24Q2,30/09/2023,Microfinance,"23,450.53",7.325,2.198,25.96,3.158
  NBFC007 ,UpperFin 07 Ltd,Upper Layer,North,FY24Q4,31/03/2024,Retail (Gold),4081.39,0.777,0.21,N/A,3.39
NBFC046,BaseFin 46 Ltd,Base Layer,South,FY24Q4,31-03-2024,Retail (Vehicle),2957.3,2.385,0.644,26.88,2.87
  NBFC038 ,MiddleFin 38 Ltd,ML,East,FY22Q4,2022-03-31,Retail (Vehicle),10364.51,5.428,2.117,26.19,1.951
NBFC015,UpperFin 15 Ltd,Upper Layer,West,FY23Q4,2023-03-31,Retail (Personal/Unsecured),11129.19,6.158,2.032,28.6,2.711
NBFC060,BaseFin 60 Ltd,base layer,West,FY23Q4,31-03-2023,Infrastructure,305.16,3.271,1.079,29.42,2.453
NBFC018,MiddleFin 18 Ltd,Middle  Layer,East,FY23Q4,31-03-2023,Wholesale/Corporate,19434.63,3.94,1.3,26.76,3.312
NBFC051,BaseFin 51 Ltd,Base Layer,South,FY21Q4,31-03-2021,Retail (Vehicle),1297.51,5.894,2.652,26.74,1.727
NBFC011,UpperFin 11 Ltd,Upper Layer,South,FY23Q4,31-03-2023,Microfinance,3558.66,7.602,,28.19,2.527
NBFC059,BaseFin 59 Ltd,Base Layer,Central,FY24Q2,30-09-2023,Retail (Vehicle),3160.06,3.549,1.065,25.11,3.402
NBFC013,UpperFin 13 Ltd,Upper Layer,East,FY25Q2,30/09/2024,Microfinance,4343.34,6.593,1.582,25.26,3.548
NBFC028,MiddleFin 28 Ltd,  Middle Layer ,East,FY24Q2,30/09/2023,Wholesale/Corporate,"23,232.97",3.998,1.199,28.83,2.606
NBFC050,BaseFin 50 Ltd,Base Layer,West,FY21Q4,2021-03-31,Infrastructure,295.14,5.192,2.336,27.64,1.744
NBFC025,MiddleFin 25 Ltd,Middle Layer,West,FY25Q2,30/09/2024,Retail (Vehicle),"16,730.78",3.297,0.791,28.82,2.877
NBFC015,UpperFin 15 Ltd,UL,West,FY22Q4,31/03/2022,Infrastructure,13326.86,4.826,1.882,23.97,2.136
  NBFC048 ,BaseFin 48 Ltd,Base Layer,East,FY25Q4,2025-03-31,Retail (Gold),3624.37,0.924,0.194,28.38,3.155
NBFC037,MiddleFin 37 Ltd,  Middle Layer ,North,FY22Q2,30/09/2021,MSME,"16,983.23",7.575,3.181,28.04,2.097
NBFC003,UpperFin 03 Ltd,UPPER LAYER,East,FY24Q2,30-09-2023,Retail (Vehicle),"30,821.85",3.555,1.066,28.05,3.502
NBFC022,MiddleFin 22 Ltd,Middle Layer,North,FY23Q2,30-09-2022,Retail (Personal/Unsecured),"12,866.12",-,2.795,27.48,1.667
NBFC058,BaseFin 58 Ltd,BASE LAYER,East,FY23Q2,30/09/2022,Infrastructure,227.96,3.919,1.411,29.41,2.376
NBFC054,BaseFin 54 Ltd,Base Layer,Central,FY23Q4,31-03-2023,retail (housing),994.04,999,0.621,27.43,2.765
NBFC042,BaseFin 42 Ltd,Base Layer,North,FY23Q4,31/03/2023,MSME,2705.16,4.463,1.473,26.14,2.908
NBFC053,BaseFin 53 Ltd,Base Layer,East,FY25Q4,2025-03-31,Microfinance,2163.15,6.002,1.26,25.44,-
NBFC041,BaseFin 41 Ltd,Base Layer,South,FY24Q2,30-09-2023,Retail (Housing),937.34,1.923,0.577,30.5,2.578
NBFC034,MiddleFin 34 Ltd,Middle Layer,Central,FY25Q2,30/09/2024,Infrastructure,10812.82,2.796,0.671,25.64,2.844
NBFC038,MiddleFin 38 Ltd,Middle Layer,East,FY25Q2,30/09/2024,Wholesale/Corporate,9833.14,3.386,0.813,27.44,3.389
NBFC028,MiddleFin 28 Ltd,Middle Layer,East,FY21Q4,31/03/2021,Retail (Personal/Unsecured),22930.13,10.177,4.58,25.21,1.979
NBFC043,BaseFin 43 Ltd,base layer,East,FY25Q4,31-03-2025,Infrastructure,390.58,2.455,0.516,26.31,2.335
NBFC030,MiddleFin 30 Ltd,Middle Layer,West,FY22Q4,31-03-2022,Microfinance,15649.37,10.815,4.218,25.91,2.232
NBFC014,UpperFin 14 Ltd,upper layer,Central,FY23Q2,30/09/2022,Retail (Vehicle),19388.07,4.668,1.68,26.74,2.597
NBFC022,MiddleFin 22 Ltd,ML,North,FY25Q2,30/09/2024,Retail (Housing),18042.72,1.596,null,25.91,3.5
NBFC001,UpperFin 01 Ltd,upper layer,South,FY23Q2,30/09/2022,Microfinance,4616.23,9.269,3.337,28.05,1.596
NBFC015,UpperFin 15 Ltd,Upper Layer,West,FY24Q4,2024-03-31,Microfinance,"5,409.63",4.522,1.221,25.97,3.355
NBFC032,MiddleFin 32 Ltd,  Middle Layer ,North,FY25Q4,31-03-2025,Wholesale/Corporate,15526.71,3.179,0.668,27.62,3.36
NBFC033,MiddleFin 33 Ltd,ML,East,FY25Q4,31-03-2025,Retail (Gold),10630.53,0.959,0.201,-,3.341
NBFC053,BaseFin 53 Ltd,Base Layer,East,FY23Q2,2022-09-30,Retail (Personal/Unsecured),1304.69,8.087,2.911,28.26,1.644
NBFC019,MiddleFin 19 Ltd,Middle Layer,Central,FY25Q2,2024-09-30,MSME,35048.77,,0.975,27.07,null
NBFC044,BaseFin 44 Ltd,Base Layer,Central,FY24Q2,30-09-2023,MSME,2878.84,4.31,1.293,28.35,3.335
NBFC058,BaseFin 58 Ltd,Base Layer,East,FY24Q2,2023-09-30,  Retail (Gold) ,0,1.138,0.341,28.56,3.531
NBFC029,MiddleFin 29 Ltd,Middle Layer,Central,FY25Q4,31/03/2025,Infrastructure,18764.22,2.359,-,23.37,2.625
NBFC031,MiddleFin 31 Ltd,Middle Layer,South,FY23Q2,30/09/2022,Retail (Vehicle),22202.21,4.801,1.728,29.49,1.95
NBFC017,MiddleFin 17 Ltd,Middle Layer,North,FY22Q4,31/03/2022,Wholesale/Corporate,19231.53,5.922,2.31,26.53,1.901
NBFC032,MiddleFin 32 Ltd,  Middle Layer ,North,FY24Q2,2023-09-30,MSME,"19,607.55",4.425,1.327,29.0,3.028
NBFC039,MiddleFin 39 Ltd,Middle Layer,Central,FY25Q4,2025-03-31,Retail (Vehicle),44202.49,2.967,0.623,25.93,3.334
NBFC026,MiddleFin 26 Ltd,Middle Layer,South,FY25Q4,31-03-2025,Retail (Vehicle),33728.57,2.742,0.576,24.65,3.185
NBFC031,MiddleFin 31 Ltd,Middle Layer,South,FY21Q4,31/03/2021,Retail (Personal/Unsecured),16129.66,10.11,4.549,26.9,1.512
NBFC057,BaseFin 57 Ltd,Base Layer,North,FY23Q4,2023-03-31,Retail (Personal/Unsecured),"3,316.82",6.343,2.093,28.07,2.304
NBFC038,MiddleFin 38 Ltd,Middle  Layer,East,FY22Q4,2022-03-31,Infrastructure,"5,182.25",4.484,NA,29.22,1.259
NBFC043,BaseFin 43 Ltd,base layer,East,FY24Q4,31/03/2024,Retail (Gold),3091.93,0.756%,0.204,28.39,3.003
NBFC032,MiddleFin 32 Ltd,Middle Layer,North,FY23Q4,31/03/2023,Retail (Vehicle),17981.72,3.775,1.246,-,2.605
NBFC021,MiddleFin 21 Ltd,Middle Layer,South,FY22Q2,2021-09-30,Retail (Vehicle),13970.95,6.079,2.553,28.63,1.745
NBFC013,UpperFin 13 Ltd,UPPER LAYER,East,FY23Q4,31-03-2023,Retail (Personal/Unsecured),8363.05,6.102,2.014,25.58,3.142
NBFC016,MiddleFin 16 Ltd,Middle Layer,South,FY22Q2,2021-09-30,Retail (Vehicle),20576.24,5.866,2.464,26.78,1.449
NBFC023,MiddleFin 23 Ltd,Middle Layer,East,FY21Q4,2021-03-31,Wholesale/Corporate,12857.98,6.578%,2.96,27.05,1.884
NBFC050,BaseFin 50 Ltd,base layer,West,FY23Q4,31/03/2023,Wholesale/Corporate,1151.8,4.213,1.39,30.33,2.975
NBFC039,MiddleFin 39 Ltd,Middle Layer,Central,FY22Q4,31-03-2022,Wholesale/Corporate,17103.87,5.904,2.303,23.81,2.278
NBFC025,MiddleFin 25 Ltd,Middle Layer,West,FY24Q4,31/03/2024,Retail (Personal/Unsecured),13701.53,3.945,1.065,26.66,3.216
NBFC025,MiddleFin 25 Ltd,Middle  Layer,West,FY22Q2,30-09-2021,Retail (Vehicle),10462.56,6.29,2.642,26.96,1.163
NBFC051,BaseFin 51 Ltd,BL,South,FY24Q2,30-09-2023,Infrastructure,262.93,2.879,0.864,25.9,3.089
NBFC008,UpperFin 08 Ltd,Upper Layer,East,FY25Q2,30/09/2024,MSME,"22,806.11",3.814,0.915,26.46,3.192
NBFC001,UpperFin 01 Ltd,Upper Layer,South,FY22Q2,30-09-2021,Wholesale/Corporate,12144.64,6.569,2.759,27.72%,1.936
NBFC034,MiddleFin 34 Ltd,middle layer,Central,FY23Q2,30/09/2022,  Microfinance ,11565.8,9.772,3.518,28.45,2.535
NBFC029,MiddleFin 29 Ltd,Middle Layer,Central,FY23Q2,30/09/2022,Infrastructure,12574.97,4.12,1.483,29.01,1.95
NBFC038,MiddleFin 38 Ltd,  Middle Layer ,East,FY24Q4,31-03-2024,Infrastructure,7362.53,1.884,NA,23.66,3.633
NBFC014,UpperFin 14 Ltd,Upper Layer,Central,FY22Q2,2021-09-30,Retail (Vehicle),17002.43,5.962,2.504,25.96,2.065
NBFC020,MiddleFin 20 Ltd,Middle Layer,West,FY24Q2,30/09/2023,Wholesale/Corporate,24409.93,3.744,-,28.29%,2.742
NBFC011,UpperFin 11 Ltd,upper layer,South,FY22Q4,31/03/2022,Retail (Gold),"4,565.76",1.781,0.695,25.6,2.207
NBFC048,BaseFin 48 Ltd,Base Layer,East,FY22Q4,2022-03-31,Wholesale/Corporate,747.96,6.166,2.405,29.22,1.236
NBFC028,MiddleFin 28 Ltd,Middle Layer,East,FY22Q2,30-09-2021,msme,27679.21,7.538,3.166,23.55,1.338
NBFC001,UpperFin 01 Ltd,Upper Layer,South,FY22Q4,31-03-2022,Retail (Housing),23455.3,2.798,1.091,25.78%,1.979
NBFC010,UpperFin 10 Ltd,Upper Layer,West,FY23Q4,2023-03-31,Infrastructure,15012.98,3.081,1.017,28.05,3.239
NBFC002,UpperFin 02 Ltd,Upper Layer,North,FY23Q4,31/03/2023,Wholesale/Corporate,18575.35,4.008,1.323,27.98,3.16
NBFC057,BaseFin 57 Ltd,Base Layer,North,FY24Q2,2023-09-30,Retail (Gold),3616.71,1.197,0.359,28.84,2.887
NBFC048,BaseFin 48 Ltd,Base Layer,East,FY22Q2,2021-09-30,Retail (Gold),2172.63,1.96%,0.823,24.31,1.981
  NBFC028 ,MiddleFin 28 Ltd,Middle Layer,East,FY22Q4,31/03/2022,Microfinance,21869.04,10.414,4.061,25.44,1.615
NBFC048,BaseFin 48 Ltd,Base Layer,East,FY24Q4,2024-03-31,Infrastructure,354.21,1.946,0.525,25.58,3.551
NBFC010,UpperFin 10 Ltd,Upper Layer,West,FY25Q4,31/03/2025,Retail (Gold),8889.11,0.986,0.207,28.16,2.314
NBFC053,BaseFin 53 Ltd,Base Layer,East,FY23Q2,30-09-2022,Retail (Gold),1304.69,1.507,0.543,25.49,2.036
NBFC003,UpperFin 03 Ltd,upper layer,East,FY25Q2,30/09/2024,Retail (Housing),40369.98,1.667,0.4,28.77%,2.439
NBFC046,BaseFin 46 Ltd,Base Layer,South,FY25Q2,30/09/2024,Retail (Vehicle),3159.73,3.264,0.783,23.27,2.543
NBFC032,MiddleFin 32 Ltd,ML,North,FY22Q4,31-03-2022,Retail (Housing),"13,457.83",2.865,1.117,25.0,1.376
NBFC045,BaseFin 45 Ltd,Base Layer,West,FY24Q2,2023-09-30,Microfinance,3479.37,6.997,2.099,29.11,2.913
NBFC039,MiddleFin 39 Ltd,Middle Layer,Central,FY23Q2,30/09/2022,Retail (Housing),25919.78,2.411,0.868,25.61,2.483
NBFC013,UpperFin 13 Ltd,Upper Layer,East,FY22Q4,2022-03-31,MSME,8583.85,6.484%,2.529,24.29,1.544
NBFC019,MiddleFin 19 Ltd,Middle Layer,Central,FY25Q2,30-09-2024,Retail (Personal/Unsecured),30667.67,5.017,1.204,25.04,2.497
NBFC040,MiddleFin 40 Ltd,Middle Layer,West,FY25Q2,2024-09-30,gold,12775.4,1.038,0.249,23.57,2.737
NBFC060,BaseFin 60 Ltd,Base Layer,West,FY23Q2,30-09-2022,Retail (Personal/Unsecured),2542.86,7.831,2.819,27.89%,2.637
NBFC051,BaseFin 51 Ltd,Base Layer,South,FY24Q2,2023-09-30,Retail (Personal/Unsecured),2366.37,5.793,1.738,25.23%,2.781
NBFC036,MiddleFin 36 Ltd,Middle Layer,South,FY23Q2,30/09/2022,retail (housing),13653.33,2.409,N/A,29.47,1.644
NBFC016,MiddleFin 16 Ltd,Middle Layer,South,FY23Q2,2022-09-30,Retail (Housing),20530.41,2.561,0.922,28.73,2.309
NBFC047,BaseFin 47 Ltd,Base Layer,North,FY24Q4,31-03-2024,Wholesale/Corporate,603.71,2.547,0.688,26.72,3.375
NBFC003,UpperFin 03 Ltd,Upper Layer,East,FY21Q4,31-03-2021,Microfinance,4345.73,11.463,5.158,23.72,1.293
NBFC057,BaseFin 57 Ltd,Base Layer,North,FY24Q2,30/09/2023,Wholesale/Corporate,1205.57,3.693,1.108,30.29,3.464
NBFC033,MiddleFin 33 Ltd,Middle  Layer,East,FY23Q2,30/09/2022,Microfinance,"8,548.95",9.285,3.343,25.08,2.277
NBFC039,MiddleFin 39 Ltd,Middle Layer,Central,FY25Q2,2024-09-30,Retail (Vehicle),"41,541.08",3.139,0.753,27.29,2.526
NBFC030,MiddleFin 30 Ltd,Middle Layer,West,FY22Q4,2022-03-31,Retail (Personal/Unsecured),18257.6,8.796,3.43,26.92,1.629
NBFC016,MiddleFin 16 Ltd,middle layer,South,FY24Q2,30/09/2023,Wholesale/Corporate,17270.98,3.958,1.187,27.98,3.547
NBFC008,UpperFin 08 Ltd,Upper Layer,East,FY22Q2,30/09/2021,  Microfinance ,4753.92,12.496,5.248,27.74,1.82
NBFC024,MiddleFin 24 Ltd,Middle Layer,Central,FY21Q4,31/03/2021,Infrastructure,5029.21,5.004,2.252,26.28,1.549
NBFC028,MiddleFin 28 Ltd,Middle Layer,East,FY25Q4,2025-03-31,Retail (Vehicle),"47,097.81",2.968,0.623,25.37,2.713
NBFC027,MiddleFin 27 Ltd,Middle Layer,North,FY22Q4,31/03/2022,gold,12425.02,1.794,0.7,24.69,1.775
NBFC011,UpperFin 11 Ltd,upper layer,South,FY23Q2,2022-09-30,Infrastructure,11531.84,4.185,1.507,26.54,1.572
NBFC008,UpperFin 08 Ltd,Upper Layer,East,FY24Q4,31-03-2024,Wholesale/Corporate,21345.0,2.635,0.711,24.43,2.811
NBFC005,UpperFin 05 Ltd,Upper Layer,West,FY25Q4,31/03/2025,Retail (Housing),26944.12,1.485,0.312,26.53,2.277
NBFC018,MiddleFin 18 Ltd,Middle Layer,East,FY24Q4,31-03-2024,M.S.M.E,37786.82,2.847,0.769,29.5,3.114
NBFC007,UpperFin 07 Ltd,Upper Layer,North,FY23Q4,31-03-2023,Retail (Personal/Unsecured),5597.73,5.937,1.959,26.29,3.341
NBFC032,MiddleFin 32 Ltd,Middle Layer,North,FY24Q2,30/09/2023,GOLD LOAN,12254.72,1.144,0.343,26.62,3.159
NBFC042,BaseFin 42 Ltd,Base Layer,North,FY25Q2,30-09-2024,Retail (Personal/Unsecured),4515.82,5.076,1.218,25.19,2.716
NBFC060,BaseFin 60 Ltd,Base Layer,West,FY25Q4,31/03/2025,Microfinance,4216.02,5.723,1.202,23.49,2.927
  NBFC026 ,MiddleFin 26 Ltd,Middle Layer,South,FY25Q4,31/03/2025,micro finance,25296.43,5.764%,1.21,27.77,3.337
NBFC039,MiddleFin 39 Ltd,Middle Layer,Central,FY22Q2,30/09/2021,Retail (Gold),16236.02,2.03,0.853,28.65,1.032
NBFC036,MiddleFin 36 Ltd,Middle Layer,South,FY25Q4,2025-03-31,Retail (Housing),"20,373.32",1.472,0.309,26.4,3.047
NBFC009,UpperFin 09 Ltd,Upper Layer,Central,FY25Q2,30/09/2024,  Retail (Personal/Unsecured) ,18657.58,5.259,,28.51,2.513
NBFC012,UpperFin 12 Ltd,  Upper Layer ,North,FY24Q4,2024-03-31,Retail (Vehicle),"20,959.65",2.301,0.621,28.31,3.528
NBFC039,MiddleFin 39 Ltd,Middle Layer,Central,FY23Q4,31-03-2023,gold,19996.71,1.272,0.42,27.05,3.167
NBFC003,UpperFin 03 Ltd,UL,East,FY23Q2,2022-09-30,GOLD LOAN,7851.14,1.55,0.558,27.64,2.398
NBFC018,MiddleFin 18 Ltd,Middle Layer,East,FY23Q4,2023-03-31,microfinance,"23,321.55",7.402,2.443,28.86,2.758
NBFC009,UpperFin 09 Ltd,Upper Layer,Central,FY24Q4,2024-03-31,Microfinance,6984.9,4.71,1.272,28.99,3.135
NBFC040,MiddleFin 40 Ltd,Middle Layer,West,FY21Q4,31-03-2021,Retail (Housing),10589.35,null,1.455,23.0%,1.68
NBFC007,UpperFin 07 Ltd,Upper Layer,North,FY23Q2,30/09/2022,Retail (Housing),"11,401.97",2.377,0.856,28.06,2.198
NBFC046,BaseFin 46 Ltd,Base Layer,South,FY22Q4,31-03-2022,MSME,2081.55,6.622,2.583,28.06,2.143
NBFC051,BaseFin 51 Ltd,Base Layer,South,FY22Q2,2021-09-30,  Microfinance ,1957.8,11.619,4.88,23.63,1.924
NBFC060,BaseFin 60 Ltd,Base Layer,West,FY25Q2,30/09/2024,Microfinance,3962.18,6.027,1.446,25.39,3.055
NBFC050,BaseFin 50 Ltd,Base Layer,West,FY22Q2,30-09-2021,Microfinance,3117.29,12.663,5.318,28.19,1.023
NBFC011,UpperFin 11 Ltd,Upper Layer,South,FY23Q2,2022-09-30,Retail (Gold),"4,942.22",1.603,0.577,25.57,2.358
NBFC033,MiddleFin 33 Ltd,Middle Layer,East,FY21Q4,31/03/2021,Retail (Personal/Unsecured),8280.96,10.112,4.55,26.85,1.591
NBFC052,BaseFin 52 Ltd,base layer,North,FY24Q2,30/09/2023,MSME,2346.8,4.254,1.276,27.94,3.393
  NBFC055 ,BaseFin 55 Ltd,Base Layer,West,FY21Q4,2021-03-31,Wholesale/Corporate,531.4,6.281%,2.826,25.66,1.582
  NBFC043 ,BaseFin 43 Ltd,BASE LAYER,East,FY22Q4,2022-03-31,Retail (Housing),967.25,2.819,1.099,26.63,2.151
NBFC054,BaseFin 54 Ltd,Base Layer,Central,FY25Q4,2025-03-31,Retail (Gold),3089.98,0.994,0.209,23.5,2.738
NBFC048,BaseFin 48 Ltd,Base Layer,East,FY25Q2,2024-09-30,Infrastructure,378.46,2.764,0.663,27.16,2.619
NBFC053,BaseFin 53 Ltd,Base Layer,East,FY22Q4,31-03-2022,  Retail (Personal/Unsecured) ,1205.31,8.817,3.439,29.0%,1.729
NBFC053,BaseFin 53 Ltd,Base Layer,East,FY24Q2,30/09/2023,Microfinance,1707.3,6.719,2.016,N/A,3.439
NBFC041,BaseFin 41 Ltd,Base Layer,South,FY25Q2,30-09-2024,MFI,2790.26,6.271,1.505,27.37,3.598
NBFC050,BaseFin 50 Ltd,Base Layer,West,FY24Q2,30-09-2023,Retail (Gold),3767.83,1.185%,0.355,30.41,3.162
NBFC024,MiddleFin 24 Ltd,Middle Layer,Central,FY22Q2,2021-09-30,Retail (Vehicle),10623.93,5.884,2.471,26.12,1.151
NBFC001,UpperFin 01 Ltd,Upper Layer,South,FY23Q4,31-03-2023,Wholesale/Corporate,14957.65,3.924,1.295,29.52,3.234
NBFC014,UpperFin 14 Ltd,Upper Layer,Central,FY24Q4,31-03-2024,  Retail (Vehicle) ,25446.84,2.364,0.638,25.01,3.764
NBFC009,UpperFin 09 Ltd,Upper Layer,Central,FY24Q2,30-09-2023,Retail (Vehicle),31338.5,3.69,1.107,25.28,2.633
NBFC031,MiddleFin 31 Ltd,Middle Layer,South,FY23Q2,30/09/2022,Infrastructure,11101.1,3.884,6.884,28.96,2.493
NBFC045,BaseFin 45 Ltd,Base Layer,West,FY24Q2,30/09/2023,Retail (Personal/Unsecured),3131.43,5.894,1.768,26.16,3.156
NBFC020,MiddleFin 20 Ltd,Middle Layer,West,FY22Q4,31/03/2022,Microfinance,22976.91,10.507,4.098,26.57,1.425
NBFC046,BaseFin 46 Ltd,BASE LAYER,South,FY22Q4,2022-03-31,Retail (Vehicle),2081.55,5.536,2.159,25.45,1.489
NBFC030,MiddleFin 30 Ltd,Middle Layer,West,FY23Q4,2023-03-31,Infrastructure,12197.47,3.167,1.045,30.1%,2.89
  NBFC016 ,MiddleFin 16 Ltd,middle layer,South,FY22Q4,2022-03-31,MSME,21676.08,6.731,NA,27.6,1.872
NBFC008,UpperFin 08 Ltd,Upper Layer,East,FY24Q4,2024-03-31,Retail (Vehicle),35575.0,2.321,0.627,25.25,3.607
  NBFC005 ,UpperFin 05 Ltd,Upper Layer,West,FY22Q2,30/09/2021,MSME,"8,637.25",7.548,3.17,24.55,1.649
NBFC005,UpperFin 05 Ltd,UPPER LAYER,West,FY25Q4,31/03/2025,Retail (Vehicle),24494.65,2.785,0.585,23.49,3.044
  NBFC055 ,BaseFin 55 Ltd,Base Layer,West,FY23Q2,30/09/2022,gold,1920.07,1.599,0.576,25.36,1.839
NBFC023,MiddleFin 23 Ltd,Middle Layer,East,FY23Q4,31/03/2023,Retail (Personal/Unsecured),23417.19,6.198,2.045,30.43,2.852
NBFC017,MiddleFin 17 Ltd,Middle Layer,North,FY24Q4,31-03-2024,Retail (Vehicle),"43,716.15",2.358,0.637,29.51,3.545
NBFC029,MiddleFin 29 Ltd,Middle Layer,Central,FY21Q4,31/03/2021,MSME,20881.33,7.612,3.425,26.78,1.948
NBFC018,MiddleFin 18 Ltd,ML,East,FY25Q2,30/09/2024,Wholesale/Corporate,25233.39,3.329,0.799,23.96,2.632
NBFC059,BaseFin 59 Ltd,BL,Central,FY24Q4,31/03/2024,Retail (Personal/Unsecured),4527.85,4.028,1.088,25.77,3.845
NBFC056,BaseFin 56 Ltd,BASE LAYER,South,FY22Q4,31-03-2022,Infrastructure,155.7,4.532,1.767,27.59,2.012
NBFC033,MiddleFin 33 Ltd,Middle Layer,East,FY22Q2,30/09/2021,Infrastructure,4998.02,5.335,2.241,23.65,1.055
NBFC011,UpperFin 11 Ltd,Upper Layer,South,FY24Q2,2023-09-30,Retail (Vehicle),19402.07,3.576,1.073,26.1,2.505
NBFC020,MiddleFin 20 Ltd,Middle Layer,West,FY22Q2,2021-09-30,MSME,29081.42,7.532,3.163,27.23,1.68
NBFC012,UpperFin 12 Ltd,Upper Layer,North,FY24Q4,2024-03-31,Retail (Personal/Unsecured),10479.83,3.934,1.062,27.74,2.864
NBFC038,MiddleFin 38 Ltd,Middle Layer,East,FY23Q4,2023-03-31,Microfinance,9088.12,7.229,2.386,28.33,2.665
NBFC009,UpperFin 09 Ltd,Upper Layer,Central,FY23Q4,31-03-2023,Retail (Gold),8621.99,1.195,0.394,26.22%,3.03
  NBFC043 ,BaseFin 43 Ltd,Base Layer,East,FY25Q2,2024-09-30,Retail (Housing),1468.26,1.714,4.714,27.01,3.079
NBFC024,MiddleFin 24 Ltd,Middle Layer,Central,FY22Q4,31-03-2022,Retail (Vehicle),11191.8,5.672,2.212,25.92,1.246
NBFC003,UpperFin 03 Ltd,Upper Layer,East,FY25Q4,2025-03-31,Microfinance,7810.25,5.858,1.23,27.98%,null
NBFC026,MiddleFin 26 Ltd,  Middle Layer ,South,FY24Q4,31-03-2024,Retail (Personal/Unsecured),25958.64,3.833,1.035,N/A,3.159
NBFC008,UpperFin 08 Ltd,  Upper Layer ,East,FY21Q4,2021-03-31,Infrastructure,"15,753.05",5.217,2.348,23.19,2.014
NBFC008,UpperFin 08 Ltd,Upper Layer,East,FY21Q4,2021-03-31,Wholesale/Corporate,"13,502.62",6.485,2.918,24.54,2.0
NBFC016,MiddleFin 16 Ltd,middle layer,South,FY23Q4,31/03/2023,Retail (Housing),"22,174.45",1.976,0.652,25.81,2.739
NBFC020,MiddleFin 20 Ltd,middle layer,West,FY21Q4,2021-03-31,MSME,27533.43,7.539,3.393,23.05,1.951
NBFC055,BaseFin 55 Ltd,Base Layer,West,FY21Q4,31/03/2021,Infrastructure,177.13,5.066,2.28,27.09,1.585
NBFC036,MiddleFin 36 Ltd,Middle Layer,South,FY22Q2,30-09-2021,Retail (Vehicle),13683.8,5.818,2.444,27.84,1.513
NBFC023,MiddleFin 23 Ltd,Middle Layer,East,FY22Q4,2022-03-31,Retail (Vehicle),22890.89,5.359%,2.09,25.65,2.195
NBFC017,MiddleFin 17 Ltd,Middle Layer,North,FY23Q2,2022-09-30,Retail (Housing),"29,144.10",2.381,0.857,26.73%,2.0
  NBFC041 ,BaseFin 41 Ltd,Base Layer,South,FY23Q2,2022-09-30,Wholesale/Corporate,596.91,5.422,1.952,25.03,2.647
NBFC027,MiddleFin 27 Ltd,  Middle Layer ,North,FY21Q4,31/03/2021,M.S.M.E,"17,866.81",7.602%,3.421,23.48,0.997
NBFC006,UpperFin 06 Ltd,upper layer,South,FY25Q2,30/09/2024,retail (housing),43467.07,1.622,0.389,23.52,3.58
NBFC031,MiddleFin 31 Ltd,Middle Layer,South,FY25Q2,2024-09-30,Retail (Personal/Unsecured),27243.23,5.08,1.219,23.94,2.767
NBFC032,MiddleFin 32 Ltd,Middle Layer,North,FY24Q4,31-03-2024,MSME,"21,851.20",2.907,0.785,25.19,2.886
NBFC048,BaseFin 48 Ltd,Base Layer,East,FY25Q4,2025-03-31,Wholesale/Corporate,1208.12,,0.646,22.95,2.579
  NBFC002 ,UpperFin 02 Ltd,UPPER LAYER,North,FY25Q4,2025-03-31,Retail (Gold),12831.43,0.918,0.193,24.9%,2.839
NBFC018,MiddleFin 18 Ltd,ML,East,FY25Q4,31/03/2025,Retail (Vehicle),42960.02,2.96,0.622,23.93,-
NBFC051,BaseFin 51 Ltd,Base Layer,South,FY24Q2,30/09/2023,MSME,1840.51,4.381,1.314,28.37,3.672
NBFC011,UpperFin 11 Ltd,Upper Layer,South,FY23Q4,31-03-2023,Infrastructure,12455.29,N/A,1.064,24.75,2.979
NBFC024,MiddleFin 24 Ltd,Middle Layer,Central,FY22Q4,2022-03-31,Retail (Gold),"6,994.87",1.775,0.692,27.67,1.676
  NBFC018 ,MiddleFin 18 Ltd,Middle Layer,East,FY25Q4,31/03/2025,Microfinance,32220.01,5.819,1.222,23.37,2.644
NBFC018,MiddleFin 18 Ltd,Middle  Layer,East,FY21Q4,2021-03-31,Microfinance,17927.65,12.195,5.488,22.98,2.04
NBFC036,MiddleFin 36 Ltd,Middle Layer,South,FY22Q4,2022-03-31,Microfinance,"10,811.42",11.112,4.334,27.08,1.948
NBFC003,UpperFin 03 Ltd,Upper Layer,East,FY22Q2,2021-09-30,GOLD LOAN,6885.08,1.948,0.818,24.9,1.626
NBFC039,MiddleFin 39 Ltd,Middle Layer,Central,FY24Q4,31-03-2024,Retail (Housing),34019.72,1.173,0.317,999,3.063
NBFC046,BaseFin 46 Ltd,Base Layer,South,FY23Q2,2022-09-30,Retail (Housing),1287.53,2.585%,0.931,30.04,2.205
NBFC024,MiddleFin 24 Ltd,Middle Layer,Central,FY23Q4,31-03-2023,Retail (Gold),8177.94,1.243%,0.41,27.12,2.618
NBFC014,UpperFin 14 Ltd,Upper Layer,Central,FY25Q2,30-09-2024,  Retail (Personal/Unsecured) ,13594.37,5.244,1.259,24.78,3.118
NBFC049,BaseFin 49 Ltd,Base Layer,Central,FY23Q2,30/09/2022,Wholesale/Corporate,783.68,5.135,1.849,28.32,1.58
NBFC004,UpperFin 04 Ltd,upper layer,Central,FY25Q2,30/09/2024,Retail (Personal/Unsecured),"10,431.68",-,1.31,23.28,2.931
NBFC007,UpperFin 07 Ltd,Upper Layer,North,FY24Q2,30/09/2023,Retail (Personal/Unsecured),"6,103.86",,1.778,29.08,3.285
NBFC020,MiddleFin 20 Ltd,Middle Layer,West,FY21Q4,31-03-2021,MFI,"20,650.07",12.256,5.515,26.28,1.235
NBFC042,BaseFin 42 Ltd,Base Layer,North,FY24Q2,2023-09-30,Retail (Personal/Unsecured),"3,792.54",5.703,1.711,26.93,3.436
NBFC022,MiddleFin 22 Ltd,Middle Layer,North,FY25Q4,2025-03-31,Microfinance,16456.0,5.805,1.219,23.25,2.834
NBFC024,MiddleFin 24 Ltd,Middle Layer,Central,FY21Q4,31-03-2021,Microfinance,7543.82,12.218,5.498,27.1,1.428
NBFC014,UpperFin 14 Ltd,Upper Layer,Central,FY21Q4,31-03-2021,MSME,9658.44,7.659,3.447,27.81,1.16
NBFC052,BaseFin 52 Ltd,  Base Layer ,North,FY23Q2,2022-09-30,Retail (Personal/Unsecured),2561.97,7.787,2.803,25.57,1.629
NBFC033,MiddleFin 33 Ltd,Middle Layer,East,FY25Q4,2025-03-31,Retail (Housing),"14,882.74",1.563,0.328,24.25,2.676
NBFC023,MiddleFin 23 Ltd,Middle Layer,East,FY23Q4,31-03-2023,Wholesale/Corporate,16726.56,4.177,1.378,28.42%,3.046
NBFC038,MiddleFin 38 Ltd,Middle  Layer,East,FY24Q2,30/09/2023,Retail (Personal/Unsecured),11561.47,5.902,1.771,26.57,3.125
NBFC024,MiddleFin 24 Ltd,Middle Layer,Central,FY25Q2,2024-09-30,Retail (Housing),14865.22,1.592,0.382,27.31,3.547
NBFC055,BaseFin 55 Ltd,Base Layer,West,FY22Q4,2022-03-31,Infrastructure,197.09,4.907,1.914,29.05,1.654
NBFC024,MiddleFin 24 Ltd,middle layer,Central,FY25Q4,31/03/2025,Retail (Housing),15817.58,1.479,0.311,28.24,2.982
NBFC036,MiddleFin 36 Ltd,Middle Layer,South,FY22Q2,2021-09-30,Wholesale/Corporate,"8,552.38",6.435,2.703,-,1.107
NBFC022,MiddleFin 22 Ltd,Middle Layer,North,FY22Q2,2021-09-30,micro finance,9671.13,12.126,5.093,26.3,2.091
NBFC042,BaseFin 42 Ltd,Base Layer,North,FY24Q2,30-09-2023,Microfinance,4213.93,7.112,2.134,25.22,2.941
NBFC030,MiddleFin 30 Ltd,Middle Layer,West,FY23Q2,2022-09-30,Retail (Personal/Unsecured),19762.98,7.808,2.811,27.32,2.405
NBFC014,UpperFin 14 Ltd,Upper Layer,Central,FY22Q2,2021-09-30,Infrastructure,11901.7,5.284,2.219,26.86,1.08
NBFC019,MiddleFin 19 Ltd,Middle Layer,Central,FY25Q2,30-09-2024,Retail (Vehicle),35048.77,3.234,0.776,28.27,2.759
NBFC048,BaseFin 48 Ltd,base layer,East,FY22Q4,31/03/2022,Retail (Housing),997.28,2.928,1.142,23.93,1.743
  NBFC022 ,MiddleFin 22 Ltd,Middle Layer,North,FY22Q4,31/03/2022,Wholesale/Corporate,"8,490.06",6.01,2.344,999,1.493
NBFC037,MiddleFin 37 Ltd,middle layer,North,FY24Q4,31/03/2024,MSME,25418.1,2.772,0.748,24.93%,3.197
NBFC042,BaseFin 42 Ltd,Base Layer,North,FY24Q2,30-09-2023,Retail (Gold),3792.54,1.122,0.337,25.61,3.641
NBFC013,UpperFin 13 Ltd,Upper Layer,East,FY22Q2,2021-09-30,Microfinance,2716.1,11.821,4.965,23.12,1.888
NBFC054,BaseFin 54 Ltd,Base Layer,Central,FY22Q2,2021-09-30,MSME,1412.42,7.59,3.188,25.11,1.216
NBFC060,BaseFin 60 Ltd,Base Layer,West,FY21Q4,31/03/2021,Wholesale/Corporate,703.76,6.469,2.911,24.97,0.93
NBFC008,UpperFin 08 Ltd,Upper Layer,East,FY24Q4,31-03-2024,Retail (Gold),10672.5,0.767,0.207,25.43,2.975
NBFC025,MiddleFin 25 Ltd,Middle Layer,West,FY24Q4,2024-03-31,MSME,15658.89,2.735,0.738,29.02,3.509
NBFC015,UpperFin 15 Ltd,Upper Layer,West,FY21Q4,31-03-2021,MSME,10266.23,7.552,3.398,24.75,1.908
NBFC022,MiddleFin 22 Ltd,Middle Layer,North,FY24Q4,31-03-2024,Retail (Gold),12061.99,0.774,0.209,24.14,3.071
NBFC057,BaseFin 57 Ltd,Base Layer,North,FY22Q2,30/09/2021,Infrastructure,299.23,5.422,2.277,27.67,1.501
NBFC043,BaseFin 43 Ltd,base layer,East,FY24Q2,30-09-2023,MSME,"2,157.91",4.558,1.367,25.56,3.24
NBFC005,UpperFin 05 Ltd,Upper Layer,West,FY22Q2,2021-09-30,GOLD LOAN,"4,318.63",2.046%,0.859,27.33,2.17
NBFC029,MiddleFin 29 Ltd,  Middle Layer ,Central,FY25Q2,30/09/2024,micro finance,26980.68,6.023,1.446,25.59,3.347
NBFC009,UpperFin 09 Ltd,  Upper Layer ,Central,FY25Q4,31/03/2025,Infrastructure,27794.08,2.547,0.535,26.26,2.579
NBFC019,MiddleFin 19 Ltd,middle layer,Central,FY23Q2,2022-09-30,Retail (Gold),"15,620.62",1.58,0.569,29.93,1.85
NBFC028,MiddleFin 28 Ltd,Middle Layer,East,FY25Q2,2024-09-30,Wholesale/Corporate,"27,663.80",3.297,0.791,27.84,2.488
NBFC041,BaseFin 41 Ltd,Base Layer,South,FY25Q4,31-03-2025,Retail (Vehicle),"2,078.32",,0.632,24.33,3.222
NBFC031,MiddleFin 31 Ltd,Middle Layer,South,FY25Q2,2024-09-30,Microfinance,23351.34,6.189,1.485,27.0,3.32
NBFC047,BaseFin 47 Ltd,Base Layer,North,FY21Q4,2021-03-31,Retail (Gold),"1,145.70",2.017%,0.908,24.04,2.03
NBFC051,BaseFin 51 Ltd,Base Layer,South,FY24Q2,2023-09-30,Wholesale/Corporate,788.79,3.744,1.123,27.06,3.525
NBFC037,MiddleFin 37 Ltd,Middle Layer,North,FY25Q2,30/09/2024,Wholesale/Corporate,16973.77,3.295%,0.791,28.45,2.752
NBFC004,UpperFin 04 Ltd,Upper Layer,Central,FY21Q4,31-03-2021,Infrastructure,"8,646.67",4.835,2.176,22.38,1.557
NBFC027,MiddleFin 27 Ltd,Middle Layer,North,FY25Q2,2024-09-30,  Wholesale/Corporate ,18860.81,3.332,0.8,23.7,2.563
NBFC059,BaseFin 59 Ltd,Base Layer,Central,FY23Q4,31/03/2023,Retail (Gold),3726.05,1.231,0.406,28.47,2.505
NBFC038,MiddleFin 38 Ltd,Middle Layer,East,FY25Q2,30/09/2024,Retail (Personal/Unsecured),13766.39,5.079,1.219,24.13,2.856
NBFC042,BaseFin 42 Ltd,base layer,North,FY21Q4,2021-03-31,Retail (Vehicle),2079.5,6.108,2.749,24.02,1.993
NBFC038,MiddleFin 38 Ltd,Middle Layer,East,FY22Q4,31-03-2022,M.S.M.E,10364.51,6.664,2.599,25.23,2.062
NBFC056,BaseFin 56 Ltd,Base Layer,South,FY21Q4,2021-03-31,Microfinance,"1,399.34",12.144,5.465,26.65,1.291
NBFC001,UpperFin 01 Ltd,Upper Layer,South,FY25Q2,30-09-2024,  MSME ,19420.61,4.06,-,27.0,3.592
  NBFC056 ,BaseFin 56 Ltd,Base Layer,South,FY22Q2,2021-09-30,Retail (Housing),591.21,3.194,1.341,25.6%,1.632
NBFC035,MiddleFin 35 Ltd,Middle Layer,West,FY22Q4,31-03-2022,Microfinance,18394.86,11.094,4.327,25.19,1.907
NBFC053,BaseFin 53 Ltd,Base Layer,East,FY22Q4,31-03-2022,Infrastructure,133.92,4.906,1.913,29.05,1.975
NBFC060,BaseFin 60 Ltd,Base Layer,West,FY24Q2,30-09-2023,Retail (Housing),1331.03,1.852%,0.556,25.62,3.307
NBFC029,MiddleFin 29 Ltd,Middle Layer,Central,FY24Q2,2023-09-30,Retail (Gold),18512.47,1.154,0.346,28.69,3.62
NBFC038,MiddleFin 38 Ltd,Middle Layer,East,FY23Q2,30-09-2022,Retail (Personal/Unsecured),"9,816.70",7.594,2.734,-,2.431
NBFC029,MiddleFin 29 Ltd,Middle Layer,Central,FY24Q4,31-03-2024,Retail (Vehicle),"33,009.30",2.262,0.611,25.92,2.79
NBFC060,BaseFin 60 Ltd,Base Layer,West,FY22Q4,31-03-2022,Retail (Personal/Unsecured),2349.16,9.341,3.643,28.08,null
  NBFC050 ,BaseFin 50 Ltd,Base Layer,West,FY25Q2,30/09/2024,Retail (Housing),1993.96,1.655,0.397,24.41,3.581
NBFC057,BaseFin 57 Ltd,Base Layer,North,FY21Q4,2021-03-31,  Retail (Gold) ,2549.69,2.012,0.905,22.64,1.665
NBFC044,BaseFin 44 Ltd,Base Layer,Central,FY23Q4,31-03-2023,Retail (Housing),"1,508.65",1.964,0.648,30.29,2.723
NBFC056,BaseFin 56 Ltd,Base Layer,South,FY24Q4,2024-03-31,Retail (Vehicle),1548.46,2.391,0.646,28.55,2.857
NBFC006,UpperFin 06 Ltd,Upper Layer,South,FY23Q4,31-03-2023,Retail (Gold),9130.4,1.256,0.414,26.39,2.683
NBFC012,UpperFin 12 Ltd,Upper Layer,North,FY21Q4,2021-03-31,Wholesale/Corporate,7955.31,6.782,3.052,25.11,1.505
NBFC035,MiddleFin 35 Ltd,Middle Layer,West,FY22Q2,2021-09-30,MSME,23282.01,7.434,-,28.08%,1.226
NBFC030,MiddleFin 30 Ltd,Middle Layer,West,FY23Q4,31/03/2023,Retail (Gold),15246.83,1.193,0.394,30.32,3.339
NBFC041,BaseFin 41 Ltd,Base Layer,South,FY21Q4,31/03/2021,micro finance,1652.01,11.515,5.182,22.41,1.046
NBFC023,MiddleFin 23 Ltd,Middle Layer,East,FY22Q4,31-03-2022,MSME,22890.89,6.899,2.691,23.78,1.169
NBFC019,MiddleFin 19 Ltd,Middle Layer,Central,FY24Q4,31-03-2024,Wholesale/Corporate,20502.07,2.617,0.707,25.26,3.5
NBFC058,BaseFin 58 Ltd,Base Layer,East,FY21Q4,2021-03-31,Retail (Vehicle),1324.9,999,2.545,27.02,1.216
NBFC002,UpperFin 02 Ltd,Upper Layer,North,FY22Q4,2022-03-31,Infrastructure,18536.16,4.507,1.758,29.68,1.362
NBFC019,MiddleFin 19 Ltd,Middle Layer,Central,FY24Q2,2023-09-30,Wholesale/Corporate,18396.94,3.839,1.152,24.87,3.036
NBFC037,MiddleFin 37 Ltd,ML,North,FY21Q4,31/03/2021,Retail (Housing),14069.32,250,1.379,22.2,1.928
NBFC017,MiddleFin 17 Ltd,Middle Layer,North,FY23Q4,31/03/2023,Infrastructure,17987.37,3.28,1.082,26.7,3.084
NBFC032,MiddleFin 32 Ltd,Middle Layer,North,FY25Q2,30/09/2024,Infrastructure,11673.48,2.638,0.633,25.96,NA
NBFC040,MiddleFin 40 Ltd,Middle Layer,West,FY25Q2,30-09-2024,Retail (Housing),17885.56,1.714%,0.411,28.95,2.88
NBFC046,BaseFin 46 Ltd,Base Layer,South,FY25Q4,2025-03-31,M.S.M.E,3362.17,3.706%,0.778,24.03,3.251
NBFC004,UpperFin 04 Ltd,Upper Layer,Central,FY21Q4,31/03/2021,Microfinance,2470.48,11.722,5.275,25.58,0.902
NBFC035,MiddleFin 35 Ltd,Middle Layer,West,FY23Q4,31/03/2023,Microfinance,21506.04,7.112,2.347,27.13,3.084
NBFC054,BaseFin 54 Ltd,Base Layer,Central,FY21Q4,2021-03-31,Retail (Personal/Unsecured),1719.3,9.936,4.471,25.82,1.693
NBFC007,UpperFin 07 Ltd,Upper Layer,North,FY22Q4,2022-03-31,Wholesale/Corporate,5745.52,6.227%,2.429,25.14,1.739
NBFC030,MiddleFin 30 Ltd,Middle Layer,West,FY22Q2,30-09-2021,Retail (Vehicle),"19,807.10",5.921%,2.487,24.91,1.507
NBFC051,BaseFin 51 Ltd,Base Layer,South,FY24Q4,31-03-2024,Retail (Vehicle),2051.11,2.388%,0.645,29.6,2.797
NBFC019,MiddleFin 19 Ltd,Middle Layer,Central,FY21Q4,31-03-2021,Infrastructure,10375.51,4.987,2.244,23.73,1.598
NBFC006,UpperFin 06 Ltd,upper layer,South,FY25Q4,2025-03-31,Retail (Vehicle),42047.16,2.742,0.576,27.48,2.54
NBFC048,BaseFin 48 Ltd,Base Layer,East,FY22Q2,30-09-2021,Microfinance,2366.7,11.954,5.021,28.97,1.608
NBFC027,MiddleFin 27 Ltd,Middle Layer,North,FY22Q2,30/09/2021,Retail (Housing),16512.4,3.055,1.283,27.07,1.723
NBFC056,BaseFin 56 Ltd,Base Layer,South,FY25Q2,30/09/2024,Retail (Gold),"2,127.16",1.022,0.245,28.98,2.537
NBFC039,MiddleFin 39 Ltd,Middle Layer,Central,FY22Q4,31/03/2022,Microfinance,20524.65,11.21,4.372,26.31,1.569
NBFC018,MiddleFin 18 Ltd,Middle Layer,East,FY21Q4,2021-03-31,Retail (Vehicle),23903.54,5.63,2.533,25.31,1.49
NBFC036,MiddleFin 36 Ltd,Middle Layer,South,FY25Q2,2024-09-30,Retail (Housing),19146.66,1.611%,0.387,23.7%,2.621
NBFC013,UpperFin 13 Ltd,Upper Layer,East,FY25Q4,31/03/2025,Retail (Personal/Unsecured),11554.02,4.719,0.991,25.14,3.227
NBFC012,UpperFin 12 Ltd,Upper Layer,North,FY25Q2,30-09-2024,  Infrastructure ,"15,676.07",2.813,0.675,26.93,2.561
NBFC036,MiddleFin 36 Ltd,Middle Layer,South,FY25Q2,2024-09-30,Wholesale/Corporate,13676.18,3.293,0.79,26.45,3.578
NBFC057,BaseFin 57 Ltd,base layer,North,FY24Q4,31-03-2024,Retail (Personal/Unsecured),4030.56,-,1.071,24.08,3.47
NBFC054,BaseFin 54 Ltd,Base Layer,Central,FY24Q4,31-03-2024,Retail (Housing),1207.95,1.173,0.317,26.84,3.353
NBFC022,MiddleFin 22 Ltd,Middle Layer,North,FY22Q2,2021-09-30,Retail (Vehicle),12894.84,5.834,2.45,27.99,1.94
NBFC056,BaseFin 56 Ltd,Base Layer,South,FY25Q4,31/03/2025,Infrastructure,251.49,2.453,0.515,26.17,2.523
NBFC015,UpperFin 15 Ltd,Upper Layer,West,FY22Q4,31/03/2022,Microfinance,3807.67,10.579,4.126,24.54,1.1
NBFC041,BaseFin 41 Ltd,Base Layer,South,FY22Q2,30-09-2021,Retail (Housing),697.95,3.194,1.341,25.95,1.373
NBFC042,BaseFin 42 Ltd,Base Layer,North,FY24Q2,30/09/2023,Wholesale/Corporate,1264.18,-5,1.1,27.66,2.648
  NBFC020 ,MiddleFin 20 Ltd,Middle Layer,West,FY25Q2,2024-09-30,MSME,46504.36,3.968,0.952,28.42,3.123
NBFC047,BaseFin 47 Ltd,Base Layer,North,FY22Q2,30-09-2021,micro finance,1344.57,12.417,5.215,23.47,1.104
NBFC007,UpperFin 07 Ltd,Upper Layer,North,FY22Q2,30-09-2021,Microfinance,1818.0,12.617,5.299,23.2,1.727
NBFC044,BaseFin 44 Ltd,Base Layer,Central,FY23Q4,2023-03-31,Retail (Vehicle),2640.13,3.858,1.273,26.35,2.381
NBFC050,BaseFin 50 Ltd,Base Layer,West,FY24Q4,31-03-2024,Microfinance,"4,665.53",null,1.268,28.71,3.611
NBFC057,BaseFin 57 Ltd,Base Layer,North,FY25Q2,30/09/2024,Retail (Personal/Unsecured),4306.46,5.237,1.257,27.88,3.489
NBFC031,MiddleFin 31 Ltd,Middle Layer,South,FY24Q2,30-09-2023,gold,16342.69,1.192,0.358,28.09,3.269
NBFC059,BaseFin 59 Ltd,Base Layer,Central,FY22Q2,30-09-2021,Infrastructure,336.15,5.392,2.265,25.75%,1.959
NBFC050,BaseFin 50 Ltd,Base Layer,West,FY23Q2,30/09/2022,MSME,2488.28,5.608,2.019,26.88,1.686
NBFC003,UpperFin 03 Ltd,upper layer,East,FY23Q4,31/03/2023,Microfinance,5653.23,7.206,2.378,30.17,3.196
NBFC051,BaseFin 51 Ltd,base layer,South,FY23Q2,2022-09-30,Microfinance,2232.51,9.843,12.843,25.86,2.296
NBFC016,MiddleFin 16 Ltd,  Middle Layer ,South,FY22Q2,30/09/2021,Retail (Personal/Unsecured),"18,004.21",9.62,4.04,26.91,1.592
NBFC008,UpperFin 08 Ltd,Upper Layer,East,FY22Q2,30-09-2021,Retail (Personal/Unsecured),11884.8,9.98,4.192,29.09,1.223
NBFC035,MiddleFin 35 Ltd,Middle Layer,West,FY23Q4,31/03/2023,Retail (Personal/Unsecured),25090.38,6.468,2.134,27.53%,2.515
NBFC042,BaseFin 42 Ltd,Base Layer,North,FY23Q2,2022-09-30,Retail (Housing),1431.2,2.48,0.893,27.2,2.448
NBFC051,BaseFin 51 Ltd,Base Layer,South,FY22Q4,31/03/2022,micro finance,"2,062.45",11.11,4.333,27.24,2.276
  NBFC031 ,MiddleFin 31 Ltd,Middle  Layer,South,FY24Q2,30/09/2023,MSME,"26,148.30",4.173,1.252,28.59,2.708
NBFC041,BaseFin 41 Ltd,Base Layer,South,FY24Q4,2024-03-31,M.S.M.E,"1,828.05",2.999,0.81,26.8%,2.973
NBFC039,MiddleFin 39 Ltd,Middle Layer,Central,FY23Q2,30-09-2022,Retail (Gold),"18,514.13",1.542,0.555,25.68,2.19
NBFC054,BaseFin 54 Ltd,BL,Central,FY23Q2,2022-09-30,Microfinance,2300.85,9.782,3.522,26.49%,1.6
NBFC027,MiddleFin 27 Ltd,middle layer,North,FY25Q2,30/09/2024,Retail (Vehicle),30177.3,3.193,0.766,27.93,3.575
NBFC025,MiddleFin 25 Ltd,Middle Layer,West,FY25Q4,2025-03-31,Wholesale/Corporate,11126.67,3.275,0.688,23.53,2.533
NBFC005,UpperFin 05 Ltd,UPPER LAYER,West,FY21Q4,31/03/2021,Retail (Gold),"4,088.75",1.936,0.871,23.07%,1.45
NBFC043,BaseFin 43 Ltd,BL,East,FY23Q2,30-09-2022,Infrastructure,261.75,3.982,1.434,29.29,1.988
NBFC008,UpperFin 08 Ltd,Upper Layer,East,FY23Q4,31/03/2023,Retail (Gold),8782.58,1.222,0.403,30.47,3.057
  NBFC022 ,MiddleFin 22 Ltd,Middle Layer,North,FY24Q2,2023-09-30,Wholesale/Corporate,10823.48,3.667,1.1,29.22,2.964
NBFC033,MiddleFin 33 Ltd,middle layer,East,FY22Q2,30/09/2021,Wholesale/Corporate,"6,247.52",6.552,2.752,24.83,1.773
NBFC024,MiddleFin 24 Ltd,Middle Layer,Central,FY24Q2,2023-09-30,Retail (Personal/Unsecured),12484.3,5.891,1.767,29.97,2.718
NBFC006,UpperFin 06 Ltd,Upper Layer,South,FY23Q4,31-03-2023,  Retail (Housing) ,"33,478.12",1.964,0.648,27.6,3.394
NBFC009,UpperFin 09 Ltd,Upper Layer,Central,FY25Q4,31-03-2025,Wholesale/Corporate,23823.5,3.026,0.635,24.38,2.833
NBFC035,MiddleFin 35 Ltd,Middle Layer,West,FY24Q4,31/03/2024,Retail (Housing),30489.58,1.172,0.316,24.58,3.899
NBFC002,UpperFin 02 Ltd,Upper Layer,North,FY23Q4,31-03-2023,  Microfinance ,6191.78,7.46,2.462,28.33,3.119
NBFC033,MiddleFin 33 Ltd,Middle Layer,East,FY21Q4,2021-03-31,Infrastructure,4731.98,5.176,2.329,26.45,1.586
NBFC016,MiddleFin 16 Ltd,Middle Layer,South,FY21Q4,2021-03-31,Wholesale/Corporate,12175.61,6.166,2.775,23.7,1.815
NBFC013,UpperFin 13 Ltd,Upper Layer,East,FY24Q2,30/09/2023,Retail (Gold),5471.52,1.226,0.368,26.11,3.233
NBFC004,UpperFin 04 Ltd,Upper Layer,Central,FY23Q4,31/03/2023,Retail (Housing),17675.74,1.943,0.641,29.41,3.304
NBFC040,MiddleFin 40 Ltd,  Middle Layer ,West,FY22Q4,31/03/2022,Retail (Vehicle),13465.77,5.36%,2.09,24.36,1.931
NBFC003,UpperFin 03 Ltd,Upper Layer,East,FY25Q2,30/09/2024,Infrastructure,25689.99,2.804,0.673,23.19,NA
NBFC052,BaseFin 52 Ltd,Base Layer,North,FY23Q2,2022-09-30,Retail (Housing),1138.65,2.51,0.904,29.32,2.57
NBFC042,BaseFin 42 Ltd,Base Layer,North,FY25Q4,2025-03-31,  Retail (Vehicle) ,"3,737.33",2.85,0.598,25.94,2.994
NBFC042,BaseFin 42 Ltd,Base Layer,North,FY24Q2,30-09-2023,Retail (Vehicle),2949.75,3.511,1.053,29.1,2.895
NBFC037,MiddleFin 37 Ltd,Middle Layer,North,FY22Q4,31/03/2022,Microfinance,13418.26,10.459,4.079,26.91,1.269
NBFC044,BaseFin 44 Ltd,Base Layer,Central,FY22Q4,31-03-2022,Microfinance,3225.99,10.84,4.228,29.56,1.958
NBFC036,MiddleFin 36 Ltd,ML,South,FY24Q4,31-03-2024,Wholesale/Corporate,12799.99,2.461,0.664,26.77,3.683
NBFC009,UpperFin 09 Ltd,Upper Layer,Central,FY25Q4,31/03/2025,Retail (Personal/Unsecured),19852.92,4.696,0.986,25.15,2.547
NBFC004,UpperFin 04 Ltd,Upper Layer,Central,FY24Q2,2023-09-30,Retail (Housing),19273.91,1.869,0.561,26.95,3.369
NBFC022,MiddleFin 22 Ltd,Middle Layer,North,FY21Q4,31-03-2021,Retail (Personal/Unsecured),10682.4,10.075,,27.0,1.309
NBFC045,BaseFin 45 Ltd,Base Layer,West,FY25Q2,2024-09-30,Wholesale/Corporate,1242.88,3.39,0.814,25.15,3.047
NBFC028,MiddleFin 28 Ltd,Middle Layer,East,FY24Q2,30/09/2023,Infrastructure,-100,3.04,0.912,28.36,2.824
NBFC020,MiddleFin 20 Ltd,Middle Layer,West,FY22Q2,30/09/2021,Retail (Personal/Unsecured),25446.24,,4.254,27.61,1.922
NBFC016,MiddleFin 16 Ltd,ML,South,FY21Q4,2021-03-31,retail (housing),"17,045.85",3.191,1.436,25.41,1.752
NBFC039,MiddleFin 39 Ltd,Middle Layer,Central,FY22Q2,2021-09-30,MSME,25977.64,7.159,3.007,24.29,1.919
NBFC031,MiddleFin 31 Ltd,Middle  Layer,South,FY24Q2,2023-09-30,Retail (Personal/Unsecured),22879.76,5.893,1.768,30.33,3.626
NBFC023,MiddleFin 23 Ltd,Middle Layer,East,FY21Q4,31-03-2021,MSME,20572.77,250,3.213,24.1,0.992
NBFC010,UpperFin 10 Ltd,Upper Layer,West,FY25Q2,30-09-2024,Retail (Personal/Unsecured),13923.18,5.301,1.272,23.24,2.4
NBFC041,BaseFin 41 Ltd,BASE LAYER,South,FY25Q2,30/09/2024,Wholesale/Corporate,837.08,3.365,0.808,26.46,2.745
NBFC039,MiddleFin 39 Ltd,Middle Layer,Central,FY24Q2,2023-09-30,Retail (Gold),21804.73,1.168,0.35,27.67,3.656
NBFC056,BaseFin 56 Ltd,base layer,South,FY24Q4,2024-03-31,Microfinance,2212.09,4.571,1.234,null,3.549
NBFC010,UpperFin 10 Ltd,Upper Layer,West,FY22Q4,31/03/2022,Retail (Vehicle),18344.46,,2.197,24.29,1.796
NBFC051,BaseFin 51 Ltd,Base Layer,South,FY23Q4,2023-03-31,Retail (Vehicle),"1,687.90",3.77,1.244,26.07,2.46
NBFC002,UpperFin 02 Ltd,Upper Layer,North,FY25Q4,31/03/2025,Infrastructure,29940.01,2.359%,0.495,26.58,2.542
NBFC053,BaseFin 53 Ltd,Base Layer,East,FY23Q4,2023-03-31,Wholesale/Corporate,469.72,4.232,1.397,28.65,3.329
NBFC014,UpperFin 14 Ltd,UPPER LAYER,Central,FY21Q4,2021-03-31,Wholesale/Corporate,9658.44,6.56,2.952,26.65,1.115
NBFC019,MiddleFin 19 Ltd,Middle Layer,Central,FY25Q2,2024-09-30,MSME,35048.77,,0.975,27.07,null
NBFC056,BaseFin 56 Ltd,base layer,South,FY23Q4,2023-03-31,Infrastructure,182.04,3.1,1.023,29.27,3.272
NBFC020,MiddleFin 20 Ltd,ML,West,FY22Q2,30-09-2021,Infrastructure,14540.71,5.25,2.205,25.5,2.106
NBFC021,MiddleFin 21 Ltd,Middle Layer,South,FY22Q2,30-09-2021,Microfinance,10478.21,12.132,5.095,28.41,1.286
NBFC055,BaseFin 55 Ltd,Base Layer,West,FY25Q2,30/09/2024,Retail (Gold),2692.6,1.0%,0.24,24.62,3.541
NBFC057,BaseFin 57 Ltd,Base Layer,North,FY22Q2,30-09-2021,Microfinance,2992.27,12.276,5.156,24.81,1.906
NBFC017,MiddleFin 17 Ltd,ML,North,FY22Q4,31/03/2022,Retail (Gold),19231.53,1.798,0.701,23.86,2.139
NBFC032,MiddleFin 32 Ltd,  Middle Layer ,North,FY22Q2,30/09/2021,Retail (Housing),"12,774.98",3.108,1.305,26.18,1.316
NBFC060,BaseFin 60 Ltd,Base Layer,West,FY22Q2,30/09/2021,Retail (Gold),2229.97,1.938,0.814,27.13,1.389
NBFC022,MiddleFin 22 Ltd,middle layer,North,FY23Q4,31/03/2023,Retail (Personal/Unsecured),13896.41,6.316,2.084,27.54,3.498
NBFC024,MiddleFin 24 Ltd,Middle Layer,Central,FY21Q4,2021-03-31,Retail (Gold),6286.51,1.899,0.855,26.58,1.213
NBFC025,MiddleFin 25 Ltd,Middle Layer,West,FY24Q2,30/09/2023,Retail (Personal/Unsecured),12294.68,5.984,1.795,27.94,3.251
NBFC027,MiddleFin 27 Ltd,Middle Layer,North,FY24Q2,30-09-2023,Infrastructure,12671.94,3.003,0.901,25.09,2.676
NBFC042,BaseFin 42 Ltd,Base Layer,North,FY23Q4,31/03/2023,Retail (Vehicle),2705.16,3.556%,1.173,29.04%,3.332
NBFC044,BaseFin 44 Ltd,Base Layer,Central,FY24Q4,31/03/2024,Retail (Personal/Unsecured),"4,124.91",3.74,1.01,27.57,3.883
NBFC003,UpperFin 03 Ltd,Upper Layer,East,FY25Q2,30-09-2024,MSME,"22,019.99",3.799,0.912,25.47,3.503
NBFC059,BaseFin 59 Ltd,BL,Central,FY25Q2,30-09-2024,Microfinance,5375.33,6.345,1.523,28.6,3.059
  NBFC041 ,BaseFin 41 Ltd,Base Layer,South,FY22Q2,2021-09-30,Retail (Vehicle),1221.42,6.048,2.54,23.66,2.012
NBFC029,MiddleFin 29 Ltd,Middle Layer,Central,FY24Q4,31/03/2024,micro finance,24756.98,4.858%,1.312,26.79,2.873
  NBFC004 ,UpperFin 04 Ltd,Upper Layer,Central,FY22Q4,31/03/2022,Wholesale/Corporate,8246.55,6.002,2.341,29.47,1.983
  NBFC015 ,UpperFin 15 Ltd,upper layer,West,FY22Q2,30/09/2021,micro finance,"3,614.47",12.009%,5.044,28.96,1.167
NBFC024,MiddleFin 24 Ltd,Middle Layer,Central,FY22Q2,2021-09-30,Infrastructure,5311.96,5.014,2.106,28.26,1.008
NBFC001,UpperFin 01 Ltd,UPPER LAYER,South,FY23Q2,2022-09-30,  Retail (Gold) ,6924.34,1.513,0.545,25.19%,1.855
NBFC009,UpperFin 09 Ltd,upper layer,Central,FY22Q2,30/09/2021,Retail (Personal/Unsecured),11667.49,10.007,4.203,25.82,1.66
  NBFC013 ,UpperFin 13 Ltd,Upper Layer,East,FY21Q4,31-03-2021,MSME,7714.57,7.626,3.432,25.23,2.01
NBFC054,BaseFin 54 Ltd,Base Layer,Central,FY21Q4,31-03-2021,Retail (Gold),"1,719.30",1.946,0.876,24.22,1.325
NBFC043,BaseFin 43 Ltd,Base Layer,East,FY25Q2,2024-09-30,Retail (Vehicle),2569.45,3.23,0.775,25.38,2.684
NBFC020,MiddleFin 20 Ltd,Middle Layer,West,FY23Q4,2023-03-31,MSME,35817.42,4.423,7.423,28.4,3.448
NBFC017,MiddleFin 17 Ltd,Middle Layer,North,FY21Q4,31/03/2021,Microfinance,20740.78,NA,5.077,27.55,1.957
NBFC011,UpperFin 11 Ltd,UPPER LAYER,South,FY22Q2,30/09/2021,Microfinance,2889.4,12.316,5.173,24.28,1.804
NBFC051,BaseFin 51 Ltd,Base Layer,South,FY21Q4,2021-03-31,MSME,1297.51,7.234,3.255,25.62,1.475
NBFC021,MiddleFin 21 Ltd,Middle Layer,South,FY22Q4,2022-03-31,Retail (Housing),12878.01,2.786,1.087,28.96,1.595
NBFC027,MiddleFin 27 Ltd,middle layer,North,FY22Q2,30-09-2021,  Infrastructure ,9435.66,4.987,2.095,28.2,1.031
NBFC045,BaseFin 45 Ltd,Base Layer,West,FY23Q2,2022-09-30,micro finance,2954.29,9.484,3.414,28.19,2.632
NBFC025,MiddleFin 25 Ltd,Middle  Layer,West,FY24Q4,31/03/2024,Wholesale/Corporate,9786.81,2.511,0.678,23.69,3.704
NBFC023,MiddleFin 23 Ltd,Middle Layer,East,FY22Q4,31-03-2022,MSME,22890.89,6.899,2.691,23.78,1.169
NBFC052,BaseFin 52 Ltd,Base Layer,North,FY24Q2,30/09/2023,Retail (Gold),3017.32,1.143,0.343,25.01%,3.596
NBFC045,BaseFin 45 Ltd,Base Layer,West,FY25Q4,31-03-2025,Wholesale/Corporate,1322.51,3.065%,0.644,24.86,2.701
  NBFC010 ,UpperFin 10 Ltd,Upper Layer,West,FY23Q2,2022-09-30,GOLD LOAN,5957.1,1.518,0.546,24.8,1.634
  NBFC034 ,MiddleFin 34 Ltd,Middle Layer,Central,FY22Q2,30-09-2021,Microfinance,10142.67,12.015,5.046,24.38,1.207
NBFC013,UpperFin 13 Ltd,Upper Layer,East,FY23Q2,2022-09-30,Retail (Vehicle),15486.01,null,1.723,24.41,2.249
NBFC031,MiddleFin 31 Ltd,Middle Layer,South,FY23Q4,31-03-2023,Retail (Housing),20982.6,1.918,0.633,27.75,2.541
NBFC032,MiddleFin 32 Ltd,Middle Layer,North,FY23Q2,30/09/2022,Retail (Gold),10405.33,1.636,0.589,28.71,2.675
NBFC049,BaseFin 49 Ltd,BASE LAYER,Central,FY25Q4,2025-03-31,Retail (Personal/Unsecured),3508.2,4.625,0.971,27.64,3.324
NBFC016,MiddleFin 16 Ltd,  Middle Layer ,South,FY25Q2,2024-09-30,MFI,24677.73,6.466,1.552,28.04,2.547
NBFC031,MiddleFin 31 Ltd,Middle Layer,South,FY23Q4,2023-03-31,Retail (Personal/Unsecured),20982.6,6.418,2.118,28.57%,2.825
NBFC036,MiddleFin 36 Ltd,Middle Layer,South,FY24Q4,31-03-2024,Retail (Gold),12799.99,0.776,0.21,25.21,3.663
NBFC016,MiddleFin 16 Ltd,middle layer,South,FY23Q4,2023-03-31,Retail (Personal/Unsecured),22174.45,6.186,2.041,29.07%,3.405
NBFC024,MiddleFin 24 Ltd,  Middle Layer ,Central,FY22Q2,30-09-2021,Microfinance,"7,967.95",11.521,4.839,26.0,1.734
NBFC030,MiddleFin 30 Ltd,Middle Layer,West,FY24Q4,31/03/2024,MSME,29644.47,N/A,0.754,29.0%,3.127
NBFC058,BaseFin 58 Ltd,Base Layer,East,FY22Q4,31/03/2022,Microfinance,2105.99,10.443,4.073,26.79,1.47
NBFC030,MiddleFin 30 Ltd,Middle Layer,West,FY24Q4,2024-03-31,Retail (Vehicle),29644.47,2.248,0.607,24.03,2.887
NBFC025,MiddleFin 25 Ltd,ML,West,FY25Q2,2024-09-30,Retail (Personal/Unsecured),14639.43,5.33,1.279,27.07,2.554
NBFC047,BaseFin 47 Ltd,Base Layer,North,FY24Q2,30/09/2023,Retail (Vehicle),1264.02,3.381,1.014,27.46,2.81
NBFC028,MiddleFin 28 Ltd,Middle Layer,East,FY23Q4,31-03-2023,Infrastructure,17045.22,3.092,1.02,999,2.395
NBFC048,BaseFin 48 Ltd,Base Layer,East,FY24Q2,30-09-2023,Infrastructure,317.84,3.034,0.91,25.73,3.526
NBFC042,BaseFin 42 Ltd,base layer,North,FY22Q2,30/09/2021,Infrastructure,313.77,5.14,2.159,26.27,1.868
NBFC010,UpperFin 10 Ltd,Upper Layer,West,FY25Q4,31-03-2025,Retail (Vehicle),"29,630.38",2.891,0.607,25.75,3.368
NBFC032,MiddleFin 32 Ltd,  Middle Layer ,North,FY23Q4,31-03-2023,Retail (Housing),15734.0,1.936,0.639,30.04,2.874
NBFC017,MiddleFin 17 Ltd,middle layer,North,FY25Q4,31-03-2025,Infrastructure,24850.55,-,0.51,22.98,2.413
  NBFC054 ,BaseFin 54 Ltd,Base Layer,Central,FY22Q4,31/03/2022,Infrastructure,212.56,4.643,1.811,23.85,1.275
NBFC017,MiddleFin 17 Ltd,Middle Layer,North,FY25Q2,2024-09-30,Retail (Vehicle),46708.62,3.072,0.737,27.56%,2.487
NBFC007,UpperFin 07 Ltd,upper layer,North,FY24Q2,2023-09-30,Wholesale/Corporate,7324.63,3.754,1.126,28.22,2.77
NBFC059,BaseFin 59 Ltd,Base Layer,Central,FY25Q4,31/03/2025,Wholesale/Corporate,1715.91,3.039,0.638,27.43,2.257
NBFC052,BaseFin 52 Ltd,Base Layer,North,FY21Q4,2021-03-31,Infrastructure,236.35,5.098,,24.02,1.374
NBFC014,UpperFin 14 Ltd,Upper Layer,Central,FY22Q2,30-09-2021,Retail (Personal/Unsecured),"8,501.21",9.946,4.177,27.7,2.006
NBFC046,BaseFin 46 Ltd,Base Layer,South,FY24Q2,2023-09-30,Microfinance,3790.92,7.25,2.175,NA,2.997
NBFC059,BaseFin 59 Ltd,Base Layer,Central,FY22Q4,2022-03-31,Microfinance,3541.13,11.299,4.407,27.21%,1.116
NBFC059,BaseFin 59 Ltd,BL,Central,FY22Q2,2021-09-30,msme,2353.02,7.698,3.233,28.52,2.193
NBFC005,UpperFin 05 Ltd,Upper Layer,West,FY23Q4,31-03-2023,Infrastructure,"12,410.84",3.203,1.057,25.85,2.492
NBFC050,BaseFin 50 Ltd,Base Layer,West,FY23Q2,30/09/2022,Retail (Vehicle),2488.28,4.752%,1.711,28.58,2.689
NBFC057,BaseFin 57 Ltd,Base Layer,North,FY21Q4,2021-03-31,Wholesale/Corporate,849.9,6.441,2.898,23.03,1.023
NBFC053,BaseFin 53 Ltd,Base Layer,East,FY21Q4,31/03/2021,Retail (Personal/Unsecured),1083.25,9.544,4.295,23.66,1.381
NBFC018,MiddleFin 18 Ltd,ML,East,FY25Q4,31/03/2025,Retail (Vehicle),42960.02,2.96,0.622,23.93,-
NBFC049,BaseFin 49 Ltd,BL,Central,FY25Q4,2025-03-31,Wholesale/Corporate,1169.4,3.007,0.631,23.54,2.502
NBFC013,UpperFin 13 Ltd,  Upper Layer ,East,FY23Q4,31/03/2023,Infrastructure,11708.27,3.199,1.056,29.44,2.585
NBFC057,BaseFin 57 Ltd,BASE LAYER,North,FY21Q4,2021-03-31,Retail (Vehicle),1983.09,5.737,2.582,22.55,1.748
NBFC030,MiddleFin 30 Ltd,  Middle Layer ,West,FY24Q2,30-09-2023,Retail (Gold),16625.39,1.15,0.345,25.35,2.626
NBFC011,UpperFin 11 Ltd,Upper Layer,South,FY23Q4,31-03-2023,Retail (Personal/Unsecured),8896.64,5.973,1.971,NA,2.373
NBFC031,MiddleFin 31 Ltd,ML,South,FY22Q2,2021-09-30,Wholesale/Corporate,12168.93,6.348%,2.666,24.15,1.325
NBFC054,BaseFin 54 Ltd,Base Layer,Central,FY21Q4,2021-03-31,Wholesale/Corporate,573.1,6.326%,2.847,26.87,2.068
NBFC058,BaseFin 58 Ltd,Base Layer,East,FY24Q2,2023-09-30,  Retail (Gold) ,0,1.138,0.341,28.56,3.531
NBFC005,UpperFin 05 Ltd,  Upper Layer ,West,FY23Q2,30-09-2022,  Retail (Gold) ,4924.58,1.526,0.549,25.89,2.317
NBFC013,UpperFin 13 Ltd,Upper Layer,East,FY25Q2,30-09-2024,Infrastructure,15201.7,2.791,0.67,23.23,3.197
NBFC037,MiddleFin 37 Ltd,Middle Layer,North,FY22Q4,31/03/2022,MSME,17891.02,6.866,2.678,29.14,1.994
NBFC007,UpperFin 07 Ltd,Upper Layer,North,FY25Q2,2024-09-30,Retail (Housing),15989.48,1.665,0.4,28.6,3.433
NBFC056,BaseFin 56 Ltd,  Base Layer ,South,FY22Q2,30/09/2021,Wholesale/Corporate,443.41,,2.735,24.84,1.349
NBFC014,UpperFin 14 Ltd,Upper Layer,Central,FY24Q2,30-09-2023,Retail (Housing),25117.39,1.791,0.537,24.87,3.378
NBFC043,BaseFin 43 Ltd,Base Layer,East,FY22Q2,30-09-2021,Infrastructure,229.54,4.963,2.084,28.48%,1.46
NBFC055,BaseFin 55 Ltd,base layer,West,FY24Q4,2024-03-31,Retail (Personal/Unsecured),2520.1,3.992,1.078,24.91,2.985
NBFC018,MiddleFin 18 Ltd,Middle Layer,East,FY23Q2,30/09/2022,Microfinance,21592.47,9.23,3.323,28.58,1.521
NBFC050,BaseFin 50 Ltd,Base Layer,West,FY23Q4,31/03/2023,Infrastructure,383.93,3.288,1.085,28.4,2.714
NBFC053,BaseFin 53 Ltd,Base Layer,East,FY22Q4,31-03-2022,Retail (Vehicle),937.46,5.425,2.116,26.3,2.064
NBFC045,BaseFin 45 Ltd,Base Layer,West,FY24Q2,30-09-2023,Retail (Vehicle),2435.56,NA,1.031,25.57,3.587
NBFC025,MiddleFin 25 Ltd,Middle Layer,West,FY21Q4,2021-03-31,Microfinance,"7,429.24",11.332,,25.84,1.754
NBFC029,MiddleFin 29 Ltd,Middle Layer,Central,FY25Q2,30/09/2024,MSME,"35,268.87",4.001,0.96,999,2.842
NBFC043,BaseFin 43 Ltd,Base Layer,East,FY23Q4,31-03-2023,MSME,1978.98,4.569,1.508,25.34,3.254
NBFC023,MiddleFin 23 Ltd,ML,East,FY22Q4,31-03-2022,Retail (Housing),20029.53,2.98,1.162,25.74,1.795
NBFC006,UpperFin 06 Ltd,Upper Layer,South,FY24Q2,30-09-2023,Retail (Housing),36505.08,1.873%,0.562,29.29,3.57
NBFC036,MiddleFin 36 Ltd,Middle Layer,South,FY22Q4,31-03-2022,Retail (Gold),9009.52,1.776,0.693,25.94%,1.976
NBFC041,BaseFin 41 Ltd,BASE LAYER,South,FY22Q2,30-09-2021,Microfinance,1744.89,11.864,4.983,23.21,2.099
NBFC032,MiddleFin 32 Ltd,Middle Layer,North,FY23Q4,31/03/2023,GOLD LOAN,11238.57,1.216,0.401,25.59,2.392
NBFC043,BaseFin 43 Ltd,BASE LAYER,East,FY25Q2,30-09-2024,Infrastructure,367.06,2.63,0.631,25.7,2.431
NBFC024,MiddleFin 24 Ltd,Middle Layer,Central,FY23Q2,2022-09-30,Retail (Personal/Unsecured),"10,600.27",7.785,2.803,27.29,2.34
NBFC020,MiddleFin 20 Ltd,Middle Layer,West,FY24Q2,30/09/2023,MSME,39055.89,4.359,1.308,28.14,2.51
NBFC057,BaseFin 57 Ltd,Base Layer,North,FY25Q4,31/03/2025,MSME,"3,564.06",3.668,0.77,26.55,2.932
NBFC039,MiddleFin 39 Ltd,Middle Layer,Central,FY23Q4,31-03-2023,Retail (Personal/Unsecured),"27,995.39",5.921,1.954,26.22,3.485
NBFC030,MiddleFin 30 Ltd,Middle Layer,West,FY22Q2,30-09-2021,Microfinance,14855.32,11.996,5.038,25.43,1.471
NBFC026,MiddleFin 26 Ltd,Middle Layer,South,FY22Q4,2022-03-31,Retail (Personal/Unsecured),18271.48,9.545,3.723,24.73,1.602
NBFC049,BaseFin 49 Ltd,Base Layer,Central,FY24Q2,30/09/2023,GOLD LOAN,2768.91,1.223,0.367,25.51,2.604
NBFC011,UpperFin 11 Ltd,Upper Layer,South,FY24Q4,31/03/2024,Retail (Personal/Unsecured),10811.1,3.71,1.002,25.01%,3.668
NBFC003,UpperFin 03 Ltd,Upper Layer,East,FY25Q4,2025-03-31,housing,42956.36,1.521,0.319,23.7,2.45
NBFC027,MiddleFin 27 Ltd,Middle Layer,North,FY24Q4,2024-03-31,Retail (Gold),17652.46,0.765,0.207,23.94,-
NBFC058,BaseFin 58 Ltd,Base Layer,East,FY25Q2,30-09-2024,  Retail (Gold) ,2877.15,0.999,0.24,28.81,3.213
NBFC020,MiddleFin 20 Ltd,Middle Layer,West,FY22Q2,30-09-2021,Microfinance,21811.06,12.619,5.3,26.84%,1.877
NBFC054,BaseFin 54 Ltd,Base Layer,Central,FY21Q4,31/03/2021,Infrastructure,191.03,5.006,2.253,24.75,1.382
NBFC031,MiddleFin 31 Ltd,Middle Layer,South,FY22Q2,2021-09-30,Retail (Vehicle),"19,470.29",6.164,2.589,27.02,1.699
NBFC040,MiddleFin 40 Ltd,Middle Layer,West,FY22Q2,2021-09-30,Retail (Personal/Unsecured),11184.7,9.845,4.135,23.13%,1.976
NBFC030,MiddleFin 30 Ltd,middle layer,West,FY25Q4,2025-03-31,Retail (Vehicle),33702.94,2.865,0.602,22.89,2.962
NBFC056,BaseFin 56 Ltd,Base Layer,South,FY25Q4,31/03/2025,Retail (Personal/Unsecured),2263.44,4.672,0.981,24.76,2.296
  NBFC013 ,UpperFin 13 Ltd,Upper Layer,East,FY22Q4,31-03-2022,GOLD LOAN,"4,291.92",1.907,0.744,26.39,1.864
NBFC034,MiddleFin 34 Ltd,Middle Layer,Central,FY21Q4,2021-03-31,Retail (Personal/Unsecured),11203.24,10.337%,4.652,23.49,1.252
NBFC012,UpperFin 12 Ltd,Upper Layer,North,FY22Q4,31/03/2022,Wholesale/Corporate,8851.71,6.19,2.414,25.7,1.232
NBFC006,UpperFin 06 Ltd,Upper Layer,South,FY23Q2,2022-09-30,Wholesale/Corporate,16906.92,-,1.922,27.67,2.456
NBFC037,MiddleFin 37 Ltd,Middle Layer,North,FY24Q2,30/09/2023,Wholesale/Corporate,14540.23,3.755,1.126,null,2.639
NBFC013,UpperFin 13 Ltd,upper layer,East,FY21Q4,31/03/2021,Retail (Personal/Unsecured),6428.81,9.413,null,25.65,1.623
NBFC034,MiddleFin 34 Ltd,Middle Layer,Central,FY22Q4,31/03/2022,Retail (Personal/Unsecured),12465.62,9.203,3.589,24.31,1.331
NBFC035,MiddleFin 35 Ltd,Middle Layer,West,FY21Q4,31-03-2021,Wholesale/Corporate,13776.7,6.174,2.778,22.76,1.685
NBFC018,MiddleFin 18 Ltd,Middle Layer,East,FY22Q2,30/09/2021,Retail (Personal/Unsecured),22091.51,10.429,4.38,25.62,1.704
NBFC003,UpperFin 03 Ltd,Upper Layer,East,FY23Q4,31/03/2023,  Infrastructure ,19786.3,3.314,1.094,25.56,2.69
NBFC005,UpperFin 05 Ltd,  Upper Layer ,West,FY22Q2,2021-09-30,Retail (Vehicle),14395.42,-5,2.642,24.41,1.504
NBFC018,MiddleFin 18 Ltd,Middle Layer,East,FY23Q4,31/03/2023,Retail (Housing),27208.48,1.945,0.642,27.88,2.569
NBFC051,BaseFin 51 Ltd,Base Layer,South,FY25Q4,31/03/2025,Microfinance,3331.32,5.739,1.205,24.57,2.77
NBFC032,MiddleFin 32 Ltd,Middle Layer,North,FY22Q4,2022-03-31,Retail (Gold),"9,612.74",1.84,null,28.43,1.653
NBFC046,BaseFin 46 Ltd,Base Layer,South,FY25Q2,2024-09-30,Retail (Housing),1805.56,1.681%,0.403,24.12,3.049
NBFC021,MiddleFin 21 Ltd,Middle Layer,South,FY25Q4,31-03-2025,Microfinance,17829.3,5.738,1.205,25.22,3.394
NBFC017,MiddleFin 17 Ltd,Middle  Layer,North,FY25Q4,31/03/2025,Retail (Personal/Unsecured),"43,488.46",4.828,N/A,23.27,2.677
NBFC015,UpperFin 15 Ltd,Upper Layer,West,FY24Q2,30-09-2023,Infrastructure,16989.63,2.951,5.9510000000000005,30.21,3.198
NBFC004,UpperFin 04 Ltd,Upper Layer,Central,FY22Q4,2022-03-31,Retail (Personal/Unsecured),6872.12,9.377,3.657,26.68,2.264
NBFC058,BaseFin 58 Ltd,Base Layer,East,FY21Q4,31-03-2021,Microfinance,"1,892.72",11.681,5.256,23.41,2.041
NBFC046,BaseFin 46 Ltd,Base Layer,South,FY22Q2,30-09-2021,Retail (Personal/Unsecured),"2,540.49",10.378,4.359,26.59,1.515
NBFC018,MiddleFin 18 Ltd,Middle Layer,East,FY24Q2,2023-09-30,Retail (Vehicle),33906.92,3.483%,1.045,26.57,2.524
NBFC003,UpperFin 03 Ltd,Upper Layer,East,FY23Q2,2022-09-30,Retail (Housing),-100,2.565,5.5649999999999995,25.8%,1.852
NBFC011,UpperFin 11 Ltd,Upper Layer,South,FY23Q2,2022-09-30,Wholesale/Corporate,9884.44,5.059%,1.821,27.99%,1.701
  NBFC051 ,BaseFin 51 Ltd,Base Layer,South,FY25Q2,30-09-2024,Infrastructure,313.07,2.643,0.634,26.55%,3.404
NBFC045,BaseFin 45 Ltd,Base Layer,West,FY21Q4,31-03-2021,Wholesale/Corporate,735.86,6.288,2.83,22.76,1.735
  NBFC051 ,BaseFin 51 Ltd,BASE LAYER,South,FY22Q2,2021-09-30,Wholesale/Corporate,587.34,6.831,2.869,28.56,1.458
NBFC031,MiddleFin 31 Ltd,Middle Layer,South,FY23Q4,31-03-2023,Retail (Vehicle),23980.12,3.842,1.268,25.79,2.404
NBFC046,BaseFin 46 Ltd,base layer,South,FY22Q2,30/09/2021,Retail (Housing),1129.1,3.188%,1.339,29.1,2.095
NBFC006,UpperFin 06 Ltd,Upper Layer,South,FY22Q2,30/09/2021,Wholesale/Corporate,14826.58,6.934%,2.912,25.14,1.187
NBFC030,MiddleFin 30 Ltd,Middle  Layer,West,FY25Q4,31/03/2025,Retail (Housing),-100,1.495,0.314,24.33,3.06
NBFC033,MiddleFin 33 Ltd,Middle Layer,East,FY22Q4,31-03-2022,Infrastructure,5265.17,4.649,1.813,27.44,1.62
NBFC012,UpperFin 12 Ltd,Upper Layer,North,FY25Q4,31/03/2025,  Retail (Personal/Unsecured) ,11914.56,5.022,1.055,23.69,3.035
  NBFC017 ,MiddleFin 17 Ltd,Middle Layer,North,FY21Q4,2021-03-31,Infrastructure,13827.18,4.899,2.205,25.24,1.694
NBFC031,MiddleFin 31 Ltd,Middle Layer,South,FY24Q4,2024-03-31,Infrastructure,14570.2,1.921,0.519,28.42%,3.599
NBFC019,MiddleFin 19 Ltd,  Middle Layer ,Central,FY23Q2,30/09/2022,Retail (Vehicle),"24,993.00",4.651,1.674,25.05,2.654
NBFC041,BaseFin 41 Ltd,Base Layer,South,FY25Q2,2024-09-30,Retail (Housing),"1,116.11",1.688,0.405,25.13,2.904
NBFC018,MiddleFin 18 Ltd,Middle Layer,East,FY25Q2,30/09/2024,msme,"40,373.42",4.066,0.976,23.32,3.07
NBFC006,UpperFin 06 Ltd,Upper Layer,South,FY22Q2,30/09/2021,Microfinance,"4,942.19",-,4.833,25.22,2.036
NBFC042,BaseFin 42 Ltd,Base Layer,North,FY23Q2,30-09-2022,Infrastructure,357.8,4.163,1.499,27.71,1.643
NBFC054,BaseFin 54 Ltd,Base Layer,Central,FY22Q2,30/09/2021,Infrastructure,201.77,-,2.102,27.92,2.064
NBFC037,MiddleFin 37 Ltd,middle layer,North,FY24Q2,2023-09-30,Retail (Personal/Unsecured),19957.18,5.613,1.684,24.73,3.485
  NBFC003 ,UpperFin 03 Ltd,Upper Layer,East,FY22Q2,30-09-2021,Wholesale/Corporate,"13,770.16",6.388,2.683,25.36,1.87
NBFC020,MiddleFin 20 Ltd,Middle Layer,West,FY22Q4,31-03-2022,Retail (Gold),19147.42,1.887,0.736,27.6,1.39
NBFC016,MiddleFin 16 Ltd,  Middle Layer ,South,FY21Q4,31-03-2021,Microfinance,14610.73,12.318,5.543,27.31,1.157
NBFC057,BaseFin 57 Ltd,Base Layer,North,FY22Q2,30-09-2021,MSME,2094.59,7.818,3.284,28.34,1.917
NBFC032,MiddleFin 32 Ltd,Middle Layer,North,FY25Q4,31-03-2025,Retail (Vehicle),24842.73,2.914,0.612,25.48,2.653
NBFC033,MiddleFin 33 Ltd,ML,East,FY23Q2,30-09-2022,Retail (Gold),7124.12,1.647,0.593,25.16,2.268
NBFC019,MiddleFin 19 Ltd,Middle Layer,Central,FY23Q2,30-09-2022,Wholesale/Corporate,15620.62,5.29,1.904,25.38,1.842
NBFC009,UpperFin 09 Ltd,UL,Central,FY24Q2,30-09-2023,MSME,18803.1,4.447,1.334,29.93,2.806
NBFC044,BaseFin 44 Ltd,Base Layer,Central,FY25Q4,31/03/2025,Infrastructure,521.07,2.58,0.542,25.05,2.634
NBFC008,UpperFin 08 Ltd,upper layer,East,FY24Q2,30-09-2023,housing,35816.72,1.874,0.562,27.09%,2.975
NBFC025,MiddleFin 25 Ltd,ML,West,FY24Q2,2023-09-30,housing,12294.68,1.886,0.566,24.92,3.33
NBFC026,MiddleFin 26 Ltd,Middle Layer,South,FY22Q2,30-09-2021,  Microfinance ,14866.62,-,5.226,27.25,2.091
NBFC044,BaseFin 44 Ltd,Base Layer,Central,FY22Q2,2021-09-30,Retail (Personal/Unsecured),2756.08,9.683,4.067,999,1.214
NBFC026,MiddleFin 26 Ltd,Middle Layer,South,FY23Q4,31/03/2023,Retail (Personal/Unsecured),21361.8,6.442,2.126,25.67,2.455
NBFC020,MiddleFin 20 Ltd,ML,West,FY22Q2,30-09-2021,Retail (Vehicle),"29,081.42",5.971,2.508,26.54,1.168
NBFC042,BaseFin 42 Ltd,Base Layer,North,FY22Q4,31/03/2022,Retail (Housing),"1,322.18",2.903,1.132,28.8%,2.04
NBFC029,MiddleFin 29 Ltd,Middle Layer,Central,FY25Q2,2024-09-30,Retail (Housing),30860.26,1.608,0.386,25.67,2.447
NBFC005,UpperFin 05 Ltd,Upper Layer,West,FY25Q4,31-03-2025,micro finance,4898.93,5.589,1.174,28.33,3.367
NBFC001,UpperFin 01 Ltd,Upper Layer,South,FY22Q4,2022-03-31,Retail (Gold),6396.9,1.801,0.702,26.74,2.258
NBFC027,MiddleFin 27 Ltd,Middle Layer,North,FY25Q2,30-09-2024,gold,18860.81,1.056,0.253,25.11,3.133
NBFC045,BaseFin 45 Ltd,Base Layer,West,FY22Q4,2022-03-31,Retail (Vehicle),"1,910.48",999,2.05,26.4%,1.302
NBFC034,MiddleFin 34 Ltd,Middle Layer,Central,FY22Q2,30-09-2021,Retail (Housing),-100,3.285%,NA,23.36,1.447
NBFC050,BaseFin 50 Ltd,Base Layer,West,FY24Q2,2023-09-30,MSME,"2,930.53",4.312,1.294,28.0,N/A
NBFC013,UpperFin 13 Ltd,  Upper Layer ,East,FY25Q2,2024-09-30,Retail (Housing),23888.38,1.591,0.382,28.49,2.538
NBFC034,MiddleFin 34 Ltd,Middle Layer,Central,FY25Q2,30/09/2024,Retail (Vehicle),21625.64,3.239,0.777,26.97,2.424
NBFC041,BaseFin 41 Ltd,BASE LAYER,South,FY22Q2,30-09-2021,Microfinance,1744.89,11.864,4.983,23.21,2.099
NBFC007,UpperFin 07 Ltd,Upper Layer,North,FY22Q2,30-09-2021,housing,"9,998.99",3.214,1.35,23.85,2.127
NBFC022,MiddleFin 22 Ltd,middle layer,North,FY24Q4,31/03/2024,MSME,19299.18,2.891%,0.781,26.54,3.636
NBFC026,MiddleFin 26 Ltd,Middle Layer,South,FY21Q4,31/03/2021,Retail (Vehicle),"18,767.04",5.664,2.549,26.45,1.484
NBFC057,BaseFin 57 Ltd,base layer,North,FY21Q4,31/03/2021,Infrastructure,283.3,250,2.354,22.48,1.12
NBFC039,MiddleFin 39 Ltd,Middle Layer,Central,FY24Q4,31/03/2024,Retail (Vehicle),39657.26,2.235,0.603,27.04,3.36
NBFC025,MiddleFin 25 Ltd,Middle  Layer,West,FY23Q4,31/03/2023,Microfinance,9664.47,7.099,2.343,28.75,3.081
NBFC033,MiddleFin 33 Ltd,Middle Layer,East,FY25Q4,2025-03-31,Retail (Vehicle),17008.84,2.79,0.586,26.86,3.147
NBFC030,MiddleFin 30 Ltd,Middle Layer,West,FY23Q2,30/09/2022,gold,14116.42,1.567,0.564,26.19,1.857
NBFC056,BaseFin 56 Ltd,Base Layer,South,FY21Q4,31-03-2021,Retail (Vehicle),979.54,5.866,2.64,25.73,1.583
NBFC015,UpperFin 15 Ltd,UL,West,FY23Q2,2022-09-30,msme,12364.87,5.857,2.109,26.83,2.596
NBFC055,BaseFin 55 Ltd,Base Layer,West,FY21Q4,2021-03-31,Retail (Vehicle),1239.92,6.141,2.763,25.46,1.937
NBFC035,MiddleFin 35 Ltd,Middle Layer,West,FY24Q2,2023-09-30,Wholesale/Corporate,19542.11,3.822,1.147,30.2,3.375
NBFC018,MiddleFin 18 Ltd,Middle Layer,East,FY23Q2,30/09/2022,Retail (Gold),17993.72,1.502,0.541,29.87,2.508
NBFC053,BaseFin 53 Ltd,Base Layer,East,FY23Q2,2022-09-30,Retail (Vehicle),1014.76,4.837,1.741,29.92%,1.769
NBFC038,MiddleFin 38 Ltd,Middle Layer,East,FY24Q4,2024-03-31,Retail (Personal/Unsecured),12884.42,3.957,1.068,25.9,3.217
NBFC004,UpperFin 04 Ltd,upper layer,Central,FY22Q4,2022-03-31,Retail (Vehicle),13744.25,5.507,2.148,25.21,1.621
NBFC047,BaseFin 47 Ltd,Base Layer,North,FY23Q4,31-03-2023,Retail (Vehicle),1159.21,null,1.264,26.71,2.526
NBFC006,UpperFin 06 Ltd,Upper Layer,South,FY23Q2,30-09-2022,Retail (Personal/Unsecured),14089.1,7.639,2.75,29.04,2.326
NBFC049,BaseFin 49 Ltd,Base Layer,Central,FY25Q2,2024-09-30,Infrastructure,366.33,2.687,0.645,25.22,3.425
NBFC043,BaseFin 43 Ltd,Base Layer,East,FY25Q4,31/03/2025,Retail (Housing),1562.32,1.571,0.33,22.73%,2.923
NBFC044,BaseFin 44 Ltd,Base Layer,Central,FY24Q4,31/03/2024,Retail (Vehicle),3208.26,2.278,0.615,29.33,3.237
NBFC012,UpperFin 12 Ltd,Upper Layer,North,FY23Q4,31-03-2023,Wholesale/Corporate,10348.83,3.895,1.285,26.96,3.474
NBFC055,BaseFin 55 Ltd,Base Layer,West,FY22Q4,31-03-2022,MSME,1379.64,6.78,2.644,null,1.689
NBFC056,BaseFin 56 Ltd,base layer,South,FY23Q2,30/09/2022,Retail (Housing),674.16,2.543,0.915,25.18,2.491
NBFC012,UpperFin 12 Ltd,Upper Layer,North,FY22Q4,2022-03-31,Retail (Gold),4425.86,1.755,0.684,29.36,1.65
NBFC048,BaseFin 48 Ltd,Base Layer,East,FY21Q4,31/03/2021,Retail (Vehicle),1568.51,5.886%,2.649,23.8,1.53
NBFC015,UpperFin 15 Ltd,Upper Layer,West,FY22Q2,30/09/2021,Retail (Vehicle),18072.36,6.175,2.593,23.54,1.222
  NBFC042 ,BaseFin 42 Ltd,BASE LAYER,North,FY24Q4,31-03-2024,Wholesale/Corporate,"1,408.84",2.416,0.652,28.06,3.151
NBFC051,BaseFin 51 Ltd,Base Layer,South,FY25Q2,30/09/2024,  Retail (Personal/Unsecured) ,2817.67,5.329,1.279,24.68,2.709
NBFC041,BaseFin 41 Ltd,Base Layer,South,FY22Q4,31-03-2022,Retail (Personal/Unsecured),1654.34,9.152,3.569,29.68,1.137
NBFC011,UpperFin 11 Ltd,Upper Layer,South,FY22Q4,31-03-2022,Retail (Vehicle),15219.2,5.659,2.207,26.0,1.441
NBFC017,MiddleFin 17 Ltd,Middle Layer,North,FY25Q4,31-03-2025,housing,43488.46,1.479,0.311,24.73,3.075
NBFC003,UpperFin 03 Ltd,Upper Layer,East,FY24Q2,30-09-2023,Microfinance,6164.37,7.191,2.157,26.05,3.52
NBFC047,BaseFin 47 Ltd,Base Layer,North,FY21Q4,31-03-2021,Retail (Housing),509.2,3.105,1.397,23.87,1.132
NBFC043,BaseFin 43 Ltd,Base Layer,East,FY25Q2,2024-09-30,Retail (Personal/Unsecured),3303.58,5.499,1.32,28.21,2.675
NBFC036,MiddleFin 36 Ltd,Middle Layer,South,FY21Q4,31/03/2021,Retail (Personal/Unsecured),11335.99,9.811,4.415,25.42,1.926
NBFC049,BaseFin 49 Ltd,Base Layer,Central,FY22Q2,2021-09-30,Wholesale/Corporate,687.25,6.465,2.715,23.49,1.495
NBFC001,UpperFin 01 Ltd,Upper Layer,South,FY25Q4,31/03/2025,  Microfinance ,6888.27,5.656,1.188,25.49,2.941
NBFC045,BaseFin 45 Ltd,Base Layer,West,FY21Q4,31-03-2021,Retail (Gold),2207.58,-,0.879,22.85,1.059
NBFC034,MiddleFin 34 Ltd,ML,Central,FY24Q4,31-03-2024,Retail (Housing),17710.13,1.179,0.318,25.48%,3.084
NBFC032,MiddleFin 32 Ltd,ML,North,FY25Q2,2024-09-30,M.S.M.E,23346.97,3.847,0.923,28.95,3.282
NBFC040,MiddleFin 40 Ltd,Middle Layer,West,FY21Q4,31-03-2021,Retail (Gold),7563.82,1.918,0.863,24.56,1.899
NBFC026,MiddleFin 26 Ltd,middle layer,South,FY22Q4,2022-03-31,Infrastructure,10440.85,4.887,1.906,28.44,1.123
NBFC028,MiddleFin 28 Ltd,Middle Layer,East,FY23Q2,30-09-2022,MSME,"31,562.93",5.702%,2.053,28.96,2.225
NBFC015,UpperFin 15 Ltd,Upper Layer,West,FY25Q2,2024-09-30,Infrastructure,20229.77,2.566,0.616,27.24,2.705
NBFC026,MiddleFin 26 Ltd,Middle Layer,South,FY24Q2,30/09/2023,Retail (Housing),"23,293.24",1.766,0.53,29.88,2.9
NBFC051,BaseFin 51 Ltd,Base Layer,South,FY25Q4,31-03-2025,Retail (Housing),1332.53,1.462,0.307,25.75,3.189
NBFC021,MiddleFin 21 Ltd,Middle  Layer,South,FY25Q2,30-09-2024,Retail (Gold),13963.17,1.093,0.262,23.37,3.31
NBFC005,UpperFin 05 Ltd,Upper Layer,West,FY25Q2,2024-09-30,Infrastructure,16113.89,2.745,0.659,25.84,2.878
NBFC058,BaseFin 58 Ltd,Base Layer,East,FY21Q4,31-03-2021,Retail (Gold),1703.45,1.921,0.864,23.32,1.063
NBFC044,BaseFin 44 Ltd,Base Layer,Central,FY22Q4,31-03-2022,Infrastructure,322.6,4.828,1.883,28.68,2.096
NBFC006,UpperFin 06 Ltd,  Upper Layer ,South,FY23Q4,2023-03-31,Infrastructure,21304.26,3.039,1.003,29.02,2.826
NBFC047,BaseFin 47 Ltd,base layer,North,FY21Q4,2021-03-31,Wholesale/Corporate,381.9,6.178,2.78,22.84,2.081
NBFC053,BaseFin 53 Ltd,Base Layer,East,FY23Q2,30-09-2022,Retail (Housing),579.86,2.58,0.929,27.55,1.548
NBFC051,BaseFin 51 Ltd,Base Layer,South,FY22Q2,30/09/2021,Retail (Personal/Unsecured),"1,762.02",10.511,4.415,23.54,1.731
NBFC027,MiddleFin 27 Ltd,Middle Layer,North,FY22Q2,2021-09-30,Retail (Personal/Unsecured),"16,512.40",10.222,4.293,28.33,1.954
NBFC034,MiddleFin 34 Ltd,Middle Layer,Central,FY25Q2,30/09/2024,Microfinance,"16,219.23",6.384,1.532,25.12,2.694
NBFC047,BaseFin 47 Ltd,Base Layer,North,FY24Q4,2024-03-31,GOLD LOAN,"1,811.13",0.796,0.215,25.23,3.06
NBFC015,UpperFin 15 Ltd,Upper Layer,West,FY23Q4,2023-03-31,Microfinance,4451.68,-,2.327,24.61,2.489
NBFC053,BaseFin 53 Ltd,Base Layer,East,FY22Q2,30/09/2021,Retail (Gold),1144.15,2.02,0.848,27.64,1.936
NBFC040,MiddleFin 40 Ltd,Middle Layer,West,FY21Q4,31-03-2021,MSME,12102.11,7.326,3.297,22.57,1.876
NBFC037,MiddleFin 37 Ltd,Middle Layer,North,FY23Q4,31-03-2023,Retail (Vehicle),20916.98,3.771,1.244,27.84,3.0
NBFC018,MiddleFin 18 Ltd,  Middle Layer ,East,FY25Q2,30-09-2024,Retail (Vehicle),40373.42,3.118,0.748,25.9,2.503
NBFC037,MiddleFin 37 Ltd,Middle Layer,North,FY25Q2,2024-09-30,Retail (Housing),23763.28,1.621,0.389,28.96,3.5
NBFC049,BaseFin 49 Ltd,Base Layer,Central,FY25Q2,30/09/2024,MSME,2564.31,3.767,0.904,24.63,3.067
NBFC032,MiddleFin 32 Ltd,Middle Layer,North,FY25Q2,30/09/2024,Retail (Housing),20428.59,1.667,0.4,27.71,3.528
NBFC009,UpperFin 09 Ltd,Upper Layer,Central,FY22Q2,30-09-2021,Retail (Gold),7000.49,1.972,4.9719999999999995,23.46,1.02
NBFC012,UpperFin 12 Ltd,UPPER LAYER,North,FY24Q2,30/09/2023,Retail (Personal/Unsecured),9591.85,5.913,1.774,30.15%,2.632
  NBFC041 ,BaseFin 41 Ltd,BASE LAYER,South,FY24Q4,31-03-2024,Wholesale/Corporate,783.45,2.505,0.676,24.33,2.969
NBFC060,BaseFin 60 Ltd,Base Layer,West,FY25Q4,31-03-2025,Retail (Gold),3794.42,0.993,0.209,26.1,2.632
NBFC010,UpperFin 10 Ltd,Upper Layer,West,FY23Q4,31-03-2023,  MSME ,"12,868.27",4.749,1.567,28.84,3.229
NBFC001,UpperFin 01 Ltd,UPPER LAYER,South,FY25Q4,31/03/2025,Retail (Gold),10332.41,0.973,0.204,24.28,2.319
NBFC044,BaseFin 44 Ltd,Base Layer,Central,FY24Q4,31-03-2024,Wholesale/Corporate,1374.97,2.603%,0.703,25.24,3.266
NBFC016,MiddleFin 16 Ltd,Middle Layer,South,FY21Q4,31-03-2021,M.S.M.E,19480.97,6.989,3.145,26.28,2.048
NBFC039,MiddleFin 39 Ltd,Middle Layer,Central,FY24Q4,31-03-2024,Wholesale/Corporate,24299.8,2.567,0.693,28.39,3.634
NBFC040,MiddleFin 40 Ltd,Middle Layer,West,FY25Q4,2025-03-31,Microfinance,16312.65,5.699,1.197,28.21,2.41
NBFC011,UpperFin 11 Ltd,Upper Layer,South,FY24Q4,2024-03-31,Wholesale/Corporate,12973.33,2.538,0.685,28.09,2.992
NBFC025,MiddleFin 25 Ltd,Middle Layer,West,FY22Q4,31/03/2022,MSME,11021.81,6.987,2.725,28.63,1.715
NBFC023,MiddleFin 23 Ltd,Middle Layer,East,FY25Q4,31/03/2025,Microfinance,27730.41,5.503,1.156,27.88,2.806
NBFC027,MiddleFin 27 Ltd,Middle Layer,North,FY24Q4,2024-03-31,Infrastructure,14121.97,2.058,0.556,27.6%,3.898
NBFC021,MiddleFin 21 Ltd,Middle Layer,South,FY24Q2,30-09-2023,MSME,18762.77,4.341,1.302,25.19,3.064
NBFC001,UpperFin 01 Ltd,Upper Layer,South,FY25Q4,31/03/2025,Infrastructure,24108.96,2.591,0.544,25.16,3.37
NBFC025,MiddleFin 25 Ltd,Middle Layer,West,FY22Q4,31-03-2022,Infrastructure,5510.91,4.611,1.798,null,1.886
NBFC006,UpperFin 06 Ltd,Upper Layer,South,FY25Q2,30/09/2024,Retail (Personal/Unsecured),"19,757.76",5.446,1.307,23.78,2.905
NBFC059,BaseFin 59 Ltd,Base Layer,Central,FY23Q4,2023-03-31,Wholesale/Corporate,1242.02,4.19,1.383,27.12,3.479
NBFC004,UpperFin 04 Ltd,Upper Layer,Central,FY22Q2,2021-09-30,Retail (Personal/Unsecured),6523.43,10.177,4.274,24.05,1.608
NBFC013,UpperFin 13 Ltd,Upper Layer,East,FY23Q2,2022-09-30,Infrastructure,10840.21,3.913,6.913,28.64,2.437
NBFC031,MiddleFin 31 Ltd,Middle Layer,South,FY21Q4,2021-03-31,MFI,13825.43,12.089,5.44,22.15,
NBFC027,MiddleFin 27 Ltd,Middle Layer,North,FY22Q4,31/03/2022,Retail (Vehicle),19880.03,5.729,2.234,24.42,1.235
NBFC050,BaseFin 50 Ltd,Base Layer,West,FY24Q4,2024-03-31,  MSME ,3265.87,2.814,0.76,28.29,3.165
NBFC039,MiddleFin 39 Ltd,Middle Layer,Central,FY25Q4,31-03-2025,Retail (Personal/Unsecured),38677.18,4.791,1.006,23.58,2.826
NBFC058,BaseFin 58 Ltd,Base Layer,East,FY24Q2,30-09-2023,Wholesale/Corporate,805.44,3.92,1.176,26.34,3.253
NBFC030,MiddleFin 30 Ltd,  Middle Layer ,West,FY24Q2,2023-09-30,Infrastructure,13300.31,3.062,0.919,28.0,NA
NBFC038,MiddleFin 38 Ltd,middle layer,East,FY21Q4,31/03/2021,Microfinance,6986.18,11.55,5.198,26.26,N/A
  NBFC024 ,MiddleFin 24 Ltd,Middle Layer,Central,FY25Q2,30-09-2024,MSME,"16,988.82",3.938,0.945,27.11,3.125
NBFC009,UpperFin 09 Ltd,UL,Central,FY23Q4,2023-03-31,Retail (Personal/Unsecured),14369.98,6.061,2.0,29.52%,2.429
NBFC002,UpperFin 02 Ltd,UPPER LAYER,North,FY25Q4,31-03-2025,Retail (Housing),47048.59,1.568,0.329,25.54,2.644
NBFC058,BaseFin 58 Ltd,Base Layer,East,FY25Q4,31/03/2025,msme,2381.15,3.503,0.736,22.84,3.344
NBFC014,UpperFin 14 Ltd,Upper Layer,Central,FY23Q2,30-09-2022,  Retail (Personal/Unsecured) ,9694.03,7.801,2.808,29.57,2.0
NBFC012,UpperFin 12 Ltd,Upper Layer,North,FY24Q4,31-03-2024,MFI,4191.93,4.524%,1.221,26.23,2.939
NBFC034,MiddleFin 34 Ltd,Middle Layer,Central,FY23Q2,30-09-2022,Retail (Gold),9638.17,1.604%,0.577,25.75,2.062
NBFC049,BaseFin 49 Ltd,Base Layer,Central,FY25Q2,30-09-2024,Retail (Vehicle),2564.31,3.098,0.744,28.79,2.754
NBFC023,MiddleFin 23 Ltd,Middle Layer,East,FY22Q4,31-03-2022,Microfinance,17168.17,10.459,4.079,999,2.21
NBFC011,UpperFin 11 Ltd,Upper Layer,South,FY23Q2,30-09-2022,Retail (Housing),18121.47,2.532,0.912,26.94,2.295
NBFC049,BaseFin 49 Ltd,Base Layer,Central,FY22Q4,31/03/2022,Retail (Vehicle),1689.3,5.7,2.223,28.72%,1.419
NBFC006,UpperFin 06 Ltd,Upper Layer,South,FY25Q4,31/03/2025,Wholesale/Corporate,25228.29,3.157,0.663,22.81,2.975
NBFC012,UpperFin 12 Ltd,Upper Layer,North,FY23Q2,30-09-2022,Retail (Gold),"4,790.78",1.547,0.557,30.03,1.584
NBFC013,UpperFin 13 Ltd,upper layer,East,FY23Q2,30-09-2022,Retail (Gold),4645.8,1.531,0.551,24.47,1.681
NBFC040,MiddleFin 40 Ltd,Middle Layer,West,FY24Q2,30/09/2023,Retail (Vehicle),17166.72,3.514%,1.054,27.63,2.99
NBFC008,UpperFin 08 Ltd,Upper Layer,East,FY24Q4,31/03/2024,Microfinance,7115.0,4.49,1.212,24.0,3.554
NBFC016,MiddleFin 16 Ltd,Middle Layer,South,FY24Q2,30/09/2023,Retail (Vehicle),"27,633.56",3.503,1.051,29.02,3.172
NBFC050,BaseFin 50 Ltd,Base Layer,West,FY21Q4,31-03-2021,Microfinance,2951.36,11.896,5.353,26.24%,1.39
NBFC057,BaseFin 57 Ltd,Base Layer,North,FY22Q2,30/09/2021,Retail (Vehicle),2094.59,5.776,2.426,24.71,1.777
NBFC006,UpperFin 06 Ltd,Upper Layer,South,FY25Q2,30/09/2024,Microfinance,7903.1,6.453,1.549,28.92,2.609
NBFC036,MiddleFin 36 Ltd,Middle Layer,South,FY21Q4,31/03/2021,Retail (Housing),"11,335.99",3.039,1.368,26.05,1.823
NBFC039,MiddleFin 39 Ltd,Middle Layer,Central,FY25Q2,2024-09-30,Retail (Gold),25963.18,null,0.24,25.98,2.844
NBFC033,MiddleFin 33 Ltd,Middle Layer,East,FY22Q2,30-09-2021,Retail (Vehicle),9996.03,6.011,2.525,,1.443
NBFC001,UpperFin 01 Ltd,Upper Layer,South,FY24Q4,31/03/2024,M.S.M.E,18176.39,2.807,0.758,26.65,2.727
NBFC043,BaseFin 43 Ltd,Base Layer,East,FY21Q4,31-03-2021,Retail (Personal/Unsecured),1955.92,9.951,4.478,22.36,1.82
NBFC058,BaseFin 58 Ltd,Base Layer,East,FY21Q4,31-03-2021,MSME,1324.9,7.422,3.34,27.84,2.094
NBFC053,BaseFin 53 Ltd,BL,East,FY22Q2,2021-09-30,Retail (Housing),508.51,3.312,1.391,27.2,1.122
NBFC044,BaseFin 44 Ltd,Base Layer,Central,FY24Q2,30/09/2023,Infrastructure,411.26,2.987,0.896,26.71,2.555
NBFC023,MiddleFin 23 Ltd,Middle Layer,East,FY21Q4,2021-03-31,Retail (Gold),12857.98,1.984,0.893,24.94,null
NBFC012,UpperFin 12 Ltd,Upper Layer,North,FY24Q4,31/03/2024,Retail (Housing),23055.62,1.208,0.326,26.35,3.563
NBFC031,MiddleFin 31 Ltd,Middle Layer,South,FY23Q4,31/03/2023,Microfinance,18344.79,7.765,2.562,29.5,2.893
NBFC059,BaseFin 59 Ltd,Base Layer,Central,FY25Q2,2024-09-30,Wholesale/Corporate,1612.6,3.36%,0.806,27.23,3.156
NBFC014,UpperFin 14 Ltd,Upper Layer,Central,FY22Q4,31-03-2022,Retail (Personal/Unsecured),8955.62,8.692,3.39,26.84,1.905
NBFC041,BaseFin 41 Ltd,Base Layer,South,FY22Q2,30/09/2021,gold,"1,570.40",2.053,0.862,24.13,1.8
NBFC043,BaseFin 43 Ltd,Base Layer,East,FY22Q2,30-09-2021,Retail (Personal/Unsecured),2065.89,10.523,4.42,null,1.939
  NBFC018 ,MiddleFin 18 Ltd,Middle Layer,East,FY23Q4,2023-03-31,M.S.M.E,31095.4,4.57,1.508,30.43,3.181
NBFC020,MiddleFin 20 Ltd,Middle Layer,West,FY25Q4,31-03-2025,Retail (Personal/Unsecured),43298.28,4.686,0.984,27.31,2.296
NBFC026,MiddleFin 26 Ltd,Middle Layer,South,FY21Q4,31-03-2021,Infrastructure,"9,383.52",5.275,2.374,22.12,1.222
NBFC012,UpperFin 12 Ltd,Upper Layer,North,FY22Q4,2022-03-31,Retail (Personal/Unsecured),"7,376.43",9.107,3.552,28.18,1.281
NBFC041,BaseFin 41 Ltd,Base Layer,South,FY23Q2,30-09-2022,M.S.M.E,"1,392.80",6.128,2.206,29.95,2.203
  NBFC004 ,UpperFin 04 Ltd,Upper Layer,Central,FY25Q2,30-09-2024,Microfinance,4172.67,6.565,1.576,25.64,2.938
NBFC058,BaseFin 58 Ltd,Base Layer,East,FY22Q2,2021-09-30,Retail (Personal/Unsecured),1799.22,9.76,4.099,28.05,1.875
NBFC009,UpperFin 09 Ltd,Upper Layer,Central,FY21Q4,31/03/2021,MSME,13255.72,7.209,3.244,25.42,1.331
NBFC036,MiddleFin 36 Ltd,  Middle Layer ,South,FY24Q4,31-03-2024,Retail (Housing),17919.99,1.156,0.312,25.42,3.79
NBFC052,BaseFin 52 Ltd,Base Layer,North,FY24Q2,30-09-2023,Retail (Personal/Unsecured),"3,017.32",5.935,1.78,28.48,2.92
NBFC015,UpperFin 15 Ltd,Upper Layer,West,FY23Q2,30/09/2022,Retail (Personal/Unsecured),10304.06,7.637,2.749,26.54,2.256
NBFC012,UpperFin 12 Ltd,Upper Layer,North,FY22Q2,30-09-2021,Retail (Personal/Unsecured),7002.15,10.408,4.371,28.48,1.388
NBFC015,UpperFin 15 Ltd,Upper Layer,West,FY21Q4,2021-03-31,Infrastructure,11977.26,5.185%,2.333,22.23,0.978
NBFC006,UpperFin 06 Ltd,Upper Layer,South,FY24Q4,31/03/2024,Wholesale/Corporate,22190.33,2.555,0.69,27.83,2.929
NBFC036,MiddleFin 36 Ltd,Middle Layer,South,FY23Q2,30/09/2022,Infrastructure,7801.9,3.927,1.414,26.52,2.107
NBFC050,BaseFin 50 Ltd,Base Layer,West,FY22Q2,30-09-2021,Microfinance,3179.64,12.663,5.318,28.19,1.023
  NBFC007 ,UpperFin 07 Ltd,UL,North,FY25Q2,2024-09-30,Microfinance,2907.18,6.322,1.517,24.19%,3.018
NBFC048,BaseFin 48 Ltd,Base Layer,East,FY22Q2,2021-09-30,Retail (Gold),2130.03,1.96%,0.823,24.31,1.981
NBFC039,MiddleFin 39 Ltd,Middle Layer,Central,FY23Q4,2023-03-31,Retail (Vehicle),31994.73,3.794,1.252,27.63,2.391
NBFC025,MiddleFin 25 Ltd,Middle Layer,West,FY23Q2,2022-09-30,Retail (Vehicle),11930.59,4.626,1.665,29.87,2.477
  NBFC038 ,MiddleFin 38 Ltd,Middle Layer,East,FY21Q4,2021-03-31,Retail (Vehicle),9314.91,6.127,2.757,23.17,2.097
NBFC035,MiddleFin 35 Ltd,Middle Layer,West,FY21Q4,2021-03-31,Microfinance,16532.04,12.145,N/A,27.09,1.161
NBFC001,UpperFin 01 Ltd,UL,South,FY23Q4,2023-03-31,MSME,"14,957.65",4.363,1.44,28.71,3.221
NBFC038,MiddleFin 38 Ltd,Middle Layer,East,FY24Q4,31-03-2024,Retail (Vehicle),14725.05,2.421,0.654,NA,3.381
NBFC006,UpperFin 06 Ltd,Upper Layer,South,FY22Q4,31/03/2022,Retail (Vehicle),26031.81,5.583,2.177,24.1,1.516
NBFC010,UpperFin 10 Ltd,  Upper Layer ,West,FY24Q4,31-03-2024,Retail (Housing),"28,668.56",1.224,0.33,28.04,2.733
NBFC007,UpperFin 07 Ltd,  Upper Layer ,North,FY24Q2,30/09/2023,retail (housing),13428.49,1.928,0.578,27.91,3.409
NBFC060,BaseFin 60 Ltd,BL,West,FY23Q2,30/09/2022,Infrastructure,282.54,4.061,1.462,25.33,2.042
NBFC027,MiddleFin 27 Ltd,Middle Layer,North,FY25Q4,31-03-2025,Microfinance,24082.99,5.739,1.205,28.61,3.01
NBFC039,MiddleFin 39 Ltd,Middle Layer,Central,FY23Q2,30-09-2022,Retail (Gold),"18,514.13",1.542,0.555,25.68,2.19
NBFC025,MiddleFin 25 Ltd,Middle Layer,West,FY21Q4,31-03-2021,Retail (Housing),8667.44,3.019,1.359,27.68,1.7
NBFC059,BaseFin 59 Ltd,Base Layer,Central,FY24Q4,31-03-2024,Retail (Housing),2012.38,1.237,0.334,26.02,3.85
NBFC002,UpperFin 02 Ltd,Upper Layer,North,FY22Q2,30-09-2021,Wholesale/Corporate,15081.97,6.467,2.716,999,null
NBFC016,MiddleFin 16 Ltd,  Middle Layer ,South,FY22Q2,30/09/2021,Retail (Personal/Unsecured),"18,004.21",9.62,4.04,26.91,1.592
NBFC003,UpperFin 03 Ltd,Upper Layer,East,FY24Q4,31-03-2024,Retail (Vehicle),34348.73,N/A,0.655,26.41,3.233
NBFC043,BaseFin 43 Ltd,Base Layer,East,FY24Q2,2023-09-30,gold,2774.45,1.166,0.35,29.03%,3.442
NBFC056,BaseFin 56 Ltd,Base Layer,South,FY25Q2,30-09-2024,Wholesale/Corporate,709.05,NA,0.801,N/A,3.098
NBFC037,MiddleFin 37 Ltd,Middle Layer,North,FY22Q4,31-03-2022,Wholesale/Corporate,11181.88,6.047%,2.358,26.58,1.79
NBFC049,BaseFin 49 Ltd,Base Layer,Central,FY25Q2,30/09/2024,Microfinance,3663.31,6.199,1.488,24.87,3.123
NBFC041,BaseFin 41 Ltd,Base Layer,South,FY23Q4,31-03-2023,Infrastructure,214.9,3.029,1.0,30.48,3.026
NBFC040,MiddleFin 40 Ltd,Middle Layer,West,FY24Q2,30-09-2023,Retail (Gold),10729.2,1.172,0.352,25.91,2.661
NBFC058,BaseFin 58 Ltd,Base Layer,East,FY23Q2,30/09/2022,Microfinance,2279.64,9.324,3.357,25.67,1.672
NBFC059,BaseFin 59 Ltd,Base Layer,Central,FY25Q4,31-03-2025,Retail (Housing),2287.88,1.572,0.33,,2.467
NBFC003,UpperFin 03 Ltd,Upper Layer,East,FY22Q4,2022-03-31,Retail (Housing),26594.71,2.801,1.092,26.76,2.006
NBFC043,BaseFin 43 Ltd,BASE LAYER,East,FY23Q4,31-03-2023,Wholesale/Corporate,848.13,3.86,1.274,27.13,3.234
NBFC041,BaseFin 41 Ltd,Base Layer,South,FY24Q2,2023-09-30,Microfinance,2343.36,7.216,2.165,30.27,3.653
NBFC019,MiddleFin 19 Ltd,  Middle Layer ,Central,FY23Q2,2022-09-30,Retail (Housing),21868.87,999,0.905,27.43,1.623
NBFC028,MiddleFin 28 Ltd,Middle Layer,East,FY25Q4,2025-03-31,MSME,47097.81,3.729,0.783,26.57,2.869
NBFC023,MiddleFin 23 Ltd,Middle Layer,East,FY25Q2,30/09/2024,MSME,"34,747.70",null,0.916,25.27,3.157
NBFC022,MiddleFin 22 Ltd,Middle Layer,North,FY23Q2,2022-09-30,Retail (Vehicle),14704.14,4.95,1.782,27.04,1.618
NBFC017,MiddleFin 17 Ltd,Middle Layer,North,FY24Q2,2023-09-30,Infrastructure,19613.72,2.979,0.894,26.81,3.211
NBFC031,MiddleFin 31 Ltd,middle layer,South,FY23Q2,2022-09-30,Retail (Personal/Unsecured),19426.93,8.219,2.959,25.86,2.341
NBFC035,MiddleFin 35 Ltd,Middle  Layer,West,FY22Q2,30-09-2021,Retail (Gold),14551.25,1.987,0.835,24.09,-
NBFC045,BaseFin 45 Ltd,base layer,West,FY24Q4,31/03/2024,Wholesale/Corporate,1163.25,2.485,0.671,29.28,3.699
NBFC045,BaseFin 45 Ltd,base layer,West,FY22Q2,30/09/2021,microfinance,2590.78,12.284,5.159,26.91,1.347
NBFC029,MiddleFin 29 Ltd,Middle Layer,Central,FY23Q4,2023-03-31,Retail (Personal/Unsecured),"23,768.42",6.16,2.033,26.63,2.408
NBFC027,MiddleFin 27 Ltd,  Middle Layer ,North,FY21Q4,31/03/2021,M.S.M.E,"17,866.81",7.602%,3.421,23.48,0.997
NBFC002,UpperFin 02 Ltd,Upper Layer,North,FY22Q4,31/03/2022,Retail (Personal/Unsecured),13240.11,-,3.681,26.32,1.881
NBFC009,UpperFin 09 Ltd,Upper Layer,Central,FY22Q2,30-09-2021,Retail (Housing),25668.47,3.062,1.286,27.62,1.842
NBFC005,UpperFin 05 Ltd,upper layer,West,FY22Q2,30/09/2021,Retail (Personal/Unsecured),7197.71,9.606,4.035,27.27,2.17
NBFC046,BaseFin 46 Ltd,Base Layer,South,FY21Q4,31/03/2021,Retail (Housing),1069.0,3.181,1.431,26.9,1.236
NBFC022,MiddleFin 22 Ltd,Middle Layer,North,FY24Q2,2023-09-30,Retail (Vehicle),17317.57,3.357,1.007,29.06,3.191
NBFC022,MiddleFin 22 Ltd,Middle Layer,North,FY24Q2,30-09-2023,Retail (Personal/Unsecured),15152.87,6.027,1.808,27.74,2.632
NBFC020,MiddleFin 20 Ltd,middle layer,West,FY24Q4,2024-03-31,Retail (Housing),38084.35,1.178,null,27.42,null
NBFC049,BaseFin 49 Ltd,Base Layer,Central,FY23Q4,2023-03-31,Wholesale/Corporate,846.44,4.139,1.366,29.16,2.691
NBFC033,MiddleFin 33 Ltd,Middle Layer,East,FY25Q2,30/09/2024,Retail (Gold),9990.47,1.07,0.257,28.03,2.408
NBFC026,MiddleFin 26 Ltd,Middle  Layer,South,FY25Q4,2025-03-31,gold,21080.36,0.983,0.206,28.48,3.21
NBFC039,MiddleFin 39 Ltd,Middle Layer,Central,FY25Q4,31-03-2025,Infrastructure,22101.24,2.481,0.521,24.74,2.413
NBFC024,MiddleFin 24 Ltd,Middle Layer,Central,FY23Q4,31-03-2023,Wholesale/Corporate,8177.94,4.256,1.404,25.13%,2.472
NBFC012,UpperFin 12 Ltd,Upper Layer,North,FY25Q2,2024-09-30,Microfinance,4478.88,6.107,1.466,24.26,3.123
NBFC034,MiddleFin 34 Ltd,Middle Layer,Central,FY21Q4,2021-03-31,MFI,9602.78,11.374,5.118,23.64,1.665
NBFC035,MiddleFin 35 Ltd,ML,West,FY23Q2,30/09/2022,Retail (Personal/Unsecured),23230.15,8.19,2.948,27.8,1.696
NBFC015,UpperFin 15 Ltd,UPPER LAYER,West,FY25Q4,31-03-2025,Retail (Housing),33826.3,1.545,0.324,24.2,3.23
NBFC051,BaseFin 51 Ltd,Base Layer,South,FY23Q4,31/03/2023,MSME,1687.9,4.807,1.586,27.09,2.486
NBFC024,MiddleFin 24 Ltd,  Middle Layer ,Central,FY22Q4,31-03-2022,Wholesale/Corporate,"6,994.87",5.713,2.228,24.81,1.523
NBFC051,BaseFin 51 Ltd,Base Layer,South,FY25Q4,31/03/2025,Infrastructure,333.13,2.559,0.537,999,3.173
NBFC055,BaseFin 55 Ltd,  Base Layer ,West,FY23Q2,2022-09-30,Retail (Personal/Unsecured),1920.07,999,2.943,27.23,2.539
NBFC029,MiddleFin 29 Ltd,Middle Layer,Central,FY21Q4,31/03/2021,Retail (Personal/Unsecured),18271.17,9.891,4.451,24.17,1.719
NBFC047,BaseFin 47 Ltd,base layer,North,FY23Q2,30-09-2022,Microfinance,1533.23,9.837,3.541,25.73,2.381
NBFC021,MiddleFin 21 Ltd,Middle Layer,South,FY22Q2,30-09-2021,Retail (Personal/Unsecured),12224.58,10.364,4.353,25.86%,null
NBFC016,MiddleFin 16 Ltd,Middle Layer,South,FY25Q4,31/03/2025,retail (housing),30635.22,1.467,0.308,28.46,2.497
NBFC060,BaseFin 60 Ltd,Base Layer,West,FY25Q2,30-09-2024,Wholesale/Corporate,1188.65,3.431,0.823,27.76,3.493
NBFC057,BaseFin 57 Ltd,BL,North,FY25Q4,31-03-2025,Retail (Personal/Unsecured),4582.36,4.604,0.967,22.82,3.018
NBFC029,MiddleFin 29 Ltd,Middle Layer,Central,FY23Q2,30/09/2022,Wholesale/Corporate,15718.72,5.419,1.951,29.98,1.557
NBFC026,MiddleFin 26 Ltd,Middle Layer,South,FY24Q2,30/09/2023,Retail (Gold),16638.03,1.118,0.335,24.85,3.36
NBFC036,MiddleFin 36 Ltd,Middle Layer,South,FY23Q4,31-03-2023,Retail (Housing),14746.66,1.855,0.612,28.42,3.106
NBFC050,BaseFin 50 Ltd,BASE LAYER,West,FY22Q4,31-03-2022,Retail (Gold),2955.53,1.85,0.721,23.86,2.238
NBFC049,BaseFin 49 Ltd,BL,Central,FY23Q2,2022-09-30,Infrastructure,261.23,4.089,1.472,30.12,2.555
NBFC007,UpperFin 07 Ltd,Upper Layer,North,FY22Q4,31/03/2022,Retail (Gold),2872.76,1.822,0.711,24.51,1.787
NBFC023,MiddleFin 23 Ltd,Middle Layer,East,FY23Q2,30/09/2022,  MSME ,24778.3,6.002,2.161,25.27,2.033
NBFC019,MiddleFin 19 Ltd,Middle Layer,Central,FY24Q4,2024-03-31,Retail (Housing),28702.89,1.27,0.343,26.39,3.722
NBFC027,MiddleFin 27 Ltd,Middle Layer,North,FY25Q2,30/09/2024,Retail (Personal/Unsecured),26405.13,5.389,1.293,null,3.125
NBFC001,UpperFin 01 Ltd,UPPER LAYER,South,FY23Q2,2022-09-30,  Retail (Gold) ,7062.83,1.513,0.545,25.19%,1.855
NBFC045,BaseFin 45 Ltd,Base Layer,West,FY24Q4,2024-03-31,Retail (Personal/Unsecured),3489.76,3.872,1.045,24.29,3.178
NBFC003,UpperFin 03 Ltd,Upper Layer,East,FY25Q4,31/03/2025,Infrastructure,"27,335.86",2.562,0.538,27.57,3.167
NBFC047,BaseFin 47 Ltd,Base Layer,North,FY25Q4,31/03/2025,Retail (Personal/Unsecured),2059.08,4.674,0.982,28.52,2.997
NBFC041,BaseFin 41 Ltd,BL,South,FY24Q2,30/09/2023,MSME,1640.35,4.427,1.328,28.11,2.98
NBFC056,BaseFin 56 Ltd,Base Layer,South,FY24Q2,30-09-2023,Retail (Personal/Unsecured),1786.46,5.807,1.742,27.24,2.931
NBFC049,BaseFin 49 Ltd,Base Layer,Central,FY23Q4,31/03/2023,Retail (Housing),1128.58,1.929,0.637,27.06,2.674
NBFC010,UpperFin 10 Ltd,Upper Layer,West,FY21Q4,31/03/2021,Wholesale/Corporate,9892.05,6.733,3.03,23.84,1.168
NBFC023,MiddleFin 23 Ltd,Middle Layer,East,FY24Q2,2023-09-30,Retail (Housing),25534.48,1.934,0.58,27.62,3.574
NBFC022,MiddleFin 22 Ltd,Middle Layer,North,FY22Q4,2022-03-31,GOLD LOAN,8490.06,1.744,0.68,24.21,1.669
NBFC046,BaseFin 46 Ltd,Base Layer,South,FY22Q2,30/09/2021,Wholesale/Corporate,846.83,6.869,2.885,27.23,1.694
NBFC055,BaseFin 55 Ltd,Base Layer,West,FY24Q4,2024-03-31,Infrastructure,280.01,2.043,0.552,25.17%,3.791
NBFC009,UpperFin 09 Ltd,Upper Layer,Central,FY25Q4,31/03/2025,microfinance,7941.17,5.534,1.162,27.15,3.297
NBFC038,MiddleFin 38 Ltd,Middle Layer,East,FY24Q4,31/03/2024,Retail (Housing),12884.42,1.207,0.326,28.3,3.049
NBFC026,MiddleFin 26 Ltd,Middle Layer,South,FY23Q2,30-09-2022,Wholesale/Corporate,14127.15,5.048,1.817,27.29,1.73
NBFC028,MiddleFin 28 Ltd,Middle Layer,East,FY23Q4,31/03/2023,MSME,34090.43,4.483,1.479,26.59,2.836
NBFC025,MiddleFin 25 Ltd,Middle Layer,West,FY21Q4,31-03-2021,Retail (Housing),8667.44,3.019,1.359,27.68,1.7
NBFC011,UpperFin 11 Ltd,Upper Layer,South,FY22Q2,2021-09-30,  Retail (Personal/Unsecured) ,7367.96,9.827,4.127,25.11,1.356
NBFC057,BaseFin 57 Ltd,Base Layer,North,FY22Q2,30/09/2021,Wholesale/Corporate,897.68,6.868,2.885,26.06,1.573
NBFC034,MiddleFin 34 Ltd,middle layer,Central,FY24Q4,2024-03-31,Microfinance,15180.12,4.812,1.299,29.59,2.866
NBFC028,MiddleFin 28 Ltd,Middle Layer,East,FY24Q2,30/09/2023,Retail (Gold),23232.97,1.21,0.363,26.5,3.323
NBFC028,MiddleFin 28 Ltd,Middle Layer,East,FY22Q4,31-03-2022,MSME,"29,158.73",6.48,2.527,26.43,1.633
NBFC058,BaseFin 58 Ltd,Base Layer,East,FY24Q2,30-09-2023,Retail (Housing),1073.92,1.902,0.571,26.2,3.15
NBFC054,BaseFin 54 Ltd,Base Layer,Central,FY24Q2,30/09/2023,Wholesale/Corporate,812.94,3.964,1.189,25.51,3.652
  NBFC022 ,MiddleFin 22 Ltd,Middle Layer,North,FY25Q4,2025-03-31,Wholesale/Corporate,-100,3.093,0.65,28.0,2.705
NBFC030,MiddleFin 30 Ltd,ML,West,FY21Q4,31-03-2021,Retail (Gold),11720.49,2.015,0.907,23.45,1.308
NBFC031,MiddleFin 31 Ltd,ML,South,FY25Q4,2025-03-31,MSME,33129.85,3.432,0.721,25.25,3.216
NBFC023,MiddleFin 23 Ltd,  Middle Layer ,East,FY21Q4,2021-03-31,Microfinance,15429.58,11.684,5.258,27.58,1.806
NBFC035,MiddleFin 35 Ltd,Middle Layer,West,FY23Q4,31/03/2023,Retail (Housing),25090.38,2.016,0.665,29.01,3.489
NBFC059,BaseFin 59 Ltd,BL,Central,FY23Q2,30-09-2022,Retail (Housing),1533.24,2.391,0.861,25.12,null
NBFC035,MiddleFin 35 Ltd,Middle Layer,West,FY21Q4,2021-03-31,Infrastructure,11021.36,5.055,2.275,24.43,1.286
NBFC039,MiddleFin 39 Ltd,Middle Layer,Central,FY23Q2,2022-09-30,MSME,"29,622.61",6.076,2.187,25.87%,1.978
NBFC010,UpperFin 10 Ltd,Upper Layer,West,FY24Q4,2024-03-31,Microfinance,5212.46,4.571%,1.234,26.53,2.788
NBFC040,MiddleFin 40 Ltd,middle layer,West,FY24Q2,30-09-2023,housing,15020.88,1.876%,0.563,30.33,3.655
NBFC005,UpperFin 05 Ltd,Upper Layer,West,FY24Q2,2023-09-30,Wholesale/Corporate,11599.69,3.973,1.192,25.61,3.638
NBFC051,BaseFin 51 Ltd,Base Layer,South,FY25Q4,31-03-2025,Retail (Gold),2998.19,0.926,N/A,24.16,3.138
NBFC013,UpperFin 13 Ltd,Upper Layer,East,FY22Q2,30/09/2021,  Infrastructure ,9506.35,5.244,2.202,27.95,1.226
NBFC020,MiddleFin 20 Ltd,  Middle Layer ,West,FY23Q2,30-09-2022,Infrastructure,16580.94,4.057,1.461,25.42,1.817
NBFC053,BaseFin 53 Ltd,Base Layer,East,FY22Q4,31/03/2022,MSME,937.46,6.625%,2.584,28.21,1.574
NBFC033,MiddleFin 33 Ltd,Middle Layer,East,FY23Q2,2022-09-30,Wholesale/Corporate,7124.12,5.174,1.863,29.03,-
NBFC051,BaseFin 51 Ltd,Base Layer,South,FY24Q4,31/03/2024,Retail (Personal/Unsecured),"2,637.15",3.799,1.026,27.28,3.231
NBFC042,BaseFin 42 Ltd,Base Layer,North,FY23Q4,2023-03-31,Microfinance,3864.52,7.277,2.401,999,2.992
NBFC004,UpperFin 04 Ltd,UL,Central,FY22Q2,2021-09-30,Retail (Vehicle),13046.86,5.897,2.477,27.43%,1.361
NBFC008,UpperFin 08 Ltd,Upper Layer,East,FY21Q4,31-03-2021,Retail (Housing),24754.8,,1.343,,1.519
NBFC004,UpperFin 04 Ltd,Upper Layer,Central,FY24Q4,31-03-2024,housing,21479.38,null,0.313,,3.618
NBFC026,MiddleFin 26 Ltd,Middle  Layer,South,FY24Q4,31/03/2024,Retail (Housing),25958.64,1.162,0.314,26.33,N/A
NBFC046,BaseFin 46 Ltd,Base Layer,South,FY25Q4,31/03/2025,Microfinance,4803.09,5.822,1.223,24.66,2.617
NBFC001,UpperFin 01 Ltd,UPPER LAYER,South,FY25Q4,31/03/2025,retail (housing),37885.51,1.556,,27.61,2.231
NBFC039,MiddleFin 39 Ltd,Middle Layer,Central,FY24Q4,31/03/2024,Retail (Vehicle),38879.67,2.235,0.603,27.04,3.36
NBFC033,MiddleFin 33 Ltd,Middle Layer,East,FY22Q2,30/09/2021,Retail (Gold),6247.52,2.06,0.865,25.56,1.623
NBFC044,BaseFin 44 Ltd,Base Layer,Central,FY25Q4,2025-03-31,Wholesale/Corporate,1563.21,3.153,0.662,23.91,2.413
NBFC019,MiddleFin 19 Ltd,Middle Layer,Central,FY25Q2,2024-09-30,Microfinance,26286.58,6.358,1.526,23.13,2.434
NBFC008,UpperFin 08 Ltd,Upper Layer,East,FY22Q4,31/03/2022,Wholesale/Corporate,15024.08,6.039,2.355,27.72,2.064
NBFC026,MiddleFin 26 Ltd,ML,South,FY24Q4,2024-03-31,Wholesale/Corporate,18541.89,2.631,0.71,24.77,3.69
  NBFC031 ,MiddleFin 31 Ltd,ML,South,FY23Q4,31/03/2023,Wholesale/Corporate,14987.57,4.073,1.344,30.04,3.219
NBFC030,MiddleFin 30 Ltd,Middle Layer,West,FY24Q4,2024-03-31,Infrastructure,14822.24,1.911,0.516,28.03,2.85
NBFC021,MiddleFin 21 Ltd,Middle Layer,South,FY23Q4,31-03-2023,retail (housing),15056.11,1.892,0.624,27.26,2.678
NBFC057,BaseFin 57 Ltd,Base Layer,North,FY24Q2,30/09/2023,Infrastructure,401.86,2.88,0.864,28.69,3.319
NBFC044,BaseFin 44 Ltd,Base Layer,Central,FY21Q4,2021-03-31,Retail (Gold),2609.37,1.986,0.894,24.42%,1.591
NBFC003,UpperFin 03 Ltd,Upper Layer,East,FY22Q2,30-09-2021,Infrastructure,16065.19,5.152,2.164,27.13,2.134
  NBFC035 ,MiddleFin 35 Ltd,Middle Layer,West,FY22Q4,31/03/2022,Retail (Vehicle),24526.48,5.539,2.16,25.95,1.402
NBFC002,UpperFin 02 Ltd,Upper Layer,North,FY24Q4,31/03/2024,GOLD LOAN,11286.29,0.785%,0.212,24.47,3.097
NBFC045,BaseFin 45 Ltd,Base Layer,West,FY22Q2,2021-09-30,Retail (Housing),1036.31,3.109,1.306,27.31,2.128
NBFC043,BaseFin 43 Ltd,Base Layer,East,FY24Q2,2023-09-30,Microfinance,3082.73,-,2.199,29.52,NA
NBFC038,MiddleFin 38 Ltd,Middle Layer,East,FY25Q4,2025-03-31,Wholesale/Corporate,10463.11,-5,0.666,27.83,3.007
NBFC055,BaseFin 55 Ltd,Base Layer,West,FY24Q4,31-03-2024,Wholesale/Corporate,840.03,2.608,0.704,24.08,3.286
NBFC048,BaseFin 48 Ltd,BASE LAYER,East,FY24Q4,31/03/2024,Retail (Vehicle),2479.5,2.249%,0.607,24.1,3.075
NBFC026,MiddleFin 26 Ltd,Middle Layer,South,FY22Q4,31-03-2022,Microfinance,"15,661.27",10.979,4.282,26.98%,2.244
NBFC003,UpperFin 03 Ltd,upper layer,East,FY23Q2,30-09-2022,Wholesale/Corporate,15702.28,5.239,1.886,25.23,2.636
NBFC036,MiddleFin 36 Ltd,Middle Layer,South,FY24Q4,31-03-2024,Retail (Gold),12799.99,0.776,0.21,25.21,3.663
NBFC008,UpperFin 08 Ltd,UL,East,FY22Q2,2021-09-30,Infrastructure,16638.72,5.089,2.137,25.55,1.006
NBFC029,MiddleFin 29 Ltd,Middle Layer,Central,FY23Q4,2023-03-31,Retail (Personal/Unsecured),"23,768.42",6.16,2.033,26.63,2.408
NBFC046,BaseFin 46 Ltd,Base Layer,South,FY25Q4,31-03-2025,Wholesale/Corporate,1440.93,3.086,0.648,24.24,3.279
NBFC006,UpperFin 06 Ltd,upper layer,South,FY22Q4,31/03/2022,Retail (Gold),"7,809.54",1.908,NA,26.17,1.391
NBFC007,UpperFin 07 Ltd,Upper Layer,North,FY22Q4,2022-03-31,Retail (Vehicle),9575.87,5.533,2.158,27.17,2.141
NBFC023,MiddleFin 23 Ltd,middle layer,East,FY24Q4,31/03/2024,micro finance,24391.14,4.645,1.254,26.21,2.722
NBFC011,UpperFin 11 Ltd,Upper Layer,South,FY22Q2,30/09/2021,MSME,8668.19,7.196,3.022,26.36,1.28
NBFC033,MiddleFin 33 Ltd,Middle Layer,East,FY21Q4,2021-03-31,Wholesale/Corporate,5914.97,6.687,3.009,26.12%,1.93
NBFC027,MiddleFin 27 Ltd,Middle Layer,North,FY23Q4,2023-03-31,Retail (Housing),20337.1,2.005,0.662,28.86,null
NBFC006,UpperFin 06 Ltd,Upper Layer,South,FY23Q4,2023-03-31,MSME,18260.79,4.518%,1.491,28.75,3.208
NBFC048,BaseFin 48 Ltd,Base Layer,East,FY21Q4,31/03/2021,msme,"1,568.51",-,3.203,26.65,1.583
NBFC033,MiddleFin 33 Ltd,Middle Layer,East,FY24Q4,31/03/2024,Retail (Personal/Unsecured),13090.57,3.852,null,27.39,2.873
NBFC017,MiddleFin 17 Ltd,Middle  Layer,North,FY22Q2,30-09-2021,MSME,29209.15,7.76,3.259,26.82,1.435
NBFC030,MiddleFin 30 Ltd,Middle Layer,West,FY25Q2,30/09/2024,Retail (Vehicle),31673.71,3.027,0.726,23.77,-
NBFC002,UpperFin 02 Ltd,Upper Layer,North,FY24Q2,30-09-2023,Retail (Gold),10127.43,1.145,0.343,28.28,3.413
NBFC018,MiddleFin 18 Ltd,Middle Layer,East,FY22Q4,31/03/2022,Infrastructure,13298.49,4.894,1.909,27.03,1.315
NBFC023,MiddleFin 23 Ltd,Middle  Layer,East,FY24Q2,30-09-2023,Infrastructure,"14,591.13",2.865%,0.859,30.26,2.915
NBFC056,BaseFin 56 Ltd,Base Layer,South,FY24Q2,30-09-2023,gold,1786.46,N/A,0.358,29.63,2.606
NBFC058,BaseFin 58 Ltd,BASE LAYER,East,FY24Q4,31-03-2024,MSME,2094.42,2.774,0.749,24.64,3.053
NBFC048,BaseFin 48 Ltd,Base Layer,East,FY22Q4,2022-03-31,Retail (Gold),2243.89,1.762,0.687,28.12%,1.234
NBFC046,BaseFin 46 Ltd,Base Layer,South,FY25Q4,31-03-2025,Retail (Gold),4322.79,0.994,0.209,25.09,2.488
NBFC022,MiddleFin 22 Ltd,Middle Layer,North,FY25Q2,2024-09-30,MSME,20620.25,3.721,0.893,24.96%,2.815
NBFC050,BaseFin 50 Ltd,Base Layer,West,FY22Q4,2022-03-31,Retail (Personal/Unsecured),2955.53,9.11,3.553,26.01,1.523
NBFC052,BaseFin 52 Ltd,Base Layer,North,FY24Q4,2024-03-31,Retail (Vehicle),2615.34,2.41,0.651,29.36,3.332
NBFC055,BaseFin 55 Ltd,Base Layer,West,FY23Q4,31/03/2023,Retail (Gold),2073.83,1.277,0.421,27.08,2.793
NBFC034,MiddleFin 34 Ltd,Middle Layer,Central,FY24Q2,30/09/2023,Infrastructure,9080.96,2.882,0.865,29.36,2.888
NBFC018,MiddleFin 18 Ltd,middle layer,East,FY21Q4,31/03/2021,Retail (Personal/Unsecured),20915.6,9.894,4.452,27.85,null
NBFC036,MiddleFin 36 Ltd,Middle Layer,South,FY24Q2,2023-09-30,Microfinance,13782.85,6.797,2.039,29.08,3.216
NBFC005,UpperFin 05 Ltd,Upper Layer,West,FY21Q4,31/03/2021,Retail (Vehicle),13629.16,5.894%,2.652,25.29,1.583
NBFC015,UpperFin 15 Ltd,Upper Layer,West,FY21Q4,31-03-2021,Retail (Gold),"5,133.11",1.885,0.848,23.27,1.661
NBFC013,UpperFin 13 Ltd,Upper Layer,East,FY24Q2,30/09/2023,Infrastructure,"12,766.89",3.111,0.933,26.46,3.691
NBFC017,MiddleFin 17 Ltd,Middle Layer,North,FY24Q2,2023-09-30,Retail (Personal/Unsecured),34324.01,5.631,1.689,25.63,3.51
NBFC031,MiddleFin 31 Ltd,Middle Layer,South,FY21Q4,2021-03-31,Retail (Vehicle),18433.9,5.997,2.699,27.14,0.964
NBFC017,MiddleFin 17 Ltd,Middle Layer,North,FY23Q2,30-09-2022,Retail (Vehicle),33307.54,4.61,1.66,25.94,2.12
NBFC059,BaseFin 59 Ltd,Base Layer,Central,FY24Q2,30-09-2023,retail (housing),1805.75,1.858,0.557,26.77,3.663
NBFC021,MiddleFin 21 Ltd,ML,South,FY23Q4,2023-03-31,Retail (Gold),10754.37,1.258,0.415,28.16,2.657
NBFC051,BaseFin 51 Ltd,Base Layer,South,FY23Q2,30-09-2022,MSME,1562.75,5.609,2.019,30.18,2.334
NBFC015,UpperFin 15 Ltd,Upper Layer,West,FY24Q4,31/03/2024,Infrastructure,18933.71,2.072,0.559,24.79,3.629
NBFC049,BaseFin 49 Ltd,Base Layer,Central,FY22Q4,31/03/2022,Retail (Personal/Unsecured),2171.96,8.81,3.436,27.75,2.089
NBFC018,MiddleFin 18 Ltd,Middle Layer,East,FY22Q4,2022-03-31,Retail (Gold),16623.11,1.856,0.724,24.63,2.023
NBFC051,BaseFin 51 Ltd,Base Layer,South,FY22Q4,31/03/2022,Retail (Personal/Unsecured),1856.21,9.26,3.611,23.84,1.117
NBFC050,BaseFin 50 Ltd,Base Layer,West,FY21Q4,2021-03-31,Retail (Housing),1180.54,3.153,1.419,23.39,1.061
NBFC009,UpperFin 09 Ltd,Upper Layer,Central,FY24Q2,2023-09-30,Wholesale/Corporate,18803.1,3.902,1.171,27.22,null
NBFC040,MiddleFin 40 Ltd,  Middle Layer ,West,FY25Q4,31-03-2025,Retail (Personal/Unsecured),"19,031.43",4.706,0.988,28.06,2.562
NBFC018,MiddleFin 18 Ltd,Middle Layer,East,FY24Q2,30/09/2023,Wholesale/Corporate,21191.83,4.02,1.206,26.27,3.125
NBFC039,MiddleFin 39 Ltd,middle layer,Central,FY23Q2,30-09-2022,Microfinance,22216.96,9.832,3.54,27.49,1.546
NBFC059,BaseFin 59 Ltd,base layer,Central,FY22Q4,2022-03-31,MSME,2478.79,6.89%,2.687,24.76,2.087
NBFC044,BaseFin 44 Ltd,Base Layer,Central,FY23Q4,31-03-2023,Retail (Personal/Unsecured),3394.45,5.946,1.962,25.76,3.417
NBFC036,MiddleFin 36 Ltd,Middle Layer,South,FY21Q4,2021-03-31,Retail (Vehicle),12955.42,5.803,2.611,23.62,1.799
NBFC028,MiddleFin 28 Ltd,Middle Layer,East,FY21Q4,31-03-2021,Retail (Housing),22930.13,3.168,1.426,24.2,2.04
NBFC040,MiddleFin 40 Ltd,Middle Layer,West,FY25Q2,2024-09-30,MSME,20440.64,3.731,0.895,25.17,2.999
NBFC003,UpperFin 03 Ltd,Upper Layer,East,FY22Q4,31/03/2022,Wholesale/Corporate,14506.2,5.96,2.324,25.7%,1.475
NBFC024,MiddleFin 24 Ltd,Middle Layer,Central,FY21Q4,31/03/2021,MSME,10058.42,7.231,3.254,25.29,0.942
NBFC027,MiddleFin 27 Ltd,Middle Layer,North,FY25Q2,2024-09-30,MSME,30177.3,3.991,0.958,26.78%,2.844
NBFC010,UpperFin 10 Ltd,UPPER LAYER,West,FY22Q2,30-09-2021,Retail (Housing),19155.03,3.131,1.315,28.12,2.021
NBFC048,BaseFin 48 Ltd,Base Layer,East,FY25Q2,30-09-2024,MSME,"2,649.23",4.038,0.969,23.95,3.233
NBFC024,MiddleFin 24 Ltd,Middle Layer,Central,FY25Q4,31/03/2025,Infrastructure,"9,038.62",2.359,0.495,28.28,3.007
NBFC059,BaseFin 59 Ltd,Base Layer,Central,FY24Q4,31/03/2024,Wholesale/Corporate,1509.28,2.57,0.694,28.36,
NBFC043,BaseFin 43 Ltd,Base Layer,East,FY24Q4,2024-03-31,Retail (Vehicle),2404.83,2.199,0.594,26.09,3.804
  NBFC053 ,BaseFin 53 Ltd,Base Layer,East,FY22Q4,31-03-2022,Microfinance,"1,339.23",10.703%,4.174,25.74,1.291
NBFC012,UpperFin 12 Ltd,Upper Layer,North,FY25Q4,31-03-2025,Wholesale/Corporate,14297.48,3.047,0.64,25.94,3.371
NBFC022,MiddleFin 22 Ltd,Middle  Layer,North,FY22Q4,2022-03-31,Retail (Vehicle),"13,584.09",5.452%,2.126,27.58,1.859
NBFC037,MiddleFin 37 Ltd,Middle Layer,North,FY22Q4,31/03/2022,MSME,17891.02,6.866,2.678,29.14,1.994
NBFC016,MiddleFin 16 Ltd,Middle Layer,South,FY23Q4,31-03-2023,Retail (Vehicle),25342.22,3.793,NA,27.09,2.913
NBFC012,UpperFin 12 Ltd,Upper Layer,North,FY23Q4,31-03-2023,msme,10348.83,4.56,1.505,26.5,3.288
NBFC058,BaseFin 58 Ltd,Base Layer,East,FY23Q4,31-03-2023,Retail (Personal/Unsecured),2215.97,6.413,2.116,28.75,3.388
NBFC051,BaseFin 51 Ltd,Base Layer,South,FY23Q2,30/09/2022,Retail (Housing),893.0,2.539,0.914,28.72,2.446
NBFC050,BaseFin 50 Ltd,Base Layer,West,FY25Q4,31/03/2025,MSME,3712.98,3.578,,23.88,3.345
NBFC033,MiddleFin 33 Ltd,Middle  Layer,East,FY22Q2,30-09-2021,Retail (Personal/Unsecured),8746.53,10.239,4.3,23.25,1.545
NBFC037,MiddleFin 37 Ltd,Middle Layer,North,FY23Q2,2022-09-30,retail (housing),16945.4,2.596,0.935,24.63,2.256
NBFC037,MiddleFin 37 Ltd,Middle Layer,North,FY25Q4,31/03/2025,Retail (Gold),"18,061.23",0.996,0.209,25.77%,
NBFC041,BaseFin 41 Ltd,Base Layer,South,FY23Q2,30-09-2022,Retail (Personal/Unsecured),1790.74,8.116,2.922,25.79,1.605
NBFC024,MiddleFin 24 Ltd,Middle  Layer,Central,FY22Q2,30/09/2021,Retail (Gold),6639.95,2.082,0.874,23.55,1.242
NBFC059,BaseFin 59 Ltd,Base Layer,Central,FY23Q2,30-09-2022,Retail (Gold),"3,449.79",1.556,0.56,27.79,1.533
NBFC019,MiddleFin 19 Ltd,Middle Layer,Central,FY22Q2,30-09-2021,Wholesale/Corporate,13698.55,6.308,2.649,26.5,1.427
NBFC052,BaseFin 52 Ltd,Base Layer,North,FY25Q2,30-09-2024,Retail (Housing),1596.78,1.62,0.389,27.47,2.848
NBFC053,BaseFin 53 Ltd,Base Layer,East,FY24Q2,30/09/2023,Retail (Housing),682.92,1.801,0.54,29.11,2.811
NBFC052,BaseFin 52 Ltd,Base Layer,North,FY25Q4,31/03/2025,MSME,2973.4,3.569,0.749,28.27,2.963
  NBFC014 ,UpperFin 14 Ltd,Upper Layer,Central,FY25Q4,2025-03-31,Retail (Housing),31823.7,1.574%,0.331,24.58,2.727
NBFC059,BaseFin 59 Ltd,base layer,Central,FY25Q4,31-03-2025,Infrastructure,571.97,2.427,0.51,26.95%,3.015
NBFC005,UpperFin 05 Ltd,Upper Layer,West,FY25Q2,30/09/2024,Retail (Personal/Unsecured),11509.92,5.399%,1.296,23.89,3.41
NBFC002,UpperFin 02 Ltd,Upper Layer,North,FY21Q4,31/03/2021,Microfinance,4759.72,12.269,5.521,22.28,1.222
NBFC001,UpperFin 01 Ltd,UPPER LAYER,South,FY22Q2,2021-09-30,MSME,12144.64,7.356,3.09,28.75,1.17
NBFC047,BaseFin 47 Ltd,Base Layer,North,FY23Q2,30-09-2022,Infrastructure,153.32,250,1.499,25.26,1.728
NBFC014,UpperFin 14 Ltd,UL,Central,FY25Q2,30/09/2024,retail (housing),29907.61,1.688,0.405,23.85,2.969
  NBFC019 ,MiddleFin 19 Ltd,Middle Layer,Central,FY25Q4,31-03-2025,Retail (Vehicle),37294.24,3.002,0.63,24.97,3.383
NBFC045,BaseFin 45 Ltd,BL,West,FY23Q2,30/09/2022,Retail (Housing),"1,181.72",2.433,0.876,24.97,2.696
NBFC012,UpperFin 12 Ltd,Upper Layer,North,FY24Q4,2024-03-31,Retail (Gold),6287.9,0.765,0.207,28.86,3.68
NBFC043,BaseFin 43 Ltd,Base Layer,East,FY23Q4,31/03/2023,micro finance,2827.11,7.092%,2.34,29.64,2.543
NBFC030,MiddleFin 30 Ltd,Middle Layer,West,FY23Q4,31-03-2023,Retail (Vehicle),24394.93,3.885,1.282,25.36,2.694
NBFC014,UpperFin 14 Ltd,Upper Layer,Central,FY23Q2,2022-09-30,MSME,11632.84,5.725,2.061,26.73,2.41
NBFC001,UpperFin 01 Ltd,Upper Layer,South,FY25Q2,2024-09-30,Retail (Personal/Unsecured),16183.84,5.399,1.296,24.73,2.619
NBFC031,MiddleFin 31 Ltd,Middle Layer,South,FY25Q2,2024-09-30,GOLD LOAN,19459.45,1.096,0.263,24.53,3.187
NBFC010,UpperFin 10 Ltd,Upper Layer,West,FY25Q2,30-09-2024,Retail (Housing),30630.99,1.579,0.379,24.3,3.032
NBFC015,UpperFin 15 Ltd,Upper Layer,West,FY25Q2,30/09/2024,Retail (Housing),31789.64,1.609,0.386,26.24,3.347
NBFC045,BaseFin 45 Ltd,BL,West,FY25Q4,31/03/2025,Retail (Personal/Unsecured),3967.52,4.773,1.002,999,3.05
NBFC060,BaseFin 60 Ltd,Base Layer,West,FY23Q4,31/03/2023,Retail (Personal/Unsecured),2746.48,6.112,2.017,25.99%,2.639
NBFC034,MiddleFin 34 Ltd,Middle Layer,Central,FY25Q2,30/09/2024,Wholesale/Corporate,13516.03,3.31,0.794,999,2.839
NBFC020,MiddleFin 20 Ltd,ML,West,FY21Q4,31-03-2021,Infrastructure,"13,766.71",4.881,NA,N/A,NA
NBFC033,MiddleFin 33 Ltd,Middle Layer,East,FY23Q2,30/09/2022,Retail (Vehicle),"11,398.59",4.702,1.693,27.81,2.383
NBFC008,UpperFin 08 Ltd,Upper Layer,East,FY24Q2,30/09/2023,Infrastructure,22345.55,3.107,0.932,28.15,3.09
NBFC060,BaseFin 60 Ltd,BL,West,FY25Q4,31/03/2025,MSME,2951.22,3.516%,0.738,27.85,3.138
NBFC004,UpperFin 04 Ltd,Upper Layer,Central,FY24Q4,31/03/2024,msme,11716.03,2.735,0.738,27.67,2.999
NBFC040,MiddleFin 40 Ltd,Middle Layer,West,FY25Q4,2025-03-31,Wholesale/Corporate,13593.88,3.003,0.631,23.67,2.846
NBFC022,MiddleFin 22 Ltd,Middle Layer,North,FY23Q4,2023-03-31,Infrastructure,7940.81,3.137%,1.035,27.42,3.435
NBFC056,BaseFin 56 Ltd,Base Layer,South,FY23Q2,2022-09-30,Microfinance,1685.4,9.843,3.543,26.8,2.383
NBFC059,BaseFin 59 Ltd,Base Layer,Central,FY24Q2,30-09-2023,Retail (Personal/Unsecured),4062.94,5.842,1.753,27.35,3.187
NBFC001,UpperFin 01 Ltd,Upper Layer,South,FY24Q4,31/03/2024,Retail (Personal/Unsecured),15146.99,3.67,0.991,999,2.997
  NBFC002 ,UpperFin 02 Ltd,Upper Layer,North,FY23Q4,31/03/2023,MSME,18575.35,4.677,1.543,24.66,2.393
NBFC012,UpperFin 12 Ltd,UPPER LAYER,North,FY25Q2,30-09-2024,Retail (Vehicle),22394.39,3.291,NA,28.73,3.007
NBFC021,MiddleFin 21 Ltd,Middle Layer,South,FY22Q4,31/03/2022,Retail (Personal/Unsecured),12878.01,9.222,3.597,27.94,2.27
NBFC038,MiddleFin 38 Ltd,Middle Layer,East,FY22Q4,31/03/2022,Retail (Housing),"9,068.95",2.78%,1.084,24.37,1.221
NBFC032,MiddleFin 32 Ltd,Middle Layer,North,FY25Q4,31-03-2025,Retail (Personal/Unsecured),21737.39,4.688,0.984,23.56,3.155
  NBFC029 ,MiddleFin 29 Ltd,Middle Layer,Central,FY21Q4,2021-03-31,Retail (Gold),13050.83,1.925,0.866,27.69,1.032
NBFC002,UpperFin 02 Ltd,Upper Layer,North,FY25Q2,30-09-2024,MSME,24117.72,3.887,0.933,27.46,2.59
NBFC051,BaseFin 51 Ltd,Base Layer,South,FY24Q2,30-09-2023,Microfinance,2629.3,7.247,2.174,28.87,3.591
NBFC051,BaseFin 51 Ltd,  Base Layer ,South,FY23Q4,31-03-2023,Retail (Housing),964.51,1.987,0.656,28.03,2.399
NBFC053,BaseFin 53 Ltd,Base Layer,East,FY24Q2,30-09-2023,Retail (Vehicle),"1,195.11",3.355%,1.006,28.55,3.212
NBFC012,UpperFin 12 Ltd,Upper Layer,North,FY21Q4,2021-03-31,Retail (Housing),14584.74,3.237,1.457,26.92,1.629
NBFC052,BaseFin 52 Ltd,Base Layer,North,FY22Q4,31/03/2022,Retail (Personal/Unsecured),2366.82,8.718,3.4,25.78,null
NBFC008,UpperFin 08 Ltd,UL,East,FY23Q4,31-03-2023,Retail (Personal/Unsecured),14637.63,6.349,2.095,26.84,2.549
  NBFC033 ,MiddleFin 33 Ltd,Middle Layer,East,FY24Q2,30/09/2023,Retail (Gold),8390.32,1.165,0.349,28.37,2.796
NBFC013,UpperFin 13 Ltd,UL,East,FY22Q4,2022-03-31,retail (housing),15737.05,NA,1.125,24.57,2.198
NBFC041,BaseFin 41 Ltd,Base Layer,South,FY25Q2,30-09-2024,Retail (Gold),2511.24,1.004,0.241,26.95,3.25
NBFC019,MiddleFin 19 Ltd,Middle Layer,Central,FY24Q2,30-09-2023,Retail (Vehicle),29435.11,3.562,1.069,27.74,3.453
NBFC050,BaseFin 50 Ltd,BASE LAYER,West,FY25Q2,30/09/2024,Wholesale/Corporate,1495.47,3.333,0.8,28.71,3.031
NBFC002,UpperFin 02 Ltd,Upper Layer,North,FY23Q4,2023-03-31,Retail (Gold),9287.67,1.175,0.388,24.51,2.896
NBFC044,BaseFin 44 Ltd,base layer,Central,FY22Q2,30-09-2021,Wholesale/Corporate,918.69,6.877,2.888,28.02%,1.924
NBFC023,MiddleFin 23 Ltd,Middle Layer,East,FY24Q2,30-09-2023,  Retail (Vehicle) ,29182.26,3.428,1.028,29.57,3.5
NBFC046,BaseFin 46 Ltd,Base Layer,South,FY23Q2,30-09-2022,Infrastructure,321.88,4.136,1.489,28.09,1.991
NBFC029,MiddleFin 29 Ltd,Middle Layer,Central,FY22Q2,30-09-2021,Retail (Personal/Unsecured),19298.41,9.963,4.184,28.64,1.59
NBFC044,BaseFin 44 Ltd,BASE LAYER,Central,FY25Q4,2025-03-31,Retail (Vehicle),3647.49,2.842,0.597,28.63,2.316
NBFC012,UpperFin 12 Ltd,Upper Layer,North,FY25Q4,2025-03-31,MSME,14297.48,3.593,0.755,NA,3.359
NBFC049,BaseFin 49 Ltd,Base Layer,Central,FY25Q2,30/09/2024,  Wholesale/Corporate ,"1,098.99",3.309,0.794,25.31%,2.433
NBFC013,UpperFin 13 Ltd,Upper Layer,East,FY24Q4,31/03/2024,Wholesale/Corporate,12195.23,2.619,5.619,26.29,3.33
NBFC055,BaseFin 55 Ltd,BL,West,FY24Q4,2024-03-31,housing,1120.04,1.22,0.329,23.83,3.435
NBFC027,MiddleFin 27 Ltd,Middle Layer,North,FY22Q4,2022-03-31,Retail (Personal/Unsecured),17395.03,8.937,,24.55%,2.227
NBFC034,MiddleFin 34 Ltd,Middle Layer,Central,FY22Q4,2022-03-31,micro finance,10684.81,11.353,4.428,29.65,1.747
  NBFC002 ,UpperFin 02 Ltd,UPPER LAYER,North,FY23Q2,2022-09-30,Wholesale/Corporate,17198.15,5.1,1.836,28.8,2.61
  NBFC002 ,UpperFin 02 Ltd,Upper Layer,North,FY24Q4,31-03-2024,Retail (Vehicle),37620.96,2.208,0.596,27.21,3.199
NBFC059,BaseFin 59 Ltd,Base Layer,Central,FY25Q2,30/09/2024,Retail (Personal/Unsecured),"4,837.79",5.121,1.229,26.03%,3.583
NBFC021,MiddleFin 21 Ltd,middle layer,South,FY25Q4,31/03/2025,Infrastructure,12123.92,2.426,0.509,26.28,2.896
NBFC020,MiddleFin 20 Ltd,middle layer,West,FY24Q4,2024-03-31,Retail (Housing),38084.35,1.178,null,27.42,null
NBFC043,BaseFin 43 Ltd,Base Layer,East,FY25Q4,31/03/2025,Retail (Vehicle),2734.07,2.88,0.605,24.1,2.638
NBFC041,BaseFin 41 Ltd,BL,South,FY24Q4,31-03-2024,Retail (Personal/Unsecured),2350.35,4.008,1.082,23.65,null
NBFC057,BaseFin 57 Ltd,Base Layer,North,FY25Q2,2024-09-30,Retail (Housing),1913.98,1.636,0.393,29.04,2.653
NBFC041,BaseFin 41 Ltd,Base Layer,South,FY21Q4,31/03/2021,Infrastructure,165.20,5.262,2.368,24.34,1.7
NBFC016,MiddleFin 16 Ltd,Middle Layer,South,FY24Q2,2023-09-30,Retail (Personal/Unsecured),24179.37,6.044,1.813,27.64,2.721
NBFC060,BaseFin 60 Ltd,Base Layer,West,FY21Q4,31/03/2021,Microfinance,2345.85,11.397,5.129,26.34,2.039
NBFC043,BaseFin 43 Ltd,BASE LAYER,East,FY21Q4,31-03-2021,Infrastructure,217.32,4.894,2.202,24.14,
NBFC014,UpperFin 14 Ltd,Upper Layer,Central,FY25Q2,30/09/2024,Infrastructure,19032.12,2.566,0.616,23.25,3.003
NBFC055,BaseFin 55 Ltd,Base Layer,West,FY23Q4,2023-03-31,Retail (Personal/Unsecured),"2,073.83",6.103,2.014,26.77%,3.455
NBFC003,UpperFin 03 Ltd,Upper Layer,East,FY21Q4,31/03/2021,Retail (Housing),23901.5,null,1.45,24.3,2.096
NBFC005,UpperFin 05 Ltd,Upper Layer,West,FY24Q4,31-03-2024,MSME,12927.02,2.976,0.804,28.22,2.772
NBFC021,MiddleFin 21 Ltd,middle layer,South,FY25Q2,30-09-2024,  Retail (Housing) ,19548.44,1.575,0.378,27.43,3.015
NBFC052,BaseFin 52 Ltd,Base Layer,North,FY23Q2,30/09/2022,Infrastructure,284.66,4.214,1.517,24.78,2.08
NBFC036,MiddleFin 36 Ltd,Middle Layer,South,FY23Q2,30-09-2022,Retail (Vehicle),15603.8,4.803,1.729,30.32,1.66
NBFC048,BaseFin 48 Ltd,Base Layer,East,FY24Q4,31/03/2024,MSME,2479.5,2.93,0.791,25.2,3.016
NBFC006,UpperFin 06 Ltd,Upper Layer,South,FY22Q2,2021-09-30,Retail (Personal/Unsecured),12355.48,9.874,4.147,24.46,1.369
NBFC031,MiddleFin 31 Ltd,Middle  Layer,South,FY23Q2,30/09/2022,Retail (Gold),13876.38,1.54,0.554,28.06,2.387
NBFC026,MiddleFin 26 Ltd,Middle Layer,South,FY21Q4,2021-03-31,Retail (Personal/Unsecured),16421.16,9.494,4.272,27.49,1.282
NBFC001,UpperFin 01 Ltd,Upper Layer,South,FY24Q2,30/09/2023,Infrastructure,"19,028.41",3.074,0.922,30.2,3.133
NBFC032,MiddleFin 32 Ltd,Middle Layer,North,FY22Q2,2021-09-30,gold,9124.99,2.1,0.882,null,1.591
NBFC006,UpperFin 06 Ltd,  Upper Layer ,South,FY24Q4,31-03-2024,Microfinance,7396.78,999,1.192,27.79,2.768
NBFC042,BaseFin 42 Ltd,Base Layer,North,FY24Q4,2024-03-31,Microfinance,"4,696.12",4.781,1.291,null,2.752
NBFC038,MiddleFin 38 Ltd,middle layer,East,FY22Q4,2022-03-31,MFI,7773.38,11.181,4.361,29.34,1.196
NBFC005,UpperFin 05 Ltd,Upper Layer,West,FY22Q4,31/03/2022,MSME,9098.93,6.495,2.533,25.69,1.362
  NBFC059 ,BaseFin 59 Ltd,Base Layer,Central,FY24Q4,2024-03-31,Retail (Gold),4527.85,0.744,0.201,28.37,3.01
NBFC032,MiddleFin 32 Ltd,Middle Layer,North,FY21Q4,2021-03-31,Microfinance,10367.13,11.884,5.348,26.72,1.096
NBFC013,UpperFin 13 Ltd,Upper Layer,East,FY21Q4,31-03-2021,Microfinance,2571.52,11.487,5.169,23.13,1.122
NBFC034,MiddleFin 34 Ltd,ML,Central,FY25Q2,2024-09-30,  Retail (Gold) ,13516.03,1.037,0.249,26.06,3.546
NBFC055,BaseFin 55 Ltd,Base Layer,West,FY22Q4,2022-03-31,Microfinance,1970.91,11.376,4.437,24.19,1.115
  NBFC043 ,BaseFin 43 Ltd,base layer,East,FY22Q2,2021-09-30,Microfinance,2295.43,12.551,5.271,25.89,1.068
NBFC034,MiddleFin 34 Ltd,Middle Layer,Central,FY22Q2,30-09-2021,Wholesale/Corporate,8452.22,6.526%,2.741,23.23%,2.162
NBFC060,BaseFin 60 Ltd,Base Layer,West,FY22Q4,2022-03-31,  Retail (Gold) ,2349.16,1.805,0.704,28.3,2.294
NBFC017,MiddleFin 17 Ltd,Middle Layer,North,FY24Q4,31-03-2024,Retail (Housing),38251.63,1.269,0.343,29.26,3.622
NBFC002,UpperFin 02 Ltd,Upper Layer,North,FY22Q2,30/09/2021,Retail (Vehicle),25136.62,6.029,2.532,24.74,1.199
NBFC023,MiddleFin 23 Ltd,Middle Layer,East,FY23Q2,2022-09-30,Retail (Housing),"21,681.02",2.444,null,28.41,2.653
NBFC059,BaseFin 59 Ltd,BL,Central,FY23Q4,31-03-2023,M.S.M.E,2898.04,4.724,1.559,29.36,2.851
NBFC014,UpperFin 14 Ltd,UL,Central,FY25Q2,30/09/2024,  MSME ,16313.24,3.855,0.925,-,3.438
NBFC045,BaseFin 45 Ltd,base layer,West,FY24Q4,31/03/2024,Infrastructure,387.75,2.001,0.54,28.32,3.66
NBFC025,MiddleFin 25 Ltd,middle layer,West,FY22Q2,30-09-2021,Microfinance,7846.92,12.1,5.082,null,1.512
NBFC007,UpperFin 07 Ltd,Upper Layer,North,FY24Q2,30/09/2023,Retail (Gold),3662.32,1.215,0.364,28.51,3.465
NBFC026,MiddleFin 26 Ltd,Middle  Layer,South,FY21Q4,31/03/2021,Wholesale/Corporate,11729.4,6.327,2.847,22.09%,1.959
NBFC033,MiddleFin 33 Ltd,Middle Layer,East,FY25Q2,30/09/2024,Infrastructure,7992.37,2.812,0.675,28.53,-
NBFC038,MiddleFin 38 Ltd,Middle Layer,East,FY23Q4,31-03-2023,Retail (Gold),7573.43,1.268,0.418,27.9%,2.358
NBFC044,BaseFin 44 Ltd,BASE LAYER,Central,FY23Q2,30-09-2022,Infrastructure,349.20,4.003,1.441,24.68,2.251
NBFC036,MiddleFin 36 Ltd,Middle Layer,South,FY24Q4,2024-03-31,Retail (Vehicle),20479.99,2.389,0.645,24.49,3.716
NBFC034,MiddleFin 34 Ltd,Middle Layer,Central,FY24Q2,30/09/2023,  Microfinance ,13621.44,7.017,2.105,27.78,2.766
NBFC047,BaseFin 47 Ltd,Base Layer,North,FY24Q4,31-03-2024,Retail (Personal/Unsecured),"1,811.13",3.701,0.999,26.84,3.171
NBFC005,UpperFin 05 Ltd,UL,West,FY23Q4,2023-03-31,Retail (Personal/Unsecured),8864.88,6.418,2.118,30.0,2.75
NBFC046,BaseFin 46 Ltd,Base Layer,South,FY23Q4,2023-03-31,Retail (Housing),1390.63,1.845,0.609,26.94,3.451
NBFC054,BaseFin 54 Ltd,Base Layer,Central,FY24Q4,2024-03-31,  Microfinance ,"3,019.87",4.816,1.3,25.43,3.097
NBFC045,BaseFin 45 Ltd,BL,West,FY25Q4,31-03-2025,Retail (Vehicle),3085.85,2.799,0.588,22.84%,2.69
NBFC003,UpperFin 03 Ltd,upper layer,East,FY22Q4,2022-03-31,Retail (Gold),7253.1,1.902,0.742,28.75,1.196
NBFC029,MiddleFin 29 Ltd,Middle Layer,Central,FY21Q4,31/03/2021,Retail (Vehicle),20881.33,6.066,2.73,23.89,1.111
NBFC026,MiddleFin 26 Ltd,Middle Layer,South,FY25Q2,30/09/2024,Wholesale/Corporate,19811.12,3.402,0.816,24.19,3.208
NBFC037,MiddleFin 37 Ltd,Middle Layer,North,FY22Q2,2021-09-30,  Infrastructure ,"8,491.61",5.011,2.105,23.45,1.212
NBFC056,BaseFin 56 Ltd,Base Layer,South,FY24Q2,30/09/2023,msme,1389.47,4.472%,1.342,29.46,2.691
NBFC001,UpperFin 01 Ltd,Upper Layer,South,FY25Q4,31/03/2025,Retail (Vehicle),34441.37,2.906,0.61,27.71,2.31
NBFC026,MiddleFin 26 Ltd,Middle Layer,South,FY24Q2,30-09-2023,Retail (Vehicle),26620.85,3.457,1.037,26.12,2.724
NBFC022,MiddleFin 22 Ltd,Middle Layer,North,FY21Q4,2021-03-31,Microfinance,9156.34,12.261,5.517,25.2%,1.244
NBFC056,BaseFin 56 Ltd,Base Layer,South,FY23Q4,2023-03-31,Retail (Vehicle),1274.25,3.653,1.205,27.16,N/A
NBFC055,BaseFin 55 Ltd,Base Layer,West,FY22Q2,2021-09-30,MSME,1309.63,7.699,3.234,26.23%,1.571
NBFC014,UpperFin 14 Ltd,upper layer,Central,FY21Q4,31-03-2021,Infrastructure,"11,268.18",5.051,,23.97,1.775
NBFC044,BaseFin 44 Ltd,Base Layer,Central,FY25Q2,30/09/2024,Microfinance,4896.96,6.569,1.577,24.27%,3.41
NBFC043,BaseFin 43 Ltd,Base Layer,East,FY21Q4,31/03/2021,Retail (Vehicle),1521.27,6.065,2.729,25.13,-
NBFC020,MiddleFin 20 Ltd,Middle Layer,West,FY23Q4,2023-03-31,Wholesale/Corporate,22385.89,null,1.336,27.64,2.661
NBFC002,UpperFin 02 Ltd,Upper Layer,North,FY22Q2,2021-09-30,  Retail (Gold) ,7540.99,2.0,0.84,25.69,1.711
NBFC048,BaseFin 48 Ltd,Base Layer,East,FY24Q4,31/03/2024,Wholesale/Corporate,1062.64,2.45,0.662,23.79,3.437
NBFC016,MiddleFin 16 Ltd,Middle Layer,South,FY24Q4,31-03-2024,  Retail (Personal/Unsecured) ,26946.16,999,1.013,24.03,3.231
NBFC040,MiddleFin 40 Ltd,Middle Layer,West,FY22Q4,31/03/2022,Wholesale/Corporate,8416.1,6.082,2.372,24.59,2.134
  NBFC060 ,BaseFin 60 Ltd,Base Layer,West,FY24Q4,31-03-2024,Microfinance,3708.33,4.771%,1.288,23.85,3.265
NBFC002,UpperFin 02 Ltd,Upper Layer,North,FY25Q4,2025-03-31,  Wholesale/Corporate ,25662.87,3.006,0.631,26.64,3.225
NBFC025,MiddleFin 25 Ltd,Middle Layer,West,FY22Q4,31/03/2022,housing,9644.08,null,1.161,28.58,null
NBFC005,UpperFin 05 Ltd,Upper Layer,West,FY23Q4,2023-03-31,Retail (Housing),19502.75,1.997,0.659,28.4%,3.225
NBFC048,BaseFin 48 Ltd,Base Layer,East,FY23Q4,31-03-2023,Retail (Vehicle),2040.42,3.583,1.182,26.1,2.621
NBFC043,BaseFin 43 Ltd,BL,East,FY22Q4,31/03/2022,Retail (Gold),2176.31,1.818,0.709,28.84,1.672
NBFC004,UpperFin 04 Ltd,Upper Layer,Central,FY21Q4,2021-03-31,Retail (Vehicle),12352.39,6.141,2.763,25.59,1.528
NBFC027,MiddleFin 27 Ltd,Middle Layer,North,FY22Q2,30/09/2021,Wholesale/Corporate,11794.57,6.468,2.717,26.25,1.362
  NBFC027 ,MiddleFin 27 Ltd,Middle Layer,North,FY25Q4,2025-03-31,Retail (Personal/Unsecured),28096.83,4.911,1.031,25.94,2.504
NBFC025,MiddleFin 25 Ltd,Middle Layer,West,FY24Q2,2023-09-30,  Wholesale/Corporate ,"8,781.91",4.01,1.203,25.11,3.234
NBFC057,BaseFin 57 Ltd,Base Layer,North,FY22Q4,31-03-2022,  MSME ,2206.55,6.946,2.709,24.15,2.038
NBFC004,UpperFin 04 Ltd,Upper Layer,Central,FY25Q4,2025-03-31,Wholesale/Corporate,13320.01,3.111,0.653,26.72,3.108
NBFC056,BaseFin 56 Ltd,Base Layer,South,FY24Q4,31-03-2024,MSME,1548.46,2.931,0.791,23.96,3.735
NBFC035,MiddleFin 35 Ltd,Middle Layer,West,FY24Q4,31-03-2024,Wholesale/Corporate,21778.27,2.602,0.703,28.21,3.081
NBFC037,MiddleFin 37 Ltd,ML,North,FY22Q4,31/03/2022,Infrastructure,8945.51,4.713,1.838,25.98,1.761
NBFC010,UpperFin 10 Ltd,Upper Layer,West,FY22Q4,31-03-2022,Wholesale/Corporate,11006.68,5.749,2.242,27.91,1.775
NBFC024,MiddleFin 24 Ltd,Middle Layer,Central,FY21Q4,31/03/2021,Retail (Vehicle),10058.42,5.678,2.555,24.68,1.913
NBFC015,UpperFin 15 Ltd,Upper Layer,West,FY24Q4,2024-03-31,Retail (Personal/Unsecured),13524.08,3.668,0.99,24.51,3.845
NBFC044,BaseFin 44 Ltd,BASE LAYER,Central,FY22Q2,30-09-2021,Retail (Vehicle),2143.61,5.751,2.415,24.06,1.408
NBFC049,BaseFin 49 Ltd,Base Layer,Central,FY21Q4,2021-03-31,gold,1952.01,2.02,0.909,27.6,1.989
NBFC050,BaseFin 50 Ltd,Base Layer,West,FY24Q2,30/09/2023,Microfinance,4186.48,6.826,2.048,25.72,2.806
NBFC003,UpperFin 03 Ltd,upper layer,East,FY25Q4,31/03/2025,Wholesale/Corporate,"23,430.74",3.078,0.646,27.56,-
NBFC002,UpperFin 02 Ltd,Upper Layer,North,FY21Q4,31-03-2021,Retail (Vehicle),"23,798.61",6.19,2.786,22.74,1.24
NBFC057,BaseFin 57 Ltd,Base Layer,North,FY23Q2,30-09-2022,  MSME ,2388.48,5.991,2.157,24.96,2.577
NBFC052,BaseFin 52 Ltd,Base Layer,North,FY22Q4,2022-03-31,M.S.M.E,1840.86,7.003,2.731,24.92,2.082
NBFC031,MiddleFin 31 Ltd,Middle  Layer,South,FY22Q2,30/09/2021,Retail (Housing),17036.51,3.154,1.325,28.27,1.854
NBFC013,UpperFin 13 Ltd,Upper Layer,East,FY23Q4,31-03-2023,Retail (Vehicle),16726.1,3.759,1.24,25.51,3.113
NBFC059,BaseFin 59 Ltd,Base Layer,Central,FY21Q4,31-03-2021,Microfinance,3182.52,11.578,5.21,23.82,1.58
NBFC007,UpperFin 07 Ltd,UL,North,FY23Q2,30/09/2022,MSME,6219.26,5.714,2.057,28.31%,2.26
NBFC048,BaseFin 48 Ltd,Base Layer,East,FY23Q2,30/09/2022,Microfinance,2698.78,9.196,3.311,24.9,2.593
NBFC013,UpperFin 13 Ltd,Upper Layer,East,FY24Q2,30/09/2023,MSME,"10,943.05",4.252,1.276,25.78,2.839
NBFC008,UpperFin 08 Ltd,upper layer,East,FY22Q2,30-09-2021,Retail (Vehicle),23769.6,5.745,2.413,23.89,1.26
NBFC032,MiddleFin 32 Ltd,  Middle Layer ,North,FY23Q2,30-09-2022,Retail (Vehicle),16648.53,4.537,1.633,27.88,1.955
  NBFC007 ,UpperFin 07 Ltd,Upper Layer,North,FY25Q2,30-09-2024,Infrastructure,10175.12,2.627,0.63,27.38,3.508
NBFC043,BaseFin 43 Ltd,Base Layer,East,FY21Q4,2021-03-31,MSME,1521.27,7.641,3.438,23.52,1.964
,,,,,,,,,,,
NBFC058,BaseFin 58 Ltd,Base Layer,East,FY25Q2,30/09/2024,Wholesale/Corporate,959.05,3.565,0.856,27.11,3.433
NBFC040,MiddleFin 40 Ltd,Middle Layer,West,FY24Q4,2024-03-31,MSME,19131.07,2.844,0.768,29.15,3.734
NBFC018,MiddleFin 18 Ltd,Middle Layer,East,FY24Q4,31-03-2024,Wholesale/Corporate,23616.76,2.549,0.688,23.95,3.849
NBFC023,MiddleFin 23 Ltd,Middle Layer,East,FY23Q2,30/09/2022,Retail (Personal/Unsecured),21681.02,8.002,2.881,25.65,2.324
NBFC048,BaseFin 48 Ltd,Base Layer,East,FY24Q2,30-09-2023,Retail (Personal/Unsecured),2860.6,5.792,N/A,28.6,3.67
NBFC020,MiddleFin 20 Ltd,Middle Layer,West,FY23Q4,31-03-2023,retail (housing),31340.24,2.01,0.663,26.94,3.044
NBFC056,BaseFin 56 Ltd,Base Layer,South,FY21Q4,31-03-2021,Retail (Gold),1259.41,2.036,0.916,24.6,1.958
NBFC007,UpperFin 07 Ltd,Upper Layer,North,FY21Q4,2021-03-31,Infrastructure,6024.3,4.818,2.168,27.71,1.832
NBFC021,MiddleFin 21 Ltd,Middle Layer,South,FY22Q4,31/03/2022,Wholesale/Corporate,9198.58,5.963,2.326,28.05%,1.238
NBFC041,BaseFin 41 Ltd,Base Layer,South,FY23Q4,2023-03-31,Microfinance,2149.05,7.348,2.425,29.37,2.563
NBFC041,BaseFin 41 Ltd,Base Layer,South,FY25Q4,31-03-2025,Wholesale/Corporate,890.71,3.294,0.692,28.25,3.047
NBFC030,MiddleFin 30 Ltd,Middle Layer,West,FY22Q2,2021-09-30,Wholesale/Corporate,12379.44,6.376,2.678,26.95,1.724
NBFC039,MiddleFin 39 Ltd,Middle Layer,Central,FY22Q2,30/09/2021,Retail (Housing),"22,730.43",3.196,1.342,23.49,2.027
NBFC016,MiddleFin 16 Ltd,middle layer,South,FY22Q4,31/03/2022,Retail (Personal/Unsecured),18966.57,8.903,3.472,29.45,1.719
  NBFC059 ,BaseFin 59 Ltd,Base Layer,Central,FY25Q2,2024-09-30,  Retail (Gold) ,"4,837.79",1.069,0.257,28.94,3.16
NBFC030,MiddleFin 30 Ltd,Middle Layer,West,FY22Q2,2021-09-30,MSME,"19,807.10",N/A,3.171,27.84,1.596
NBFC038,MiddleFin 38 Ltd,Middle Layer,East,FY22Q4,31/03/2022,Retail (Gold),6477.82,1.86,0.725,25.43%,1.157
NBFC010,UpperFin 10 Ltd,Upper Layer,West,FY24Q2,30/09/2023,Infrastructure,16370.4,3.077,0.923,28.46,3.279
NBFC032,MiddleFin 32 Ltd,  Middle Layer ,North,FY23Q4,31/03/2023,Infrastructure,"8,990.86",3.096,1.022,30.01,2.974
NBFC060,BaseFin 60 Ltd,Base Layer,West,FY25Q2,30/09/2024,Retail (Personal/Unsecured),3565.96,5.08%,1.219,27.62,3.205
NBFC034,MiddleFin 34 Ltd,Middle  Layer,Central,FY22Q2,30/09/2021,MSME,13523.55,7.804,3.278,27.15,2.133
NBFC040,MiddleFin 40 Ltd,Middle  Layer,West,FY25Q4,2025-03-31,Retail (Housing),19031.43,1.468,0.308,27.23,3.145
NBFC039,MiddleFin 39 Ltd,  Middle Layer ,Central,FY23Q2,2022-09-30,Retail (Personal/Unsecured),25919.78,7.619,2.743,29.4,1.663
NBFC044,BaseFin 44 Ltd,Base Layer,Central,FY25Q4,31/03/2025,MSME,"3,647.49",3.411,0.716,23.14,3.13
NBFC002,UpperFin 02 Ltd,Upper Layer,North,FY22Q4,2022-03-31,Retail (Vehicle),26480.23,5.672,2.212,24.11,1.827
NBFC046,BaseFin 46 Ltd,Base Layer,South,FY22Q4,31-03-2022,microfinance,2973.64,11.379,4.438,29.48,1.848
NBFC005,UpperFin 05 Ltd,Upper Layer,West,FY25Q2,30-09-2024,Retail (Vehicle),23019.85,3.11,0.746,25.51,3.252
NBFC032,MiddleFin 32 Ltd,Middle Layer,North,FY24Q4,31/03/2024,Retail (Housing),19119.8,1.168,0.315,29.45,2.972
  NBFC015 ,UpperFin 15 Ltd,Upper Layer,West,FY23Q2,30-09-2022,Infrastructure,14425.69,4.033,1.452,25.07%,1.711
NBFC016,MiddleFin 16 Ltd,Middle Layer,South,FY22Q4,31-03-2022,Retail (Housing),18966.57,2.933%,1.144,26.04,2.142
NBFC056,BaseFin 56 Ltd,Base Layer,South,FY22Q2,30/09/2021,Retail (Vehicle),1034.61,5.935,2.493,23.48,1.016
NBFC058,BaseFin 58 Ltd,Base Layer,East,FY22Q4,2022-03-31,Wholesale/Corporate,631.8,5.739,2.238,28.47,1.887
NBFC003,UpperFin 03 Ltd,Upper Layer,East,FY25Q2,2024-09-30,Wholesale/Corporate,22019.99,3.562,0.855,23.58,3.419
NBFC042,BaseFin 42 Ltd,Base Layer,North,FY24Q2,30/09/2023,Wholesale/Corporate,1264.18,-5,1.1,27.66,2.648
NBFC032,MiddleFin 32 Ltd,Middle Layer,North,FY22Q2,30/09/2021,Infrastructure,7299.99,4.949,2.079,26.72,1.555
  NBFC047 ,BaseFin 47 Ltd,BL,North,FY22Q2,30/09/2021,Retail (Vehicle),941.2,5.774,2.425,28.16,1.87
  NBFC057 ,BaseFin 57 Ltd,BASE LAYER,North,FY23Q2,30-09-2022,Microfinance,3412.12,9.69,3.488,26.48,-
NBFC042,BaseFin 42 Ltd,BL,North,FY23Q2,30/09/2022,gold,3220.2,1.53,0.551,24.48,2.4
NBFC005,UpperFin 05 Ltd,Upper Layer,West,FY22Q4,31/03/2022,Retail (Vehicle),15164.88,5.527,2.156,27.71,1.464
NBFC033,MiddleFin 33 Ltd,Middle Layer,East,FY25Q4,2025-03-31,MSME,17008.84,3.49,0.733,26.87,2.441
NBFC053,BaseFin 53 Ltd,  Base Layer ,East,FY25Q2,30-09-2024,Wholesale/Corporate,609.87,3.405,0.817,26.95,3.469
  NBFC041 ,BaseFin 41 Ltd,Base Layer,South,FY25Q4,31-03-2025,Microfinance,"2,969.03",5.641,1.185,28.29,2.687
NBFC027,MiddleFin 27 Ltd,Middle Layer,North,FY24Q4,2024-03-31,Wholesale/Corporate,17652.46,2.459,0.664,25.88,3.325
NBFC032,MiddleFin 32 Ltd,Middle Layer,North,FY25Q4,2025-03-31,Retail (Gold),15526.71,0.957,null,24.76,2.949
NBFC055,BaseFin 55 Ltd,Base Layer,West,FY23Q2,30/09/2022,  Infrastructure ,213.34,4.149,1.494,25.88,2.498
NBFC004,UpperFin 04 Ltd,UL,Central,FY25Q4,31-03-2025,MSME,"13,320.01",3.543,0.744,26.84,2.484
NBFC036,MiddleFin 36 Ltd,Middle Layer,South,FY23Q2,30-09-2022,Wholesale/Corporate,9752.38,4.938,1.778,26.2,1.972
NBFC007,UpperFin 07 Ltd,Upper Layer,North,FY25Q2,30/09/2024,MSME,8721.53,3.927,0.942,25.94,2.672
NBFC018,MiddleFin 18 Ltd,  Middle Layer ,East,FY21Q4,31/03/2021,M.S.M.E,23903.54,7.437%,3.347,23.58,1.867
NBFC012,UpperFin 12 Ltd,Upper Layer,North,FY23Q2,30/09/2022,Retail (Personal/Unsecured),7984.63,8.051,2.898,24.58,2.513
NBFC035,MiddleFin 35 Ltd,Middle Layer,West,FY25Q4,31-03-2025,Wholesale/Corporate,24759.82,3.07,0.645,N/A,2.91
NBFC017,MiddleFin 17 Ltd,Middle  Layer,North,FY22Q2,30-09-2021,MFI,"21,906.86",11.619,4.88,23.3,2.117
NBFC054,BaseFin 54 Ltd,Base Layer,Central,FY22Q4,31/03/2022,Retail (Personal/Unsecured),1913.03,9.518,3.712,28.94,2.117
NBFC057,BaseFin 57 Ltd,Base Layer,North,FY24Q4,31/03/2024,MSME,3134.88,2.829,0.764,NA,3.596
NBFC037,MiddleFin 37 Ltd,Middle Layer,North,FY25Q2,30/09/2024,Microfinance,"20,368.52",6.374,1.53,27.06,3.252
NBFC044,BaseFin 44 Ltd,Base Layer,Central,FY23Q2,30/09/2022,Retail (Personal/Unsecured),3142.79,8.097,2.915,null,1.794
NBFC037,MiddleFin 37 Ltd,Middle Layer,North,FY22Q4,2022-03-31,Retail (Personal/Unsecured),15654.64,9.238,3.603,25.23,1.749
NBFC019,MiddleFin 19 Ltd,Middle  Layer,Central,FY23Q4,2023-03-31,Retail (Gold),16871.49,1.194,0.394,30.41,2.898
NBFC012,UpperFin 12 Ltd,UPPER LAYER,North,FY22Q2,30/09/2021,Retail (Vehicle),14004.29,6.045,2.539,25.72,1.086
NBFC026,MiddleFin 26 Ltd,Middle Layer,South,FY25Q2,30-09-2024,Retail (Vehicle),31697.79,3.294,0.791,24.41%,2.419
NBFC020,MiddleFin 20 Ltd,Middle Layer,West,FY23Q2,2022-09-30,MFI,24871.41,9.387,12.387,26.52,2.397
NBFC050,BaseFin 50 Ltd,Base Layer,West,FY24Q4,2024-03-31,Retail (Personal/Unsecured),4198.97,3.882,1.048,27.53,3.748
NBFC048,BaseFin 48 Ltd,Base Layer,East,FY22Q2,30-09-2021,Infrastructure,236.67,5.176%,2.174,25.73,1.12
NBFC011,UpperFin 11 Ltd,Upper Layer,South,FY23Q4,31/03/2023,Retail (Housing),19572.6,1.968,0.649,24.59,3.241
NBFC045,BaseFin 45 Ltd,BASE LAYER,West,FY25Q2,30/09/2024,Retail (Gold),3728.64,1.048,0.252,25.45,3.451
NBFC015,UpperFin 15 Ltd,Upper Layer,West,FY23Q2,30/09/2022,Wholesale/Corporate,12364.87,5.285,,25.52,1.817
NBFC018,MiddleFin 18 Ltd,Middle Layer,East,FY24Q4,2024-03-31,Retail (Housing),33063.47,1.164,0.314,N/A,3.631
  NBFC054 ,BaseFin 54 Ltd,Base Layer,Central,FY25Q2,30-09-2024,Retail (Personal/Unsecured),2903.93,5.169%,1.241,26.0,3.434
NBFC045,BaseFin 45 Ltd,Base Layer,West,FY22Q4,31-03-2022,  Retail (Housing) ,1091.7,2.799,1.092,26.11,1.905
NBFC017,MiddleFin 17 Ltd,Middle Layer,North,FY23Q4,31/03/2023,MSME,35974.75,4.695,1.549,30.21,2.773
NBFC038,MiddleFin 38 Ltd,Middle Layer,East,FY22Q2,30/09/2021,Microfinance,7378.96,11.509,4.834,23.6,1.739
NBFC014,UpperFin 14 Ltd,Upper Layer,Central,FY23Q4,2023-03-31,Retail (Gold),"6,282.19",1.295,0.427,29.11,2.999
NBFC053,BaseFin 53 Ltd,BASE LAYER,East,FY23Q4,31-03-2023,MSME,"1,096.02",4.463,7.463,27.84,3.309
NBFC006,UpperFin 06 Ltd,Upper Layer,South,FY24Q2,30/09/2023,Wholesale/Corporate,19911.86,3.73,1.119,29.41,N/A
NBFC057,BaseFin 57 Ltd,Base Layer,North,FY24Q2,30/09/2023,Infrastructure,401.86,2.88,0.864,28.69,3.319
NBFC030,MiddleFin 30 Ltd,Middle Layer,West,FY22Q4,31-03-2022,MSME,"20,865.83",6.788,2.647,27.76,-
NBFC008,UpperFin 08 Ltd,Upper Layer,East,FY25Q2,30-09-2024,Retail (Vehicle),38010.19,3.053,0.733,23.49,null
NBFC002,UpperFin 02 Ltd,Upper Layer,North,FY23Q2,30-09-2022,Retail (Gold),"8,599.08",1.543,0.555,26.41,2.151
NBFC043,BaseFin 43 Ltd,Base Layer,East,FY24Q2,30-09-2023,Retail (Vehicle),2157.91,3.561,1.068,26.53,3.391
NBFC047,BaseFin 47 Ltd,Base Layer,North,FY25Q4,31/03/2025,  Retail (Vehicle) ,1601.51,2.891,0.607,24.13,3.195
NBFC046,BaseFin 46 Ltd,Base Layer,South,FY22Q2,30-09-2021,MSME,1975.93,7.487,3.145,28.98,1.42
NBFC016,MiddleFin 16 Ltd,Middle Layer,South,FY22Q2,2021-09-30,Retail (Gold),12860.15,1.946,0.817,27.8,1.36
NBFC030,MiddleFin 30 Ltd,Middle Layer,West,FY24Q4,31-03-2024,Retail (Gold),18527.8,0.796%,0.215,26.58,-
NBFC048,BaseFin 48 Ltd,Base Layer,East,FY25Q2,2024-09-30,Wholesale/Corporate,1135.38,3.441,0.826,24.97,3.131
NBFC058,BaseFin 58 Ltd,Base Layer,East,FY23Q2,2022-09-30,MSME,1595.75,5.818,2.094,26.01,2.317
NBFC035,MiddleFin 35 Ltd,Middle Layer,West,FY25Q2,30-09-2024,MSME,"37,230.47",3.79%,0.91,24.59,3.334
NBFC014,UpperFin 14 Ltd,Upper Layer,Central,FY21Q4,31-03-2021,Microfinance,3219.48,11.598,5.219,27.07,1.993
NBFC029,MiddleFin 29 Ltd,ML,Central,FY25Q2,30-09-2024,  Wholesale/Corporate ,"22,043.04",3.415,0.82,28.1,2.78
NBFC044,BaseFin 44 Ltd,Base Layer,Central,FY25Q2,2024-09-30,Retail (Housing),0,1.664,0.399,28.89,3.287
NBFC060,BaseFin 60 Ltd,Base Layer,West,FY25Q4,31-03-2025,Retail (Housing),1686.41,1.496,0.314,27.36,2.88
NBFC053,BaseFin 53 Ltd,Base Layer,East,FY21Q4,31/03/2021,Wholesale/Corporate,361.08,6.8,3.06,26.6,1.0
NBFC005,UpperFin 05 Ltd,Upper Layer,West,FY25Q2,30/09/2024,MSME,"13,811.91",3.75,0.9,28.33,3.417
NBFC039,MiddleFin 39 Ltd,Middle Layer,Central,FY25Q2,30/09/2024,housing,"36,348.45",1.676,0.402,26.06,2.845
NBFC021,MiddleFin 21 Ltd,Middle Layer,South,FY23Q2,2022-09-30,GOLD LOAN,9957.03,1.619,0.583,28.97,2.297
  NBFC043 ,BaseFin 43 Ltd,Base Layer,East,FY22Q4,2022-03-31,Infrastructure,241.81,4.777,1.863,26.69,2.072
NBFC044,BaseFin 44 Ltd,Base Layer,Central,FY22Q2,30-09-2021,  Microfinance ,3062.31,12.232,5.137,24.43%,1.031
NBFC019,MiddleFin 19 Ltd,Middle Layer,Central,FY21Q4,31-03-2021,Wholesale/Corporate,12969.39,6.359%,2.862,25.19,2.016
NBFC056,BaseFin 56 Ltd,Base Layer,South,FY22Q4,2022-03-31,  Retail (Gold) ,1401.32,1.757,0.685,24.93,1.162
NBFC023,MiddleFin 23 Ltd,Middle Layer,East,FY24Q4,31-03-2024,Retail (Gold),"20,325.95",0.741%,0.2,27.61,2.742
NBFC021,MiddleFin 21 Ltd,Middle  Layer,South,FY24Q2,30/09/2023,Retail (Housing),16417.42,1.823%,0.547,27.69,3.053
NBFC055,BaseFin 55 Ltd,BASE LAYER,West,FY23Q2,30-09-2022,Microfinance,2133.41,9.808,3.531,25.91,2.375
NBFC005,UpperFin 05 Ltd,Upper Layer,West,FY21Q4,2021-03-31,Microfinance,2725.83,11.265,5.069,24.46,2.001
NBFC014,UpperFin 14 Ltd,  Upper Layer ,Central,FY24Q4,31/03/2024,Retail (Personal/Unsecured),12723.42,3.959,1.069,24.7,3.621
NBFC052,BaseFin 52 Ltd,Base Layer,North,FY25Q2,30/09/2024,Retail (Vehicle),2794.37,3.137,0.753,28.8%,2.978
NBFC050,BaseFin 50 Ltd,Base Layer,West,FY21Q4,31-03-2021,M.S.M.E,2065.95,7.245,3.26,23.34,0.972
NBFC006,UpperFin 06 Ltd,Upper Layer,South,FY22Q4,31/03/2022,MSME,15619.09,6.699,2.613,29.53,1.291
NBFC021,MiddleFin 21 Ltd,ML,South,FY21Q4,2021-03-31,Infrastructure,6613.64,5.15,2.318,23.75,0.923
NBFC038,MiddleFin 38 Ltd,Middle Layer,East,FY23Q2,30/09/2022,MSME,11219.09,5.882,2.118,24.43,1.786
NBFC030,MiddleFin 30 Ltd,ML,West,FY24Q2,2023-09-30,Retail (Personal/Unsecured),23275.54,5.983,1.795,25.84,3.669
NBFC057,BaseFin 57 Ltd,Base Layer,North,FY22Q2,30-09-2021,Retail (Housing),"1,196.91",3.085,6.085,24.16,1.012
NBFC049,BaseFin 49 Ltd,Base Layer,Central,FY23Q2,30/09/2022,gold,2351.05,1.541,0.555,27.78%,2.561
NBFC004,UpperFin 04 Ltd,  Upper Layer ,Central,FY23Q2,2022-09-30,Infrastructure,"10,414.25",4.01,-,30.37,1.558
NBFC034,MiddleFin 34 Ltd,Middle Layer,Central,FY22Q4,2022-03-31,Retail (Housing),"12,465.62",2.958%,1.154,24.84,2.224
NBFC020,MiddleFin 20 Ltd,Middle  Layer,West,FY22Q2,30/09/2021,GOLD LOAN,18175.88,1.928,0.81,23.9,1.968
NBFC026,MiddleFin 26 Ltd,Middle Layer,South,FY23Q2,2022-09-30,Retail (Gold),14127.15,1.522,-,27.06,1.811
NBFC014,UpperFin 14 Ltd,Upper Layer,Central,FY22Q2,2021-09-30,Microfinance,3400.49,11.5,4.83,26.03,2.198
NBFC018,MiddleFin 18 Ltd,middle layer,East,FY21Q4,2021-03-31,  Infrastructure ,11951.77,5.125,2.306,26.42,1.338
NBFC036,MiddleFin 36 Ltd,ML,South,FY22Q4,2022-03-31,Retail (Vehicle),14415.23,5.362,8.362,28.62,2.233
NBFC038,MiddleFin 38 Ltd,Middle Layer,East,FY22Q2,30-09-2021,Retail (Gold),6149.13,1.971,0.828,25.09,1.352
NBFC060,BaseFin 60 Ltd,Base Layer,West,FY25Q2,2024-09-30,Retail (Housing),1584.87,1.675,0.402,23.59,2.953
NBFC052,BaseFin 52 Ltd,Base Layer,North,FY23Q4,2023-03-31,Wholesale/Corporate,922.38,3.965,6.965,27.49,3.094
NBFC057,BaseFin 57 Ltd,base layer,North,FY21Q4,31-03-2021,Retail (Personal/Unsecured),2549.69,10.122,4.555,26.41,null
NBFC029,MiddleFin 29 Ltd,Middle Layer,Central,FY23Q4,31-03-2023,retail (housing),23768.42,1.992,0.657,24.95,3.447
NBFC045,BaseFin 45 Ltd,Base Layer,West,FY25Q4,2025-03-31,  Retail (Gold) ,3967.52,0.958,0.201,24.76,2.542
  NBFC052 ,BaseFin 52 Ltd,  Base Layer ,North,FY21Q4,2021-03-31,M.S.M.E,1654.44,7.38,3.321,24.08,0.913
  NBFC056 ,BaseFin 56 Ltd,Base Layer,South,FY22Q2,2021-09-30,Retail (Housing),591.21,3.194,1.341,25.6%,1.632
NBFC032,MiddleFin 32 Ltd,Middle Layer,North,FY25Q4,2025-03-31,Infrastructure,12421.37,2.426,0.509,24.85,2.724
NBFC030,MiddleFin 30 Ltd,Middle Layer,West,FY21Q4,31-03-2021,MSME,0,7.573%,3.408,N/A,1.863
NBFC004,UpperFin 04 Ltd,Upper Layer,Central,FY22Q4,31/03/2022,MSME,8246.55,6.798,2.651,28.11,1.998
  NBFC052 ,BaseFin 52 Ltd,Base Layer,North,FY22Q4,31-03-2022,Infrastructure,262.98,4.681,1.826,28.36,1.196
NBFC055,BaseFin 55 Ltd,Base Layer,West,FY25Q4,31-03-2025,Retail (Gold),2865.11,0.976,0.205,26.25,3.206
NBFC040,MiddleFin 40 Ltd,Middle Layer,West,FY23Q2,2022-09-30,Infrastructure,7288.03,4.23,1.523,26.77,1.906
NBFC029,MiddleFin 29 Ltd,Middle Layer,Central,FY25Q4,31/03/2025,Retail (Vehicle),"37,528.43",2.893,N/A,28.48,2.59
NBFC008,UpperFin 08 Ltd,Upper Layer,East,FY22Q4,2022-03-31,MSME,15024.08,6.438,2.511,28.56,1.115
NBFC017,MiddleFin 17 Ltd,Middle Layer,North,FY25Q2,2024-09-30,Retail (Gold),29192.89,1.004,0.241,28.13,3.558
NBFC018,MiddleFin 18 Ltd,  Middle Layer ,East,FY25Q2,2024-09-30,Retail (Gold),25233.39,1.082,0.26,26.4,2.533
NBFC026,MiddleFin 26 Ltd,middle layer,South,FY22Q2,2021-09-30,Retail (Personal/Unsecured),17344.39,9.674,4.063,26.01,1.062
NBFC025,MiddleFin 25 Ltd,Middle Layer,West,FY25Q4,2025-03-31,Retail (Personal/Unsecured),15577.34,4.596,0.965,25.31,2.66
  NBFC021 ,MiddleFin 21 Ltd,Middle Layer,South,FY25Q4,31/03/2025,Retail (Housing),20800.85,1.458%,0.306,23.14,2.818
NBFC042,BaseFin 42 Ltd,Base Layer,North,FY22Q4,31-03-2022,  Infrastructure ,330.55,4.503,1.756,23.75,1.246
NBFC007,UpperFin 07 Ltd,Upper Layer,North,FY25Q4,31/03/2025,Retail (Personal/Unsecured),"7,733.58",4.868,1.022,26.57,2.226
NBFC009,UpperFin 09 Ltd,Upper Layer,Central,FY23Q4,31-03-2023,Infrastructure,20117.97,3.264,1.077,29.98,2.348
NBFC033,MiddleFin 33 Ltd,Middle Layer,East,FY23Q2,30/09/2022,Retail (Housing),9973.77,2.367,0.852,25.94,2.602
NBFC054,BaseFin 54 Ltd,Base Layer,Central,FY24Q2,30-09-2023,housing,1083.92,1.761,0.528,26.08,3.289
NBFC007,UpperFin 07 Ltd,Upper Layer,North,FY24Q4,2024-03-31,Retail (Personal/Unsecured),-100,3.943,1.065,24.81,2.987
NBFC050,BaseFin 50 Ltd,Base Layer,West,FY24Q4,31/03/2024,Retail (Gold),4198.97,0.806,0.218,27.83,3.178
NBFC026,MiddleFin 26 Ltd,Middle  Layer,South,FY25Q2,30-09-2024,Infrastructure,15848.9,2.713,0.651,27.97,3.104
NBFC051,BaseFin 51 Ltd,Base Layer,South,FY25Q2,2024-09-30,MSME,"2,191.52",,0.934,26.87,2.651
NBFC034,MiddleFin 34 Ltd,Middle Layer,Central,FY24Q2,30/09/2023,  Retail (Personal/Unsecured) ,15891.68,5.622,1.687,25.15%,3.439
NBFC018,MiddleFin 18 Ltd,Middle Layer,East,FY23Q2,30-09-2022,Infrastructure,"14,394.98",3.917,1.41,30.29,2.693
NBFC041,BaseFin 41 Ltd,Base Layer,South,FY22Q2,2021-09-30,Retail (Personal/Unsecured),1570.4,N/A,4.155,23.59,null
NBFC019,MiddleFin 19 Ltd,Middle Layer,Central,FY22Q2,30-09-2021,Retail (Housing),19177.97,null,1.297,25.07,1.907
NBFC039,MiddleFin 39 Ltd,Middle Layer,Central,FY25Q2,30/09/2024,Retail (Personal/Unsecured),36348.45,5.499,1.32,26.42,3.254
NBFC034,MiddleFin 34 Ltd,Middle Layer,Central,FY22Q4,31-03-2022,gold,8904.01,1.791,0.698,25.46,1.693
NBFC031,MiddleFin 31 Ltd,Middle Layer,South,FY22Q4,31/03/2022,Retail (Personal/Unsecured),17947.14,9.283,3.62,28.68,1.34
  NBFC033 ,MiddleFin 33 Ltd,Middle Layer,East,FY25Q4,31-03-2025,Wholesale/Corporate,10630.53,3.087,0.648,28.43,NA
NBFC047,BaseFin 47 Ltd,base layer,North,FY22Q2,30/09/2021,Wholesale/Corporate,403.37,6.303,2.647,28.48,1.28
NBFC030,MiddleFin 30 Ltd,Middle Layer,West,FY24Q2,30/09/2023,Wholesale/Corporate,16625.39,3.919,1.176,25.87%,2.559
NBFC059,BaseFin 59 Ltd,Base Layer,Central,FY25Q2,30-09-2024,Retail (Housing),2150.13,1.673,0.402,26.26,2.446
NBFC023,MiddleFin 23 Ltd,Middle Layer,East,FY25Q4,2025-03-31,Infrastructure,18486.94,2.402,0.504,27.86%,3.028
NBFC002,UpperFin 02 Ltd,Upper Layer,North,FY25Q4,31/03/2025,Retail (Vehicle),"42,771.45",2.875,0.604,28.69,2.709
NBFC003,UpperFin 03 Ltd,Upper Layer,East,FY23Q4,2023-03-31,Retail (Personal/Unsecured),"14,133.07",5.902%,1.948,27.28,3.088
NBFC048,BaseFin 48 Ltd,Base Layer,East,FY24Q2,30/09/2023,Retail (Housing),1271.38,1.846,0.554,27.98,3.459
NBFC021,MiddleFin 21 Ltd,Middle Layer,South,FY22Q4,31/03/2022,Microfinance,11038.3,11.367,4.433,25.68,2.164
NBFC051,BaseFin 51 Ltd,Base Layer,South,FY21Q4,31/03/2021,retail (housing),741.44,250,1.43,27.34,1.576
NBFC051,BaseFin 51 Ltd,Base Layer,South,FY22Q4,31/03/2022,MSME,"1,443.72",7.083,2.762,27.48,1.643
NBFC044,BaseFin 44 Ltd,BL,Central,FY24Q4,31-03-2024,Retail (Housing),1833.29,1.186,0.32,24.99,3.209
  NBFC006 ,UpperFin 06 Ltd,Upper Layer,South,FY24Q2,2023-09-30,Infrastructure,23230.5,3.149%,0.945,29.81,3.654
NBFC016,MiddleFin 16 Ltd,Middle Layer,South,FY23Q2,30/09/2022,Microfinance,17597.49,9.659,3.477,28.44,2.684
NBFC056,BaseFin 56 Ltd,Base Layer,South,FY25Q4,2025-03-31,Microfinance,2514.93,5.8,1.218,24.35,3.027
NBFC039,MiddleFin 39 Ltd,middle layer,Central,FY22Q4,31/03/2022,Retail (Personal/Unsecured),23945.42,8.692%,3.39,26.18,2.197
NBFC041,BaseFin 41 Ltd,Base Layer,South,FY22Q2,30/09/2021,MSME,1221.42,7.102,2.983,25.5,1.135
NBFC001,UpperFin 01 Ltd,Upper Layer,South,FY23Q2,30/09/2022,Retail (Personal/Unsecured),"11,540.56",7.623,2.744,27.83,2.004
NBFC060,BaseFin 60 Ltd,Base Layer,West,FY22Q2,30-09-2021,  Wholesale/Corporate ,743.32,6.416,2.695,28.42,1.626
NBFC005,UpperFin 05 Ltd,  Upper Layer ,West,FY25Q2,30/09/2024,Microfinance,4603.97,6.546,1.571,27.93,2.909
NBFC024,MiddleFin 24 Ltd,Middle Layer,Central,FY21Q4,31-03-2021,Retail (Housing),8801.12,3.061%,1.377,27.82,1.773
NBFC058,BaseFin 58 Ltd,Base Layer,East,FY22Q4,2022-03-31,Retail (Gold),1895.39,1.908,0.744,25.89,1.135
NBFC049,BaseFin 49 Ltd,Base Layer,Central,FY25Q2,30/09/2024,housing,1465.32,1.599,0.384,23.83,2.543
NBFC005,UpperFin 05 Ltd,Upper Layer,West,FY21Q4,31/03/2021,MSME,8177.5,7.228,3.253,23.61,1.318
NBFC028,MiddleFin 28 Ltd,Middle Layer,East,FY22Q4,31/03/2022,Retail (Gold),18224.2,N/A,0.721,24.54,1.713
NBFC013,UpperFin 13 Ltd,Upper Layer,East,FY21Q4,31/03/2021,Retail (Vehicle),12857.62,5.815,2.617,23.74,1.236
NBFC006,UpperFin 06 Ltd,UPPER LAYER,South,FY25Q4,31/03/2025,Retail (Housing),46251.87,1.568,0.329,25.01,2.294
NBFC009,UpperFin 09 Ltd,Upper Layer,Central,FY21Q4,31/03/2021,Wholesale/Corporate,13255.72,6.524,2.936,25.85,0.936
NBFC004,UpperFin 04 Ltd,Upper Layer,Central,FY25Q2,30-09-2024,Retail (Gold),6259.01,1.0,0.24,27.8,3.059
NBFC011,UpperFin 11 Ltd,Upper Layer,South,FY23Q4,31-03-2023,Retail (Vehicle),17793.28,3.56,1.175,27.33,2.666
NBFC023,MiddleFin 23 Ltd,  Middle Layer ,East,FY24Q4,2024-03-31,Infrastructure,16260.76,1.953,0.527,24.65,3.624
NBFC019,MiddleFin 19 Ltd,  Middle Layer ,Central,FY23Q4,31-03-2023,msme,26994.39,4.698,1.55,28.69,2.529
NBFC024,MiddleFin 24 Ltd,Middle Layer,Central,FY22Q2,2021-09-30,MSME,10623.93,7.348,3.086,28.97,1.998
NBFC040,MiddleFin 40 Ltd,Middle Layer,West,FY23Q2,30-09-2022,Retail (Vehicle),14576.05,4.72,1.699,28.45,2.412
NBFC003,UpperFin 03 Ltd,Upper Layer,East,FY24Q2,2023-09-30,Infrastructure,21575.29,2.883,0.865,30.13,2.773
NBFC020,MiddleFin 20 Ltd,ML,West,FY23Q4,31-03-2023,Retail (Gold),22385.89,1.235,0.408,27.64,2.643
NBFC058,BaseFin 58 Ltd,base layer,East,FY23Q4,2023-03-31,Wholesale/Corporate,738.66,4.075,1.345,28.76,3.233
NBFC028,MiddleFin 28 Ltd,Middle Layer,East,FY23Q2,2022-09-30,Retail (Personal/Unsecured),27617.57,7.714,2.777,null,2.389
  NBFC035 ,MiddleFin 35 Ltd,Middle Layer,West,FY23Q2,2022-09-30,Retail (Gold),16592.97,null,0.559,26.73,1.738
  NBFC057 ,BaseFin 57 Ltd,Base Layer,North,FY25Q2,30/09/2024,Retail (Vehicle),3349.47,3.157,0.758,24.56,2.629
NBFC036,MiddleFin 36 Ltd,Middle Layer,South,FY25Q4,31/03/2025,Microfinance,17462.85,5.592,1.174,28.12,3.263
NBFC039,MiddleFin 39 Ltd,Middle Layer,Central,FY23Q4,31/03/2023,Microfinance,23996.05,7.4,2.442,28.22,2.904
NBFC020,MiddleFin 20 Ltd,Middle Layer,West,FY24Q2,30-09-2023,Infrastructure,19527.94,3.147,0.944,26.68,3.002
NBFC050,BaseFin 50 Ltd,Base Layer,West,FY24Q2,2023-09-30,Retail (Personal/Unsecured),3767.83,5.602,1.681,29.36,3.612
NBFC059,BaseFin 59 Ltd,Base Layer,Central,FY23Q4,31/03/2023,Microfinance,4140.05,7.625,2.516,25.47,2.307
NBFC057,BaseFin 57 Ltd,Base Layer,North,FY25Q4,31-03-2025,Retail (Housing),"2,036.61",1.498,0.315,23.81,2.998
  NBFC033 ,MiddleFin 33 Ltd,Middle  Layer,East,FY23Q4,31-03-2023,Retail (Gold),7694.61,1.27%,0.419,27.85,2.867
NBFC053,BaseFin 53 Ltd,BASE LAYER,East,FY22Q4,31-03-2022,Retail (Housing),535.69,2.816,1.098,999,2.096
NBFC024,MiddleFin 24 Ltd,ML,Central,FY25Q4,2025-03-31,Microfinance,13557.93,5.822,1.223,24.15,2.746
NBFC005,UpperFin 05 Ltd,UPPER LAYER,West,FY22Q4,2022-03-31,Retail (Housing),"16,681.37",2.838%,1.107,25.24,1.367
NBFC029,MiddleFin 29 Ltd,Middle Layer,Central,FY24Q2,2023-09-30,MSME,29619.96,4.363,1.309,28.6,NA
NBFC047,BaseFin 47 Ltd,Base Layer,North,FY25Q2,30/09/2024,  Wholesale/Corporate ,645.04,3.299,0.792,23.87,3.201
NBFC055,BaseFin 55 Ltd,Base Layer,West,FY24Q2,30-09-2023,M.S.M.E,0,4.375,1.312,null,3.354
NBFC028,MiddleFin 28 Ltd,Middle Layer,East,FY25Q2,30-09-2024,Retail (Vehicle),44262.08,3.205,0.769,27.87,2.763
NBFC010,UpperFin 10 Ltd,Upper Layer,West,FY21Q4,31/03/2021,Infrastructure,11540.72,5.079,2.286,27.75,1.515
NBFC045,BaseFin 45 Ltd,  Base Layer ,West,FY25Q4,2025-03-31,Retail (Housing),1763.34,1.58%,0.332,28.01%,2.276
,,,,,,,,,,,
NBFC051,BaseFin 51 Ltd,Base Layer,South,FY23Q2,2022-09-30,Wholesale/Corporate,669.75,5.3,1.908,28.07,2.332
NBFC049,BaseFin 49 Ltd,Base Layer,Central,FY23Q4,2023-03-31,Retail (Personal/Unsecured),"2,539.31",6.028,1.989,NA,2.61
NBFC021,MiddleFin 21 Ltd,Middle Layer,South,FY25Q2,30/09/2024,Retail (Personal/Unsecured),19548.44,5.498,1.32,28.24,2.67
NBFC015,UpperFin 15 Ltd,Upper Layer,West,FY25Q2,30-09-2024,Wholesale/Corporate,17339.8,3.402,0.816,28.67,3.181
NBFC004,UpperFin 04 Ltd,Upper Layer,Central,FY21Q4,31-03-2021,MSME,7411.43,7.131,3.209,22.79,1.777
NBFC042,BaseFin 42 Ltd,BL,North,FY25Q4,31/03/2025,Infrastructure,533.9,2.347,0.493,28.44,2.698
NBFC058,BaseFin 58 Ltd,Base Layer,East,FY22Q2,30/09/2021,Wholesale/Corporate,599.74,6.625,9.625,27.64,1.819
NBFC039,MiddleFin 39 Ltd,Middle Layer,Central,FY24Q2,30-09-2023,Microfinance,26165.67,7.062,2.119,28.23,3.105
NBFC059,BaseFin 59 Ltd,Base Layer,Central,FY24Q2,2023-09-30,Retail (Gold),"4,062.94",1.184,N/A,26.64,3.434
NBFC025,MiddleFin 25 Ltd,middle layer,West,FY23Q4,2023-03-31,Infrastructure,6442.98,3.26,NA,25.0,2.919
  NBFC031 ,MiddleFin 31 Ltd,Middle Layer,South,FY21Q4,31/03/2021,Retail (Housing),"16,129.66",3.0,1.35,23.76,1.83
NBFC044,BaseFin 44 Ltd,Base Layer,Central,FY23Q2,30-09-2022,MSME,2444.39,6.082,2.19,25.23,2.398
NBFC057,BaseFin 57 Ltd,Base Layer,North,FY24Q4,2024-03-31,Infrastructure,447.84,1.987,0.536,28.18,3.84
  NBFC010 ,UpperFin 10 Ltd,Upper Layer,West,FY22Q2,30-09-2021,Retail (Personal/Unsecured),8706.83,10.348,4.346,24.95%,NA
NBFC006,UpperFin 06 Ltd,Upper Layer,South,FY22Q2,30-09-2021,  Infrastructure ,17297.67,5.388,2.263,28.74,1.366
NBFC010,UpperFin 10 Ltd,Upper Layer,West,FY25Q4,31/03/2025,Retail (Personal/Unsecured),14815.19,4.838,1.016,27.97,2.531
NBFC012,UpperFin 12 Ltd,  Upper Layer ,North,FY23Q2,30/09/2022,MSME,9581.56,5.692,2.049,null,1.596
NBFC056,BaseFin 56 Ltd,Base Layer,South,FY23Q4,31-03-2023,Retail (Housing),728.15,2.012,0.664,27.82,3.085
NBFC021,MiddleFin 21 Ltd,Middle Layer,South,FY23Q4,2023-03-31,Infrastructure,8603.49,3.254,1.074,29.68,3.341
NBFC051,BaseFin 51 Ltd,Base Layer,South,FY25Q2,30-09-2024,Retail (Housing),1252.3,1.68,0.403,24.25,3.016
NBFC044,BaseFin 44 Ltd,Base Layer,Central,FY23Q2,30-09-2022,Microfinance,3491.98,9.42,3.391,29.09,1.882
  NBFC001 ,UpperFin 01 Ltd,Upper Layer,South,FY25Q2,30-09-2024,Retail (Gold),9710.3,1.074,0.258,23.16,2.641
NBFC002,UpperFin 02 Ltd,Upper Layer,North,FY24Q2,30/09/2023,Retail (Housing),37133.9,1.839,0.552,27.29,3.363
NBFC043,BaseFin 43 Ltd,Base Layer,East,FY24Q2,30-09-2023,Retail (Personal/Unsecured),2774.45,6.05,1.815,28.27,2.974
NBFC053,BaseFin 53 Ltd,Base Layer,East,FY25Q4,31/03/2025,Retail (Personal/Unsecured),1946.84,4.663,0.979,28.08,2.794
NBFC028,MiddleFin 28 Ltd,Middle  Layer,East,FY23Q4,31/03/2023,Retail (Vehicle),34090.43,3.803,6.803,26.17,2.775
NBFC026,MiddleFin 26 Ltd,Middle Layer,South,FY24Q2,2023-09-30,Microfinance,19965.64,250,2.071,29.52,2.642
NBFC048,BaseFin 48 Ltd,BASE LAYER,East,FY25Q2,30-09-2024,Retail (Gold),3406.15,1.037,0.249,27.46,2.652
NBFC043,BaseFin 43 Ltd,Base Layer,East,FY23Q2,30/09/2022,MSME,1832.25,5.988,2.156,28.6%,2.673
NBFC011,UpperFin 11 Ltd,Upper Layer,South,FY21Q4,2021-03-31,Retail (Personal/Unsecured),"6,838.99",10.228,4.603,23.95,1.751
NBFC054,BaseFin 54 Ltd,Base Layer,Central,FY21Q4,31/03/2021,MSME,1337.24,7.606,3.423,27.49,1.102
NBFC032,MiddleFin 32 Ltd,Middle Layer,North,FY24Q4,31-03-2024,Retail (Vehicle),21851.2,2.284%,0.617,25.51,3.846
NBFC053,BaseFin 53 Ltd,Base Layer,East,FY22Q2,30-09-2021,Retail (Personal/Unsecured),"1,144.15",9.614%,4.038,23.67,1.267
NBFC014,UpperFin 14 Ltd,Upper Layer,Central,FY25Q4,2025-03-31,Wholesale/Corporate,17358.38,3.047,0.64,26.89,2.363
NBFC003,UpperFin 03 Ltd,Upper Layer,East,FY22Q4,31/03/2022,MSME,14506.2,6.562,2.559,23.73,1.985
NBFC010,UpperFin 10 Ltd,UPPER LAYER,West,FY25Q4,2025-03-31,  Wholesale/Corporate ,"17,778.23",3.116,0.654,26.1,2.849
NBFC021,MiddleFin 21 Ltd,middle layer,South,FY23Q2,2022-09-30,Retail (Personal/Unsecured),"13,939.84",7.825,2.817,27.8,2.452
NBFC035,MiddleFin 35 Ltd,Middle Layer,West,FY22Q2,2021-09-30,Wholesale/Corporate,14551.25,6.566%,,27.81%,1.07
NBFC020,MiddleFin 20 Ltd,Middle Layer,West,FY25Q2,30/09/2024,Wholesale/Corporate,29065.22,3.314,0.795,23.15%,3.058
NBFC005,UpperFin 05 Ltd,Upper Layer,West,FY23Q2,2022-09-30,Infrastructure,11490.69,4.064,1.463,25.05,1.901
NBFC043,BaseFin 43 Ltd,Base Layer,East,FY21Q4,31/03/2021,Retail (Gold),"1,955.92",2.054,0.924,22.41,1.286
NBFC004,UpperFin 04 Ltd,Upper Layer,Central,FY21Q4,31/03/2021,Retail (Gold),3705.72,1.985,0.893,25.37,1.218
NBFC025,MiddleFin 25 Ltd,Middle Layer,West,FY23Q4,2023-03-31,gold,8053.73,1.217,0.402,-,3.44
NBFC015,UpperFin 15 Ltd,upper layer,West,FY24Q4,31-03-2024,Retail (Vehicle),27048.16,2.324,0.627,24.14%,3.861
NBFC038,MiddleFin 38 Ltd,Middle Layer,East,FY23Q4,31-03-2023,Retail (Housing),10602.81,1.859,0.613,30.12,2.851
  NBFC051 ,BaseFin 51 Ltd,base layer,South,FY24Q4,31-03-2024,Infrastructure,293.02,2.075,0.56,28.86,2.986
NBFC041,BaseFin 41 Ltd,Base Layer,South,FY21Q4,2021-03-31,Retail (Vehicle),1156.41,5.642,2.539,23.99,1.619
NBFC001,UpperFin 01 Ltd,UL,South,FY21Q4,31-03-2021,Retail (Vehicle),19163.65,5.976,2.689,25.93,1.342
NBFC057,BaseFin 57 Ltd,Base Layer,North,FY23Q4,2023-03-31,MSME,2579.75,4.558%,1.504,25.15,3.342
NBFC059,BaseFin 59 Ltd,Base Layer,Central,FY22Q2,30/09/2021,Retail (Gold),3025.31,1.97,0.827,25.28,1.27
NBFC020,MiddleFin 20 Ltd,middle layer,West,FY23Q4,31/03/2023,Retail (Personal/Unsecured),31340.24,6.252,2.063,29.29,2.654
NBFC051,BaseFin 51 Ltd,Base Layer,South,FY21Q4,2021-03-31,Wholesale/Corporate,556.08,-,2.997,23.97,1.201
NBFC016,MiddleFin 16 Ltd,Middle Layer,South,FY22Q4,31/03/2022,Microfinance,16257.06,10.463,4.081,999,1.95
NBFC014,UpperFin 14 Ltd,Upper Layer,Central,FY24Q4,31/03/2024,Infrastructure,17812.79,2.08,0.562,26.03,3.609
NBFC041,BaseFin 41 Ltd,BASE LAYER,South,FY22Q4,31-03-2022,Microfinance,1838.15,10.387,4.051,27.89,1.954
NBFC055,BaseFin 55 Ltd,Base Layer,West,FY24Q4,31/03/2024,Microfinance,2800.11,4.567,1.233,23.83,N/A
NBFC029,MiddleFin 29 Ltd,  Middle Layer ,Central,FY22Q4,31-03-2022,  Wholesale/Corporate ,14521.39,5.751%,2.243,24.41,1.604
NBFC021,MiddleFin 21 Ltd,Middle Layer,South,FY24Q4,2024-03-31,Retail (Vehicle),20909.75,2.2,0.594,27.84,3.254
NBFC018,MiddleFin 18 Ltd,Middle Layer,East,FY22Q2,2021-09-30,Microfinance,18935.58,11.475,4.819,26.38,1.972
NBFC026,MiddleFin 26 Ltd,Middle Layer,South,FY23Q4,31/03/2023,Microfinance,18310.11,7.715,2.546,28.59%,
NBFC034,MiddleFin 34 Ltd,Middle Layer,Central,FY22Q2,30/09/2021,Infrastructure,6761.78,5.404,2.27,,-
NBFC056,BaseFin 56 Ltd,BL,South,FY25Q2,2024-09-30,MSME,1654.46,3.803,0.913,27.64,3.499
NBFC003,UpperFin 03 Ltd,Upper Layer,East,FY24Q2,2023-09-30,Wholesale/Corporate,"18,493.11",3.999,1.2,30.16%,2.946
NBFC040,MiddleFin 40 Ltd,Middle  Layer,West,FY23Q4,31-03-2023,Retail (Gold),9839.55,1.257,0.415,26.27%,2.808
NBFC043,BaseFin 43 Ltd,  Base Layer ,East,FY24Q4,31-03-2024,Retail (Housing),1374.19,1.21,0.327,25.14,2.974
  NBFC034 ,MiddleFin 34 Ltd,middle layer,Central,FY23Q4,31-03-2023,Infrastructure,8327.98,3.102,1.024,24.56,3.312
NBFC014,UpperFin 14 Ltd,Upper Layer,Central,FY23Q4,31/03/2023,Retail (Personal/Unsecured),10470.31,,2.005,27.88,2.887
NBFC015,UpperFin 15 Ltd,upper layer,West,FY24Q2,30-09-2023,Retail (Vehicle),24270.9,3.611,1.083,29.9,3.124
NBFC043,BaseFin 43 Ltd,Base Layer,East,FY23Q2,30/09/2022,Retail (Housing),1047.0,2.412,0.868,26.05,1.657
NBFC047,BaseFin 47 Ltd,Base Layer,North,FY22Q4,31/03/2022,  Microfinance ,1416.44,11.088,4.324,27.82,1.565
NBFC013,UpperFin 13 Ltd,Upper Layer,East,FY22Q2,30-09-2021,Retail (Housing),14938.56,3.202,1.345,24.56,1.052
NBFC031,MiddleFin 31 Ltd,middle layer,South,FY25Q4,31/03/2025,Retail (Gold),"20,706.16",0.927,0.195,23.43%,2.844
NBFC029,MiddleFin 29 Ltd,Middle Layer,Central,FY23Q2,30/09/2022,Retail (Personal/Unsecured),22006.2,null,2.761,28.19,1.951
NBFC055,BaseFin 55 Ltd,Base Layer,West,FY22Q4,31/03/2022,Retail (Personal/Unsecured),1773.82,9.01,3.514,27.66,2.118
NBFC031,MiddleFin 31 Ltd,Middle Layer,South,FY22Q2,2021-09-30,gold,12168.93,1.938,0.814,24.86,1.292
NBFC056,BaseFin 56 Ltd,Base Layer,South,FY25Q2,2024-09-30,Infrastructure,236.35,2.604,0.625,24.59%,3.345
  NBFC054 ,BaseFin 54 Ltd,Base Layer,Central,FY24Q4,31/03/2024,msme,2113.91,2.935,0.792,26.82,2.928
NBFC046,BaseFin 46 Ltd,Base Layer,South,FY23Q2,30/09/2022,MSME,2253.18,5.811,2.092,30.27,1.636
NBFC036,MiddleFin 36 Ltd,Middle Layer,South,FY23Q4,2023-03-31,Retail (Vehicle),"16,853.32",3.8,1.254,26.11,2.547
NBFC053,BaseFin 53 Ltd,Base Layer,East,FY25Q2,30/09/2024,Retail (Vehicle),1423.04,3.164,0.759,23.46,2.749
NBFC009,UpperFin 09 Ltd,Upper Layer,Central,FY23Q4,2023-03-31,Retail (Vehicle),28739.95,3.65,1.204,25.93,3.444
NBFC034,MiddleFin 34 Ltd,Middle Layer,Central,FY21Q4,2021-03-31,Infrastructure,6401.85,5.107,2.298,22.3,null
NBFC022,MiddleFin 22 Ltd,Middle Layer,North,FY21Q4,2021-03-31,Retail (Gold),7630.28,1.937,0.872,24.29,0.983
NBFC020,MiddleFin 20 Ltd,Middle Layer,West,FY24Q2,30-09-2023,Microfinance,29291.92,6.973,2.092,28.75,2.786
NBFC006,UpperFin 06 Ltd,Upper Layer,South,FY24Q4,2024-03-31,Retail (Personal/Unsecured),18491.94,4.016,1.084,25.18,3.407
  NBFC047 ,BaseFin 47 Ltd,Base Layer,North,FY23Q2,30-09-2022,Wholesale/Corporate,459.97,5.368,1.932,27.0,1.912
NBFC021,MiddleFin 21 Ltd,Middle Layer,South,FY25Q2,30/09/2024,Microfinance,16755.81,6.352,1.524,28.57,2.775
NBFC027,MiddleFin 27 Ltd,Middle Layer,North,FY24Q2,30/09/2023,Retail (Housing),22175.9,1.778,0.533,24.63,3.61
NBFC021,MiddleFin 21 Ltd,Middle Layer,South,FY23Q4,31/03/2023,Microfinance,12905.24,7.461,2.462,29.97,3.475
NBFC024,MiddleFin 24 Ltd,Middle Layer,Central,FY24Q4,31/03/2024,Microfinance,11925.3,4.82,1.301,26.43,3.087
NBFC055,BaseFin 55 Ltd,Base Layer,West,FY25Q2,30/09/2024,Infrastructure,299.18,2.591,0.622,26.86,3.236
NBFC025,MiddleFin 25 Ltd,Middle Layer,West,FY22Q2,2021-09-30,Retail (Gold),6539.1,1.946%,0.817,24.78,1.726
NBFC030,MiddleFin 30 Ltd,Middle Layer,West,FY24Q2,30/09/2023,Retail (Vehicle),26600.62,3.384%,1.015,25.68,3.066
NBFC025,MiddleFin 25 Ltd,Middle Layer,West,FY22Q2,30-09-2021,Infrastructure,5231.28,5.141,,25.09,2.149
NBFC042,BaseFin 42 Ltd,BASE LAYER,North,FY23Q2,30/09/2022,Retail (Personal/Unsecured),3220.2,7.547%,2.717,30.17%,2.06
NBFC055,BaseFin 55 Ltd,Base Layer,West,FY22Q4,31/03/2022,Retail (Personal/Unsecured),1773.82,9.01,3.514,27.66,2.118
NBFC008,UpperFin 08 Ltd,Upper Layer,East,FY23Q2,2022-09-30,Retail (Vehicle),"27,104.76",4.894%,1.762,27.25,2.292
NBFC003,UpperFin 03 Ltd,Upper Layer,East,FY21Q4,31/03/2021,Retail (Personal/Unsecured),10864.32,9.506,4.278,26.85,1.729
NBFC040,MiddleFin 40 Ltd,ML,West,FY22Q4,2022-03-31,Retail (Personal/Unsecured),11782.55,9.271%,,24.05,1.87
NBFC015,UpperFin 15 Ltd,UPPER LAYER,West,FY23Q4,31/03/2023,Wholesale/Corporate,13355.03,3.871,1.277,28.43,2.509
NBFC039,MiddleFin 39 Ltd,Middle Layer,Central,FY24Q4,31/03/2024,GOLD LOAN,24299.8,0.772,0.208,26.17,2.804
NBFC044,BaseFin 44 Ltd,Base Layer,Central,FY23Q2,2022-09-30,Retail (Gold),3142.79,1.623,0.584,28.31,2.638
NBFC033,MiddleFin 33 Ltd,Middle Layer,East,FY24Q2,2023-09-30,Retail (Personal/Unsecured),11746.45,6.079%,1.824,27.97,3.192
NBFC025,MiddleFin 25 Ltd,ML,West,FY24Q2,30/09/2023,Retail (Vehicle),14051.06,3.351,1.005,28.63%,3.1
NBFC040,MiddleFin 40 Ltd,Middle  Layer,West,FY22Q2,30/09/2021,Retail (Gold),7989.07,2.111,0.887,23.61%,1.739
NBFC029,MiddleFin 29 Ltd,Middle Layer,Central,FY24Q4,31-03-2024,  Infrastructure ,16504.65,2.052,0.554,NA,2.967
NBFC036,MiddleFin 36 Ltd,  Middle Layer ,South,FY24Q2,30/09/2023,Infrastructure,"9,188.57",3.158,0.947,29.08,3.523
NBFC043,BaseFin 43 Ltd,Base Layer,East,FY24Q4,31-03-2024,Infrastructure,343.55,2.064,0.557,26.31,3.865
NBFC045,BaseFin 45 Ltd,base layer,West,FY25Q2,30-09-2024,Retail (Housing),1657.17,1.616,0.388,-,2.607
NBFC055,BaseFin 55 Ltd,Base Layer,West,FY25Q2,30/09/2024,Wholesale/Corporate,897.53,3.497,0.839,27.27,3.386
NBFC015,UpperFin 15 Ltd,UL,West,FY23Q4,31/03/2023,Retail (Gold),6677.52,1.186,0.391,27.9,3.021
NBFC032,MiddleFin 32 Ltd,Middle Layer,North,FY21Q4,31-03-2021,MSME,13822.83,7.484,3.368,27.28,1.827
NBFC013,UpperFin 13 Ltd,Upper Layer,East,FY23Q4,2023-03-31,MSME,10035.66,4.594,1.516,28.09%,3.241
NBFC010,UpperFin 10 Ltd,Upper Layer,West,FY24Q4,31/03/2024,Wholesale/Corporate,15637.39,2.591,0.7,24.25%,2.957
NBFC001,UpperFin 01 Ltd,Upper Layer,South,FY24Q2,30/09/2023,msme,16310.06,4.462,1.339,24.91,3.119
NBFC022,MiddleFin 22 Ltd,Middle Layer,North,FY24Q2,2023-09-30,Retail (Gold),10823.48,1.185,N/A,29.3,3.518
NBFC005,UpperFin 05 Ltd,Upper Layer,West,FY21Q4,2021-03-31,Microfinance,2725.83,11.265,5.069,24.46,2.001
NBFC014,UpperFin 14 Ltd,Upper Layer,Central,FY24Q2,30-09-2023,MFI,4566.8,7.127,2.138,24.84,2.934
NBFC037,MiddleFin 37 Ltd,ML,North,FY21Q4,31-03-2021,Wholesale/Corporate,10049.51,6.267,2.82,23.01,1.757
NBFC014,UpperFin 14 Ltd,Upper Layer,Central,FY22Q4,2022-03-31,Infrastructure,12537.87,4.568,1.782,26.2,1.92
NBFC007,UpperFin 07 Ltd,Upper Layer,North,FY21Q4,31-03-2021,MSME,"5,163.68",7.639,3.438,26.15,1.043
NBFC006,UpperFin 06 Ltd,Upper Layer,South,FY25Q2,2024-09-30,Retail (Vehicle),39515.52,3.041,0.73,23.21,2.869
NBFC050,BaseFin 50 Ltd,Base Layer,West,FY22Q4,2022-03-31,Retail (Vehicle),2298.74,5.637,2.198,23.72,1.823
NBFC014,UpperFin 14 Ltd,Upper Layer,Central,FY23Q4,31-03-2023,Microfinance,4188.13,7.572,2.499,30.34,3.439
NBFC024,MiddleFin 24 Ltd,Middle Layer,Central,FY21Q4,2021-03-31,Wholesale/Corporate,6286.51,6.502,2.926,27.31,1.218
NBFC052,BaseFin 52 Ltd,Base Layer,North,FY23Q2,30/09/2022,Microfinance,2846.63,9.517,3.426,28.09,2.534
NBFC013,UpperFin 13 Ltd,Upper Layer,East,FY24Q2,2023-09-30,  Microfinance ,3647.68,7.121,2.136,24.8,2.832
NBFC021,MiddleFin 21 Ltd,middle layer,South,FY25Q4,31/03/2025,Infrastructure,11886.2,2.426,0.509,26.28,2.896
NBFC054,BaseFin 54 Ltd,Base Layer,Central,FY23Q2,30-09-2022,Retail (Vehicle),1610.6,4.878,1.756,25.37,2.685
NBFC042,BaseFin 42 Ltd,Base Layer,North,FY22Q4,31-03-2022,  Infrastructure ,330.55,4.503,1.756,23.75,1.246
  NBFC038 ,MiddleFin 38 Ltd,Middle Layer,East,FY21Q4,31/03/2021,MSME,"9,314.91",7.341,3.303,24.23,1.381
NBFC046,BaseFin 46 Ltd,Base Layer,South,FY21Q4,31-03-2021,MSME,1870.76,7.657,3.446,23.17%,1.343
NBFC046,BaseFin 46 Ltd,Base Layer,South,FY21Q4,31/03/2021,Retail (Housing),1069.0,3.181,1.431,26.9,1.236
NBFC013,UpperFin 13 Ltd,Upper Layer,East,FY21Q4,2021-03-31,Infrastructure,"9,000.34",5.241,2.358,24.73,2.024
NBFC012,UpperFin 12 Ltd,  Upper Layer ,North,FY23Q4,2023-03-31,Retail (Personal/Unsecured),8624.02,5.933%,1.958,28.46,2.466
  NBFC034 ,MiddleFin 34 Ltd,Middle Layer,Central,FY22Q2,30/09/2021,Retail (Vehicle),13523.55,6.207,2.607,24.63,1.099
NBFC008,UpperFin 08 Ltd,  Upper Layer ,East,FY25Q4,31/03/2025,MSME,24267.23,3.711,0.779,26.35%,2.983
NBFC022,MiddleFin 22 Ltd,Middle  Layer,North,FY25Q4,2025-03-31,Retail (Gold),13713.33,1.0,0.21,26.76,3.204
NBFC024,MiddleFin 24 Ltd,Middle Layer,Central,FY24Q2,30-09-2023,Retail (Housing),12484.3,1.831,0.549,26.7%,3.329
NBFC039,MiddleFin 39 Ltd,ML,Central,FY24Q2,2023-09-30,Retail (Housing),30526.62,1.812,0.544,26.31,2.622
NBFC032,MiddleFin 32 Ltd,Middle Layer,North,FY24Q4,2024-03-31,Microfinance,16388.4,-,1.286,29.16,3.269
NBFC041,BaseFin 41 Ltd,Base Layer,South,FY22Q4,2022-03-31,Infrastructure,183.82,4.546,1.773,29.69,2.125
NBFC054,BaseFin 54 Ltd,Base Layer,Central,FY23Q4,31-03-2023,Infrastructure,248.51,3.145,1.038,29.02,2.596
  NBFC022 ,MiddleFin 22 Ltd,Middle Layer,North,FY25Q2,30-09-2024,  Retail (Vehicle) ,20620.25,3.109,0.746,27.95,-
NBFC047,BaseFin 47 Ltd,Base Layer,North,FY25Q2,30-09-2024,Retail (Gold),1935.11,1.002,0.24,28.29,3.599
NBFC032,MiddleFin 32 Ltd,ML,North,FY24Q2,30/09/2023,Wholesale/Corporate,12254.72,3.765,6.765000000000001,25.37,3.598
NBFC006,UpperFin 06 Ltd,Upper Layer,South,FY24Q2,2023-09-30,Microfinance,6637.29,6.948,2.084,29.87,2.604
NBFC006,UpperFin 06 Ltd,Upper Layer,South,FY23Q2,2022-09-30,Wholesale/Corporate,16906.92,-,1.922,27.67,2.456
NBFC004,UpperFin 04 Ltd,Upper Layer,Central,FY25Q4,2025-03-31,Retail (Gold),6660.0,0.946,0.199,27.26,2.668
NBFC031,MiddleFin 31 Ltd,Middle Layer,South,FY22Q4,31/03/2022,Infrastructure,10255.51,4.806,1.874,25.79,1.506
NBFC024,MiddleFin 24 Ltd,Middle  Layer,Central,FY24Q2,30/09/2023,  MSME ,14267.77,4.152,1.246,26.33,2.591
NBFC047,BaseFin 47 Ltd,Base Layer,North,FY21Q4,31/03/2021,Infrastructure,127.3,5.288,2.38,26.35,2.065
NBFC032,MiddleFin 32 Ltd,Middle Layer,North,FY22Q4,2022-03-31,MSME,15380.38,6.683,2.606,24.4,1.614
NBFC009,UpperFin 09 Ltd,Upper Layer,Central,FY22Q2,30/09/2021,Retail (Vehicle),23334.97,5.814,2.442,28.49,1.793
NBFC049,BaseFin 49 Ltd,Base Layer,Central,FY22Q4,2022-03-31,Wholesale/Corporate,723.99,6.094,2.377,24.63,1.926
NBFC037,MiddleFin 37 Ltd,Middle Layer,North,FY21Q4,2021-03-31,Retail (Personal/Unsecured),14069.32,9.486,4.269,25.69,1.937
NBFC032,MiddleFin 32 Ltd,Middle Layer,North,FY25Q2,30-09-2024,Microfinance,17510.22,6.23,1.495,25.8%,3.365
NBFC038,MiddleFin 38 Ltd,Middle Layer,East,FY25Q2,2024-09-30,Retail (Gold),9833.14,1.026,0.246,24.26,2.494
NBFC049,BaseFin 49 Ltd,Base Layer,Central,FY21Q4,2021-03-31,MSME,1518.23,,3.396,27.5,1.77
NBFC043,BaseFin 43 Ltd,Base Layer,East,FY22Q2,30/09/2021,MSME,1606.8,7.574%,3.181,27.17%,1.323
NBFC005,UpperFin 05 Ltd,Upper Layer,West,FY25Q4,31/03/2025,Infrastructure,17146.26,2.499,0.525,25.08,2.79
NBFC002,UpperFin 02 Ltd,Upper Layer,North,FY22Q4,2022-03-31,Retail (Gold),7944.07,1.82,0.71,24.24,1.117
NBFC054,BaseFin 54 Ltd,base layer,Central,FY23Q2,30-09-2022,Infrastructure,230.09,4.181,1.505,25.64,2.325
NBFC049,BaseFin 49 Ltd,Base Layer,Central,FY24Q2,30/09/2023,Infrastructure,307.66,2.896,0.869,30.55,3.025
NBFC031,MiddleFin 31 Ltd,Middle Layer,South,FY21Q4,31-03-2021,Wholesale/Corporate,11521.19,6.425,2.891,26.65%,1.22
NBFC033,MiddleFin 33 Ltd,ML,East,FY25Q2,30/09/2024,Retail (Housing),13986.65,1.632,0.392,24.76,3.435
NBFC028,MiddleFin 28 Ltd,ML,East,FY22Q4,2022-03-31,Wholesale/Corporate,18224.2,5.708,2.226,26.64,1.493
NBFC031,MiddleFin 31 Ltd,Middle Layer,South,FY23Q4,31-03-2023,Infrastructure,11990.06,3.086,1.018,30.32,2.731
NBFC025,MiddleFin 25 Ltd,Middle Layer,West,FY21Q4,2021-03-31,Retail (Personal/Unsecured),8840.79,9.814,4.416,24.27,0.939
NBFC013,UpperFin 13 Ltd,Upper Layer,East,FY24Q4,31/03/2024,  Retail (Vehicle) ,20325.39,2.302,0.622,28.66,2.805
NBFC027,MiddleFin 27 Ltd,middle layer,North,FY21Q4,31/03/2021,Infrastructure,8933.4,5.006,2.253,25.78,1.099
NBFC008,UpperFin 08 Ltd,Upper Layer,East,FY22Q4,31/03/2022,Retail (Vehicle),25040.14,5.357,2.089,24.54,1.623
NBFC022,MiddleFin 22 Ltd,middle layer,North,FY25Q2,30-09-2024,Wholesale/Corporate,12887.66,3.374,0.81,25.72,2.64
NBFC052,BaseFin 52 Ltd,BASE LAYER,North,FY21Q4,31-03-2021,gold,2127.14,1.879,0.846,25.89%,2.046
NBFC011,UpperFin 11 Ltd,Upper Layer,South,FY23Q4,2023-03-31,MSME,10675.97,4.584,1.513,28.09%,3.135
NBFC052,BaseFin 52 Ltd,Base Layer,North,FY25Q2,30-09-2024,Retail (Gold),3592.76,1.082,0.26,26.4,2.502
NBFC057,BaseFin 57 Ltd,BL,North,FY23Q2,30/09/2022,Infrastructure,341.21,3.906,1.406,25.12,1.606
NBFC043,BaseFin 43 Ltd,Base Layer,East,FY23Q2,30-09-2022,gold,2402.88,1.542,0.555,24.72,1.599
NBFC038,MiddleFin 38 Ltd,middle layer,East,FY25Q2,2024-09-30,Microfinance,11799.76,NA,1.481,28.28,3.428
  NBFC025 ,MiddleFin 25 Ltd,Middle Layer,West,FY25Q2,30-09-2024,Wholesale/Corporate,-100,3.364,0.807,27.3,3.06
NBFC020,MiddleFin 20 Ltd,Middle Layer,West,FY24Q4,31-03-2024,Infrastructure,21762.48,1.921,0.519,27.56,2.887
NBFC045,BaseFin 45 Ltd,Base Layer,West,FY22Q2,2021-09-30,Retail (Vehicle),1813.54,5.936,2.493,27.49,1.306
  NBFC023 ,MiddleFin 23 Ltd,  Middle Layer ,East,FY21Q4,31/03/2021,Retail (Personal/Unsecured),18001.17,10.294,4.632,27.06,2.024
NBFC046,BaseFin 46 Ltd,Base Layer,South,FY23Q2,2022-09-30,Retail (Personal/Unsecured),2896.95,7.58,2.729,29.0,2.141
NBFC027,MiddleFin 27 Ltd,Middle Layer,North,FY22Q2,30/09/2021,Retail (Gold),11794.57,2.003%,0.841,24.13,1.793
NBFC011,UpperFin 11 Ltd,Upper Layer,South,FY25Q2,2024-09-30,Retail (Personal/Unsecured),11551.15,5.456,1.309,27.96,3.028
NBFC059,BaseFin 59 Ltd,Base Layer,Central,FY21Q4,31-03-2021,Infrastructure,318.25,4.945,2.225,25.8,1.876
NBFC029,MiddleFin 29 Ltd,Middle Layer,Central,FY22Q2,30-09-2021,Retail (Vehicle),22055.32,5.934%,2.492,26.32,1.86
NBFC056,BaseFin 56 Ltd,Base Layer,South,FY24Q2,30-09-2023,Microfinance,-100,6.94,2.082,27.28,3.573
NBFC043,BaseFin 43 Ltd,Base Layer,East,FY23Q4,31/03/2023,Retail (Housing),1153.46,1.979,0.653,28.78,3.113
NBFC020,MiddleFin 20 Ltd,Middle Layer,West,FY24Q4,31-03-2024,MSME,43524.97,2.727,0.736,28.12,3.214
NBFC008,UpperFin 08 Ltd,Upper Layer,East,FY23Q4,2023-03-31,Infrastructure,20492.68,3.329,,28.67,2.522
NBFC020,MiddleFin 20 Ltd,Middle Layer,West,FY24Q2,30-09-2023,housing,34173.9,1.784,0.535,28.38,2.87
NBFC032,MiddleFin 32 Ltd,ML,North,FY25Q2,30-09-2024,  Retail (Gold) ,14591.85,1.043%,0.25,24.98,3.537
NBFC015,UpperFin 15 Ltd,Upper Layer,West,FY22Q4,2022-03-31,Retail (Personal/Unsecured),9519.18,8.651%,3.374,28.93,-
NBFC037,MiddleFin 37 Ltd,Middle Layer,North,FY22Q2,2021-09-30,Retail (Housing),14860.32,3.1,1.302,28.1,1.86
NBFC004,UpperFin 04 Ltd,Upper Layer,Central,FY23Q4,31/03/2023,Retail (Gold),"4,820.66",1.258,0.415,25.76,3.171
NBFC010,UpperFin 10 Ltd,UPPER LAYER,West,FY22Q2,30-09-2021,gold,5224.1,1.912,0.803,26.53,1.53
NBFC035,MiddleFin 35 Ltd,Middle Layer,West,FY22Q2,30/09/2021,Retail (Vehicle),23282.01,6.301%,2.646,24.17,2.097
NBFC045,BaseFin 45 Ltd,Base Layer,West,FY24Q4,2024-03-31,Retail (Housing),0,250,0.323,24.44%,3.727
NBFC039,MiddleFin 39 Ltd,Middle Layer,Central,FY25Q2,30/09/2024,M.S.M.E,41541.08,4.056,0.973,27.57,2.409
NBFC011,UpperFin 11 Ltd,upper layer,South,FY22Q4,31-03-2022,Retail (Housing),16741.12,2.902%,1.132,28.79,1.566
NBFC037,MiddleFin 37 Ltd,Middle Layer,North,FY25Q2,2024-09-30,Retail (Housing),23763.28,1.621,0.389,28.96,3.5
NBFC007,UpperFin 07 Ltd,Upper Layer,North,FY25Q4,31/03/2025,Wholesale/Corporate,9280.3,3.11,0.653,25.74%,2.758
NBFC046,BaseFin 46 Ltd,Base Layer,South,FY21Q4,31/03/2021,Retail (Personal/Unsecured),2405.26,10.08,4.536,23.19,1.649
NBFC021,MiddleFin 21 Ltd,Middle Layer,South,FY24Q4,31/03/2024,Infrastructure,10454.88,2.024,0.546,27.15,2.98
  NBFC022 ,MiddleFin 22 Ltd,Middle Layer,North,FY22Q4,31/03/2022,Wholesale/Corporate,"8,490.06",6.01,2.344,999,1.493
NBFC026,MiddleFin 26 Ltd,ML,South,FY25Q4,31-03-2025,Wholesale/Corporate,21080.36,3.015,0.633,23.66,2.496
NBFC009,UpperFin 09 Ltd,UPPER LAYER,Central,FY22Q2,30/09/2021,Infrastructure,"16,334.48",5.38,2.26,27.1%,1.782
NBFC054,BaseFin 54 Ltd,Base Layer,Central,FY23Q4,31/03/2023,GOLD LOAN,"2,236.59",-5,0.411,24.9,2.588
NBFC023,MiddleFin 23 Ltd,Middle Layer,East,FY23Q2,30/09/2022,Infrastructure,12389.15,4.121,1.484,28.32,2.509
NBFC054,BaseFin 54 Ltd,Base Layer,Central,FY24Q4,2024-03-31,Retail (Gold),2717.88,0.74,0.2,24.1,2.899
  NBFC049 ,BaseFin 49 Ltd,BASE LAYER,Central,FY25Q4,31-03-2025,Microfinance,3898.0,5.99%,1.258,23.83,2.312
NBFC032,MiddleFin 32 Ltd,Middle Layer,North,FY24Q4,31/03/2024,Retail (Gold),13657.0,0.784,0.212,27.51,2.745
NBFC026,MiddleFin 26 Ltd,Middle Layer,South,FY25Q4,31-03-2025,Infrastructure,16864.29,2.409,0.506,23.18,3.305
NBFC046,BaseFin 46 Ltd,Base Layer,South,FY22Q2,30/09/2021,Retail (Gold),2540.49,2.103,0.883,24.1,2.109
NBFC019,MiddleFin 19 Ltd,Middle Layer,Central,FY23Q4,31-03-2023,Microfinance,"20,245.79",7.565,2.496,30.21,3.009
  NBFC052 ,BaseFin 52 Ltd,Base Layer,North,FY24Q4,2024-03-31,Wholesale/Corporate,1120.86,2.609,0.704,26.18,3.892
NBFC050,BaseFin 50 Ltd,Base Layer,West,FY22Q2,2021-09-30,Wholesale/Corporate,935.19,6.618,2.78,26.03,1.591
NBFC046,BaseFin 46 Ltd,Base Layer,South,FY25Q4,31/03/2025,Retail (Housing),1921.24,-,0.303,26.54,2.502
NBFC044,BaseFin 44 Ltd,Base Layer,Central,FY23Q4,31-03-2023,Wholesale/Corporate,1131.48,4.25,1.402,27.23,2.54
NBFC048,BaseFin 48 Ltd,Base Layer,East,FY22Q2,30-09-2021,Wholesale/Corporate,710.01,6.285,2.64,27.87%,1.166
NBFC013,UpperFin 13 Ltd,Upper Layer,East,FY24Q4,31/03/2024,MSME,12195.23,2.945,0.795,24.81,3.669
NBFC018,MiddleFin 18 Ltd,Middle Layer,East,FY23Q4,31-03-2023,Retail (Personal/Unsecured),27208.48,6.066,2.002,24.73,2.362
NBFC051,BaseFin 51 Ltd,Base Layer,South,FY23Q4,2023-03-31,Retail (Personal/Unsecured),0,6.08,2.006,26.27,2.98
  NBFC059 ,BaseFin 59 Ltd,Base Layer,Central,FY23Q2,2022-09-30,Wholesale/Corporate,"1,149.93",5.421,1.952,25.92,1.962
NBFC046,BaseFin 46 Ltd,Base Layer,South,FY24Q2,2023-09-30,msme,"2,653.65",4.31,1.293,30.59,2.542
NBFC010,UpperFin 10 Ltd,Upper Layer,West,FY25Q2,2024-09-30,Retail (Gold),"8,353.91",1.031,0.247,23.87,2.994
NBFC015,UpperFin 15 Ltd,Upper Layer,West,FY22Q4,2022-03-31,Retail (Housing),20942.2,2.895,1.129,28.79,1.335
NBFC040,MiddleFin 40 Ltd,ML,West,FY23Q2,30/09/2022,Retail (Housing),12754.05,2.421,0.872,28.8,1.77
NBFC025,MiddleFin 25 Ltd,Middle Layer,West,FY22Q4,31/03/2022,Wholesale/Corporate,6888.63,NA,2.237,28.51,1.395
NBFC008,UpperFin 08 Ltd,Upper Layer,East,FY21Q4,2021-03-31,Retail (Gold),6751.31,1.955,0.88,23.86,1.189
NBFC046,BaseFin 46 Ltd,Base Layer,South,FY22Q4,2022-03-31,Infrastructure,297.36,4.628,1.805,27.86,1.791
NBFC041,BaseFin 41 Ltd,Base Layer,South,FY25Q2,2024-09-30,Infrastructure,279.03,2.747%,0.659,23.22,3.35
NBFC007,UpperFin 07 Ltd,upper layer,North,FY24Q2,2023-09-30,Microfinance,2441.54,7.258%,2.177,26.57,3.432
NBFC035,MiddleFin 35 Ltd,Middle Layer,West,FY22Q4,2022-03-31,Infrastructure,12263.24,4.74,1.849,26.12%,2.131
NBFC023,MiddleFin 23 Ltd,Middle Layer,East,FY23Q4,31/03/2023,Retail (Gold),16726.56,1.275,0.421,28.51,3.182
NBFC011,UpperFin 11 Ltd,  Upper Layer ,South,FY25Q2,30/09/2024,Microfinance,4620.46,6.23,1.495,23.13,3.443
NBFC057,BaseFin 57 Ltd,Base Layer,North,FY25Q4,2025-03-31,Wholesale/Corporate,1527.45,3.31,0.695,999,3.384
NBFC010,UpperFin 10 Ltd,Upper Layer,West,FY23Q2,30/09/2022,Retail (Housing),21842.71,2.557,0.921,29.3,2.4
NBFC007,UpperFin 07 Ltd,Upper Layer,North,FY24Q4,2024-03-31,MSME,8162.77,2.862,0.773,23.68,3.468
NBFC053,BaseFin 53 Ltd,Base Layer,East,FY24Q4,31-03-2024,Microfinance,1902.67,4.71,1.272,,3.807
NBFC014,UpperFin 14 Ltd,Upper Layer,Central,FY22Q4,2022-03-31,Microfinance,3582.25,11.149,4.348,27.04,2.031
NBFC042,BaseFin 42 Ltd,BL,North,FY24Q4,31-03-2024,Retail (Housing),1878.45,1.222,0.33,26.97,3.617
NBFC010,UpperFin 10 Ltd,UPPER LAYER,West,FY21Q4,31-03-2021,Microfinance,3297.35,12.395,5.578,27.27,1.067
NBFC005,UpperFin 05 Ltd,Upper Layer,West,FY22Q2,30-09-2021,Microfinance,2879.08,12.268,5.153,27.93,1.15
NBFC035,MiddleFin 35 Ltd,Middle Layer,West,FY23Q4,31/03/2023,GOLD LOAN,17921.7,1.208,4.208,28.52,3.38
NBFC045,BaseFin 45 Ltd,Base Layer,West,FY23Q2,2022-09-30,Wholesale/Corporate,886.29,5.416,1.95,24.96,2.417
NBFC014,UpperFin 14 Ltd,Upper Layer,Central,FY24Q4,31/03/2024,  MSME ,15268.1,2.914,0.787,26.18,3.629
NBFC017,MiddleFin 17 Ltd,Middle Layer,North,FY25Q2,30/09/2024,Microfinance,35031.47,-,1.497,27.79,3.377
NBFC024,MiddleFin 24 Ltd,Middle Layer,Central,FY24Q4,31/03/2024,Microfinance,12163.81,4.82,1.301,26.43,3.087
NBFC025,MiddleFin 25 Ltd,Middle Layer,West,FY21Q4,2021-03-31,Retail (Vehicle),9905.65,5.745,2.585,25.48,2.043
NBFC018,MiddleFin 18 Ltd,Middle Layer,East,FY24Q2,30/09/2023,msme,33906.92,4.278,1.283,28.01,3.179
NBFC010,UpperFin 10 Ltd,UL,West,FY22Q4,31/03/2022,Infrastructure,12841.12,4.893,1.908,26.5,1.168
NBFC005,UpperFin 05 Ltd,UL,West,FY23Q4,31-03-2023,Wholesale/Corporate,10637.86,4.074,1.344,26.87,3.193
NBFC039,MiddleFin 39 Ltd,Middle Layer,Central,FY25Q4,2025-03-31,Retail (Gold),27626.55,NA,0.199,24.9,2.51
NBFC014,UpperFin 14 Ltd,Upper Layer,Central,FY25Q2,30/09/2024,Wholesale/Corporate,16313.24,3.505,0.841,27.63,3.285
NBFC043,BaseFin 43 Ltd,Base Layer,East,FY22Q4,31-03-2022,Wholesale/Corporate,725.44,6.267,2.444,27.7,1.675
NBFC019,MiddleFin 19 Ltd,Middle Layer,Central,FY22Q2,2021-09-30,GOLD LOAN,13698.55,2.075,0.871,26.43,1.677
  NBFC019 ,MiddleFin 19 Ltd,Middle Layer,Central,FY24Q2,30/09/2023,Retail (Personal/Unsecured),25755.72,6.128,1.838,24.91,3.584
NBFC046,BaseFin 46 Ltd,Base Layer,South,FY24Q2,30-09-2023,Retail (Personal/Unsecured),3411.83,5.957,-,28.07,2.615
NBFC018,MiddleFin 18 Ltd,Middle Layer,East,FY22Q4,2022-03-31,Retail (Personal/Unsecured),23272.35,9.068%,3.537,27.26,2.16
NBFC036,MiddleFin 36 Ltd,Middle Layer,South,FY25Q4,31/03/2025,Retail (Personal/Unsecured),20373.32,4.766,1.001,28.1,3.151
NBFC059,BaseFin 59 Ltd,Base Layer,Central,FY23Q2,30-09-2022,Microfinance,3833.1,9.422,3.392,27.75,1.693
NBFC054,BaseFin 54 Ltd,Base Layer,Central,FY25Q2,2024-09-30,Infrastructure,322.66,2.599,0.624,24.07,3.554
NBFC037,MiddleFin 37 Ltd,middle layer,North,FY23Q4,31-03-2023,Retail (Housing),18302.36,1.979,0.653,30.31,3.243
NBFC008,UpperFin 08 Ltd,Upper Layer,East,FY24Q4,31/03/2024,Infrastructure,24902.5,2.027,0.547,27.03,3.243
NBFC059,BaseFin 59 Ltd,BL,Central,FY23Q2,30-09-2022,Infrastructure,383.31,4.111,1.48,27.03,2.044
NBFC020,MiddleFin 20 Ltd,ML,West,FY25Q4,31-03-2025,Retail (Housing),43298.28,1.56,0.328,24.92,2.832
NBFC045,BaseFin 45 Ltd,  Base Layer ,West,FY24Q4,31-03-2024,Retail (Gold),"3,489.76",0.752,NA,27.47,2.854
NBFC016,MiddleFin 16 Ltd,Middle Layer,South,FY23Q2,2022-09-30,Wholesale/Corporate,"14,664.58",5.048,1.817,26.42,2.594
NBFC039,MiddleFin 39 Ltd,Middle Layer,Central,FY21Q4,31-03-2021,MSME,24594.87,7.087,3.189,27.27,2.02
NBFC057,BaseFin 57 Ltd,base layer,North,FY22Q4,2022-03-31,Microfinance,3152.21,10.648,4.153,26.62,1.576
NBFC037,MiddleFin 37 Ltd,Middle Layer,North,FY22Q2,30-09-2021,Wholesale/Corporate,10614.52,6.35,2.667,27.13,1.952
NBFC001,UpperFin 01 Ltd,UPPER LAYER,South,FY22Q2,30/09/2021,  Microfinance ,4048.21,12.373,5.197,27.27,1.075
NBFC053,BaseFin 53 Ltd,Base Layer,East,FY25Q4,2025-03-31,Wholesale/Corporate,648.95,3.161,0.664,,2.508
NBFC046,BaseFin 46 Ltd,Base Layer,South,FY21Q4,31/03/2021,Wholesale/Corporate,801.75,6.418%,2.888,23.84,1.985
NBFC035,MiddleFin 35 Ltd,Middle Layer,West,FY25Q2,30-09-2024,Microfinance,27922.85,6.596,1.583,23.66,2.408
NBFC017,MiddleFin 17 Ltd,middle layer,North,FY24Q2,30-09-2023,Microfinance,29420.58,6.875,2.062,25.94,2.57
NBFC022,MiddleFin 22 Ltd,Middle Layer,North,FY22Q2,30-09-2021,Retail (Housing),11282.98,3.199,1.344,23.72,-
NBFC058,BaseFin 58 Ltd,Base Layer,East,FY23Q4,2023-03-31,Retail (Gold),2215.97,1.24,0.409,27.69,2.319
NBFC056,BaseFin 56 Ltd,Base Layer,South,FY21Q4,31-03-2021,Retail (Housing),559.74,3.199,1.44,27.57,1.818
NBFC020,MiddleFin 20 Ltd,Middle Layer,West,FY23Q2,30/09/2022,Retail (Housing),29016.65,2.585,0.931,28.0,2.427
NBFC053,BaseFin 53 Ltd,Base Layer,East,FY22Q2,30/09/2021,Retail (Vehicle),889.89,6.018%,2.528,26.82,1.837
NBFC040,MiddleFin 40 Ltd,Middle  Layer,West,FY24Q4,31-03-2024,Microfinance,"14,348.30",4.692,1.267,26.63,3.424
NBFC013,UpperFin 13 Ltd,UL,East,FY23Q2,30-09-2022,MSME,9291.61,5.857,2.109,24.72,2.699
NBFC056,BaseFin 56 Ltd,Base Layer,South,FY22Q4,31-03-2022,MFI,1557.02,11.398,4.445,25.28,1.829
  NBFC002 ,UpperFin 02 Ltd,Upper Layer,North,FY24Q4,31-03-2024,MSME,"22,572.57",2.874,0.776,25.76%,NA
NBFC001,UpperFin 01 Ltd,  Upper Layer ,South,FY24Q2,30-09-2023,  Retail (Gold) ,8155.03,1.203,0.361,25.63,3.346
NBFC033,MiddleFin 33 Ltd,Middle Layer,East,FY25Q2,30/09/2024,Wholesale/Corporate,9990.47,3.306,0.793,28.1%,2.858
  NBFC031 ,MiddleFin 31 Ltd,Middle Layer,South,FY24Q4,31/03/2024,Retail (Personal/Unsecured),25497.84,3.738,1.009,28.19%,3.567
NBFC036,MiddleFin 36 Ltd,Middle Layer,South,FY25Q2,30/09/2024,Retail (Personal/Unsecured),19146.66,5.413,1.299,25.73,3.257
NBFC014,UpperFin 14 Ltd,  Upper Layer ,Central,FY23Q4,2023-03-31,Wholesale/Corporate,12564.38,3.969,1.31,25.25,2.681
NBFC059,BaseFin 59 Ltd,Base Layer,Central,FY22Q2,30/09/2021,housing,1344.58,3.168,1.331,25.14,1.311
NBFC035,MiddleFin 35 Ltd,  Middle Layer ,West,FY25Q2,2024-09-30,Retail (Vehicle),37230.47,3.144,0.755,24.93,2.467
NBFC010,UpperFin 10 Ltd,Upper Layer,West,FY21Q4,31/03/2021,Retail (Vehicle),16486.75,5.819,2.619,24.28,1.59
  NBFC025 ,MiddleFin 25 Ltd,Middle Layer,West,FY25Q2,30/09/2024,Retail (Housing),14639.43,-,0.383,28.49,3.3
NBFC005,UpperFin 05 Ltd,Upper Layer,West,FY22Q4,31/03/2022,Retail (Gold),4549.47,1.885,0.735,27.17,1.84
NBFC036,MiddleFin 36 Ltd,Middle Layer,South,FY22Q2,2021-09-30,Retail (Gold),8552.38,2.063%,0.866,27.92,2.103
NBFC028,MiddleFin 28 Ltd,Middle Layer,East,FY23Q4,31/03/2023,Retail (Housing),29829.13,1.896,0.626,26.82,3.36
NBFC022,MiddleFin 22 Ltd,Middle Layer,North,FY21Q4,31/03/2021,MSME,12208.45,7.609,3.424,26.11,1.244
NBFC019,MiddleFin 19 Ltd,Middle  Layer,Central,FY23Q4,31-03-2023,Retail (Housing),23620.09,1.859,0.613,29.47,-
NBFC037,MiddleFin 37 Ltd,Middle Layer,North,FY23Q2,30/09/2022,Infrastructure,9683.09,3.967,1.428,27.56,null
NBFC009,UpperFin 09 Ltd,UPPER LAYER,Central,FY25Q2,30-09-2024,Microfinance,"7,463.03",6.039,1.449,23.65,3.586
NBFC051,BaseFin 51 Ltd,Base Layer,South,FY24Q4,2024-03-31,MSME,2051.11,2.826,0.763,25.42,3.545
NBFC057,BaseFin 57 Ltd,Base Layer,North,FY23Q4,2023-03-31,MSME,2579.75,4.558%,1.504,25.15,3.342
NBFC035,MiddleFin 35 Ltd,Middle Layer,West,FY25Q2,30/09/2024,Retail (Personal/Unsecured),0,5.261,1.263,26.6,3.408
NBFC060,BaseFin 60 Ltd,Base Layer,West,FY24Q4,31-03-2024,MSME,2595.83,2.796,0.755,N/A,3.159
NBFC045,BaseFin 45 Ltd,Base Layer,West,FY22Q2,30/09/2021,Infrastructure,259.08,5.234,2.198,27.89,1.025
NBFC049,BaseFin 49 Ltd,Base Layer,Central,FY22Q2,30/09/2021,Retail (Vehicle),1603.59,6.001,2.52,null,1.289
NBFC050,BaseFin 50 Ltd,BASE LAYER,West,FY24Q2,2023-09-30,Wholesale/Corporate,"1,255.94",3.823,1.147,24.98,3.648
NBFC001,UpperFin 01 Ltd,Upper Layer,South,FY24Q4,31-03-2024,Retail (Gold),9088.19,0.733,0.198,29.22,3.127
NBFC058,BaseFin 58 Ltd,Base Layer,East,FY23Q2,2022-09-30,  Wholesale/Corporate ,683.89,5.173,1.862,25.09,1.771
NBFC038,MiddleFin 38 Ltd,Middle Layer,East,FY21Q4,31-03-2021,Retail (Gold),5821.82,1.909,0.859,27.67,2.016
NBFC047,BaseFin 47 Ltd,Base Layer,North,FY21Q4,31/03/2021,Retail (Personal/Unsecured),"1,145.70",9.446,4.251,27.59,1.068
NBFC058,BaseFin 58 Ltd,Base Layer,East,FY23Q2,30/09/2022,Retail (Personal/Unsecured),2051.67,7.876,2.835,24.88,1.646
NBFC042,BaseFin 42 Ltd,Base Layer,North,FY22Q4,31/03/2022,MSME,2313.82,6.837,2.666,26.12,2.225
NBFC034,MiddleFin 34 Ltd,middle layer,Central,FY21Q4,2021-03-31,Retail (Gold),8002.32,1.891,0.851,22.14,1.634
NBFC034,MiddleFin 34 Ltd,  Middle Layer ,Central,FY24Q2,30/09/2023,Wholesale/Corporate,"11,351.20",3.964,1.189,26.58,3.682
NBFC044,BaseFin 44 Ltd,Base Layer,Central,FY23Q2,30-09-2022,Retail (Vehicle),2444.39,4.883,1.758,999,2.293
NBFC009,UpperFin 09 Ltd,Upper Layer,Central,FY22Q4,31/03/2022,MSME,"14,749.36",6.667,2.6,24.51%,1.49
NBFC050,BaseFin 50 Ltd,Base Layer,West,FY25Q2,2024-09-30,Retail (Vehicle),3489.42,3.259,0.782,24.46,2.89
NBFC041,BaseFin 41 Ltd,Base Layer,South,FY23Q4,31-03-2023,Retail (Gold),1934.14,1.263,0.417,28.57,2.76
NBFC060,BaseFin 60 Ltd,Base Layer,West,FY23Q2,2022-09-30,Retail (Gold),2542.86,1.638,0.59,28.24,1.73
NBFC058,BaseFin 58 Ltd,Base Layer,East,FY23Q4,31-03-2023,Retail (Vehicle),1723.53,3.669,1.211,29.65,3.433
NBFC016,MiddleFin 16 Ltd,Middle Layer,South,FY25Q4,31/03/2025,Wholesale/Corporate,21882.3,3.236%,0.68,22.73,2.951
NBFC022,MiddleFin 22 Ltd,Middle Layer,North,FY23Q2,30/09/2022,Retail (Housing),12866.12,2.424,0.873,28.91,1.907
NBFC032,MiddleFin 32 Ltd,Middle Layer,North,FY24Q2,2023-09-30,  Microfinance ,14705.66,999,2.181,30.45,3.104
NBFC050,BaseFin 50 Ltd,BASE LAYER,West,FY21Q4,31-03-2021,Retail (Personal/Unsecured),2656.23,9.763,4.393,24.51,1.042
NBFC012,UpperFin 12 Ltd,Upper Layer,North,FY21Q4,31/03/2021,Infrastructure,9281.2,5.134,2.31,22.42,1.645
NBFC058,BaseFin 58 Ltd,  Base Layer ,East,FY24Q4,2024-03-31,Retail (Housing),1196.81,1.151,0.311,26.66,3.202
NBFC027,MiddleFin 27 Ltd,  Middle Layer ,North,FY24Q4,31-03-2024,Retail (Personal/Unsecured),24713.44,3.923,1.059,26.82%,3.741
  NBFC044 ,BaseFin 44 Ltd,  Base Layer ,Central,FY23Q2,30/09/2022,retail (housing),1396.79,2.44,0.878,25.24,2.358
NBFC008,UpperFin 08 Ltd,Upper Layer,East,FY23Q4,2023-03-31,Wholesale/Corporate,"17,565.16",4.079,1.346,28.32,2.333
  NBFC003 ,UpperFin 03 Ltd,UPPER LAYER,East,FY23Q4,2023-03-31,Retail (Vehicle),28266.14,3.599,1.188,25.23,2.544
NBFC003,UpperFin 03 Ltd,Upper Layer,East,FY25Q2,2024-09-30,Microfinance,7340.0,6.221,1.493,27.94,3.379
NBFC055,BaseFin 55 Ltd,Base Layer,West,FY23Q4,31-03-2023,Infrastructure,230.43,3.291,1.086,27.32,3.108
NBFC036,MiddleFin 36 Ltd,Middle Layer,South,FY24Q2,30-09-2023,Retail (Gold),11485.71,1.139%,0.342,26.43,2.99
NBFC058,BaseFin 58 Ltd,Base Layer,East,FY25Q4,2025-03-31,Retail (Housing),1360.66,1.583,0.332,27.24,2.406
NBFC031,MiddleFin 31 Ltd,Middle Layer,South,FY24Q2,30/09/2023,Infrastructure,13074.15,2.928,5.928,27.93,2.921
NBFC004,UpperFin 04 Ltd,Upper Layer,Central,FY24Q2,30-09-2023,Retail (Vehicle),17521.74,3.671,1.101,28.07,3.259
NBFC016,MiddleFin 16 Ltd,middle layer,South,FY25Q4,2025-03-31,Retail (Personal/Unsecured),"30,635.22",4.691,0.985,26.69,2.487
NBFC051,BaseFin 51 Ltd,Base Layer,South,FY22Q2,2021-09-30,Retail (Housing),783.12,3.141%,1.319,26.7,1.71
NBFC059,BaseFin 59 Ltd,Base Layer,Central,FY22Q4,31-03-2022,Wholesale/Corporate,1062.34,5.911,2.305,27.46,1.142
NBFC037,MiddleFin 37 Ltd,Middle Layer,North,FY24Q4,2024-03-31,Retail (Vehicle),25418.1,2.326,0.628,27.82,3.178
NBFC005,UpperFin 05 Ltd,UPPER LAYER,West,FY25Q4,31/03/2025,MSME,14696.79,3.699,0.777,24.56,2.446
NBFC046,BaseFin 46 Ltd,base layer,South,FY22Q4,31/03/2022,Retail (Housing),1189.46,2.779,1.084,28.86,1.232
NBFC046,BaseFin 46 Ltd,Base Layer,South,FY24Q2,30/09/2023,Retail (Housing),1516.37,1.913,0.574,28.38,3.302
NBFC059,BaseFin 59 Ltd,Base Layer,Central,FY22Q2,30/09/2021,Retail (Personal/Unsecured),3025.31,9.683,4.067,24.58,1.862
  NBFC048 ,BaseFin 48 Ltd,Base Layer,East,FY25Q2,30-09-2024,Retail (Personal/Unsecured),3406.15,5.376,1.29,25.23,3.49
NBFC019,MiddleFin 19 Ltd,Middle Layer,Central,FY23Q2,2022-09-30,Retail (Personal/Unsecured),21868.87,8.021,2.888,25.18,2.431
  NBFC028 ,MiddleFin 28 Ltd,Middle Layer,East,FY22Q4,2022-03-31,Retail (Housing),25513.88,2.886,1.126,27.25,1.791
NBFC019,MiddleFin 19 Ltd,Middle Layer,Central,FY22Q2,30/09/2021,Infrastructure,10958.84,5.08,2.134,26.97,1.154
NBFC030,MiddleFin 30 Ltd,Middle Layer,West,FY24Q4,2024-03-31,Retail (Personal/Unsecured),25938.91,3.75,1.013,27.37,2.999
NBFC009,UpperFin 09 Ltd,Upper Layer,Central,FY24Q4,31-03-2024,Infrastructure,24447.15,2.002,0.541,24.27,2.722
NBFC001,UpperFin 01 Ltd,Upper Layer,South,FY25Q2,30/09/2024,Infrastructure,22657.37,2.796,0.671,27.28,3.568
NBFC022,MiddleFin 22 Ltd,Middle Layer,North,FY23Q2,2022-09-30,Infrastructure,"7,352.07",4.226%,1.521,25.69,2.441
NBFC048,BaseFin 48 Ltd,Base Layer,East,FY24Q2,30-09-2023,Wholesale/Corporate,953.53,3.899,1.17,25.2,3.524
NBFC036,MiddleFin 36 Ltd,Middle Layer,South,FY25Q2,2024-09-30,Retail (Gold),13676.18,1.041,0.25,28.03,2.648
NBFC030,MiddleFin 30 Ltd,  Middle Layer ,West,FY23Q4,31-03-2023,Microfinance,18296.2,7.368,10.368,29.37,3.392
NBFC038,MiddleFin 38 Ltd,Middle Layer,East,FY23Q2,2022-09-30,Infrastructure,5609.54,4.128,1.486,null,2.105
NBFC009,UpperFin 09 Ltd,UL,Central,FY24Q4,2024-03-31,MSME,20954.7,2.994,0.808,28.1,2.928
NBFC049,BaseFin 49 Ltd,base layer,Central,FY24Q4,31/03/2024,msme,2400.03,2.817,0.761,26.7,2.826
NBFC055,BaseFin 55 Ltd,Base Layer,West,FY23Q2,2022-09-30,MSME,1493.39,5.704,2.053,28.6,1.596
NBFC006,UpperFin 06 Ltd,  Upper Layer ,South,FY24Q4,31-03-2024,Infrastructure,25888.72,1.949,0.526,29.14,3.593
NBFC012,UpperFin 12 Ltd,upper layer,North,FY25Q2,2024-09-30,Wholesale/Corporate,13436.63,3.314,0.795,28.98,3.222
NBFC023,MiddleFin 23 Ltd,Middle Layer,East,FY25Q4,31/03/2025,Wholesale/Corporate,23108.67,3.277,0.688,28.35,3.147
NBFC031,MiddleFin 31 Ltd,Middle Layer,South,FY23Q4,31-03-2023,Retail (Gold),14987.57,1.18,0.389,29.61,2.601
NBFC022,MiddleFin 22 Ltd,Middle Layer,North,FY24Q4,2024-03-31,Retail (Personal/Unsecured),16886.78,3.782,1.021,26.83,2.762
NBFC001,UpperFin 01 Ltd,  Upper Layer ,South,FY23Q4,31-03-2023,Retail (Personal/Unsecured),12464.71,6.055,N/A,29.19,3.417
NBFC036,MiddleFin 36 Ltd,Middle Layer,South,FY21Q4,31/03/2021,Wholesale/Corporate,8097.14,6.746,3.036,22.51,0.998
NBFC004,UpperFin 04 Ltd,  Upper Layer ,Central,FY24Q2,2023-09-30,Wholesale/Corporate,10513.04,3.848,1.154,30.44,2.846
  NBFC058 ,BaseFin 58 Ltd,Base Layer,East,FY25Q2,2024-09-30,Microfinance,3196.83,6.013,1.443,28.66,2.721
NBFC002,UpperFin 02 Ltd,UL,North,FY22Q4,31/03/2022,microfinance,5401.97,11.102,4.33,25.9%,1.822
NBFC021,MiddleFin 21 Ltd,Middle Layer,South,FY24Q4,31/03/2024,MSME,20909.75,2.92,0.788,24.36,2.929
NBFC045,BaseFin 45 Ltd,BL,West,FY24Q2,30/09/2023,MSME,2484.27,4.448,1.334,25.28%,2.724
NBFC019,MiddleFin 19 Ltd,Middle Layer,Central,FY22Q4,2022-03-31,MSME,23089.23,6.762,2.637,23.93,1.795
NBFC034,MiddleFin 34 Ltd,Middle  Layer,Central,FY22Q4,31-03-2022,Retail (Vehicle),14246.42,5.641,2.2,27.22,2.08
NBFC053,BaseFin 53 Ltd,Base Layer,East,FY23Q4,31/03/2023,gold,1409.16,1.258,0.415,25.84,3.332
NBFC023,MiddleFin 23 Ltd,Middle Layer,East,FY25Q2,30-09-2024,Retail (Personal/Unsecured),30404.24,5.43%,1.303,27.89,null
NBFC006,UpperFin 06 Ltd,Upper Layer,South,FY22Q2,30/09/2021,MSME,14826.58,7.72,3.242,27.12,1.789
NBFC008,UpperFin 08 Ltd,Upper Layer,East,FY25Q4,31/03/2025,Retail (Personal/Unsecured),20222.69,4.696,0.986,24.42,3.086
NBFC046,BaseFin 46 Ltd,BASE LAYER,South,FY23Q4,31-03-2023,MSME,2433.61,4.712,1.555,28.38,3.381
NBFC004,UpperFin 04 Ltd,Upper Layer,Central,FY22Q2,2021-09-30,Retail (Gold),3914.06,1.948,0.818,25.14,1.811
NBFC043,BaseFin 43 Ltd,  Base Layer ,East,FY24Q4,31-03-2024,Retail (Housing),1374.19,1.21,0.327,25.14,2.974
NBFC018,MiddleFin 18 Ltd,Middle Layer,East,FY23Q4,31-03-2023,Infrastructure,15547.7,3.225,1.064,30.09,2.855
NBFC033,MiddleFin 33 Ltd,Middle Layer,East,FY22Q4,31-03-2022,Wholesale/Corporate,6581.46,5.853,,23.71,2.21
NBFC050,BaseFin 50 Ltd,Base Layer,West,FY23Q4,2023-03-31,Retail (Gold),3455.4,1.209,0.399,29.47,2.486
NBFC032,MiddleFin 32 Ltd,Middle  Layer,North,FY23Q2,2022-09-30,Wholesale/Corporate,-100,4.933,1.776,28.17,1.544
NBFC016,MiddleFin 16 Ltd,Middle Layer,South,FY25Q4,2025-03-31,Infrastructure,17505.84,2.498%,0.525,27.05,2.535
NBFC024,MiddleFin 24 Ltd,Middle  Layer,Central,FY23Q2,30-09-2022,GOLD LOAN,7571.62,1.607,0.579,30.09,2.624
NBFC039,MiddleFin 39 Ltd,Middle Layer,Central,FY22Q4,2022-03-31,Retail (Vehicle),27366.2,5.524,2.154,28.01,1.888
NBFC013,UpperFin 13 Ltd,Upper Layer,East,FY25Q4,31-03-2025,Retail (Gold),6932.41,0.948,0.199,27.92,2.299
NBFC050,BaseFin 50 Ltd,Base Layer,West,FY22Q2,2021-09-30,MSME,2182.11,7.532,3.163,24.58,2.046
NBFC037,MiddleFin 37 Ltd,Middle Layer,North,FY25Q2,2024-09-30,Retail (Vehicle),27158.03,3.285%,0.788,23.52,3.224
NBFC043,BaseFin 43 Ltd,Base Layer,East,FY23Q4,31/03/2023,Retail (Gold),"2,544.40",1.274,0.42,25.0,3.224
NBFC002,UpperFin 02 Ltd,UL,North,FY21Q4,2021-03-31,MSME,14279.17,7.44,3.348,23.15,1.851
NBFC001,UpperFin 01 Ltd,Upper Layer,South,FY22Q2,30/09/2021,Retail (Housing),22265.17,3.211,1.349,24.88,1.677
NBFC003,UpperFin 03 Ltd,Upper Layer,East,FY24Q2,2023-09-30,Infrastructure,21575.29,2.883,0.865,30.13,2.773
NBFC028,MiddleFin 28 Ltd,Middle Layer,East,FY25Q2,30-09-2024,Retail (Personal/Unsecured),38729.32,5.056,1.213,26.95,2.942
  NBFC046 ,BaseFin 46 Ltd,BASE LAYER,South,FY25Q4,31/03/2025,Infrastructure,480.31,2.469,0.518,23.82,2.683
NBFC036,MiddleFin 36 Ltd,Middle Layer,South,FY24Q2,30/09/2023,Wholesale/Corporate,11485.71,3.697,1.109,26.96,3.277
NBFC016,MiddleFin 16 Ltd,Middle Layer,South,FY25Q2,2024-09-30,Wholesale/Corporate,20564.78,3.439,0.825,28.82,3.492
  NBFC048 ,BaseFin 48 Ltd,BL,East,FY22Q2,30-09-2021,Retail (Housing),946.68,3.313,null,26.66,1.582
NBFC006,UpperFin 06 Ltd,Upper Layer,South,FY21Q4,31/03/2021,Infrastructure,"16,376.93",5.114,2.301,22.2,1.368
NBFC001,UpperFin 01 Ltd,UPPER LAYER,South,FY24Q4,2024-03-31,  Retail (Housing) ,33323.38,1.251,0.338,26.75,3.721
NBFC053,BaseFin 53 Ltd,Base Layer,East,FY22Q2,30-09-2021,Retail (Personal/Unsecured),"1,144.15",9.614%,4.038,23.67,1.267
NBFC008,UpperFin 08 Ltd,Upper Layer,East,FY22Q4,2022-03-31,Infrastructure,"17,528.10",4.909,1.915,28.3,1.371
NBFC030,MiddleFin 30 Ltd,Middle Layer,West,FY21Q4,31/03/2021,Retail (Vehicle),18752.78,6.091,2.741,27.54,1.128
NBFC058,BaseFin 58 Ltd,Base Layer,East,FY22Q2,30/09/2021,M.S.M.E,1399.39,7.755,3.257,27.26,1.566
NBFC053,BaseFin 53 Ltd,Base Layer,East,FY25Q4,2025-03-31,Retail (Vehicle),1514.21,2.819,0.592,23.09,2.723
NBFC028,MiddleFin 28 Ltd,Middle Layer,East,FY25Q2,30/09/2024,Infrastructure,22131.04,2.782,0.668,26.99,2.878
NBFC030,MiddleFin 30 Ltd,Middle Layer,West,FY23Q4,31/03/2023,Retail (Gold),15246.83,1.193,0.394,30.32,3.339
NBFC013,UpperFin 13 Ltd,Upper Layer,East,FY24Q4,31/03/2024,Retail (Gold),6097.62,0.793,0.214,26.94,2.838
NBFC005,UpperFin 05 Ltd,UL,West,FY24Q4,2024-03-31,Wholesale/Corporate,"12,927.02",2.577,0.696,28.23,3.243
NBFC050,BaseFin 50 Ltd,BL,West,FY24Q4,2024-03-31,Wholesale/Corporate,1399.66,2.596,0.701,23.88,3.154
NBFC038,MiddleFin 38 Ltd,Middle Layer,East,FY23Q4,2023-03-31,MSME,12117.49,4.359,1.438,28.61,2.931
NBFC026,MiddleFin 26 Ltd,Middle Layer,South,FY22Q4,31-03-2022,MSME,"20,881.69",6.771,2.641,29.51,1.947
NBFC026,MiddleFin 26 Ltd,  Middle Layer ,South,FY21Q4,31/03/2021,Microfinance,14075.28,11.39,14.39,26.69,1.702
NBFC009,UpperFin 09 Ltd,Upper Layer,Central,FY25Q2,30/09/2024,housing,41046.68,null,0.38,26.16,2.677
NBFC026,MiddleFin 26 Ltd,  Middle Layer ,South,FY24Q4,31-03-2024,GOLD LOAN,"18,541.89",0.782,0.211,24.68,2.725
NBFC020,MiddleFin 20 Ltd,Middle Layer,West,FY25Q4,31-03-2025,Retail (Gold),30927.34,0.913%,0.192,22.92,2.56
NBFC026,MiddleFin 26 Ltd,Middle Layer,South,FY22Q4,2022-03-31,Retail (Gold),"13,051.06",1.798,null,25.43,2.184
NBFC021,MiddleFin 21 Ltd,Middle Layer,South,FY23Q2,2022-09-30,Retail (Vehicle),15931.24,4.614,1.661,26.89,2.678
NBFC040,MiddleFin 40 Ltd,Middle Layer,West,FY25Q2,30/09/2024,Wholesale/Corporate,12775.4,3.384,0.812,23.32,2.868
NBFC054,BaseFin 54 Ltd,Base Layer,Central,FY23Q2,30/09/2022,MSME,1610.6,5.715%,2.057,30.26,2.549
NBFC027,MiddleFin 27 Ltd,Middle Layer,North,FY25Q4,2025-03-31,Infrastructure,16055.33,2.419,0.508,23.49,3.121
NBFC046,BaseFin 46 Ltd,Base Layer,South,FY24Q4,31-03-2024,Wholesale/Corporate,1267.41,2.521,0.681,29.11,3.769
NBFC029,MiddleFin 29 Ltd,Middle Layer,Central,FY25Q2,30/09/2024,Infrastructure,"17,634.43",2.64,0.634,26.12%,3.535
NBFC018,MiddleFin 18 Ltd,Middle Layer,East,FY22Q2,2021-09-30,MSME,25247.44,7.489,-,28.56,2.024
NBFC058,BaseFin 58 Ltd,Base Layer,East,FY24Q2,30-09-2023,Retail (Personal/Unsecured),2416.33,5.863,1.759,26.7,3.024
NBFC050,BaseFin 50 Ltd,Base Layer,West,FY25Q4,2025-03-31,Retail (Gold),4773.83,0.956,0.201,23.05,2.802
NBFC002,UpperFin 02 Ltd,Upper Layer,North,FY24Q4,2024-03-31,housing,41383.05,1.271,0.343,29.12,3.681
NBFC046,BaseFin 46 Ltd,Base Layer,South,FY21Q4,31/03/2021,Microfinance,2672.51,11.254,5.064,27.66,null
NBFC060,BaseFin 60 Ltd,Base Layer,West,FY23Q4,2023-03-31,Retail (Vehicle),2136.15,3.728,1.23,29.81,2.755
NBFC013,UpperFin 13 Ltd,Upper Layer,East,FY25Q2,30/09/2024,  Retail (Vehicle) ,21716.71,3.273,0.786,25.96%,3.274
NBFC042,BaseFin 42 Ltd,BL,North,FY22Q4,2022-03-31,Microfinance,"3,305.45",10.483,4.088,25.89,1.779
NBFC009,UpperFin 09 Ltd,Upper Layer,Central,FY24Q2,30-09-2023,Infrastructure,21936.95,3.149,0.945,25.49,2.775
NBFC006,UpperFin 06 Ltd,Upper Layer,South,FY24Q2,30/09/2023,Retail (Personal/Unsecured),16593.22,5.72,1.716,24.67,3.443
NBFC022,MiddleFin 22 Ltd,Middle Layer,North,FY24Q4,2024-03-31,micro finance,14474.38,4.397,1.187,27.05,3.104
NBFC045,BaseFin 45 Ltd,Base Layer,West,FY24Q2,30/09/2023,Retail (Housing),1391.75,1.794,0.538,29.25,3.536
NBFC010,UpperFin 10 Ltd,Upper Layer,West,FY22Q4,31-03-2022,Microfinance,"3,668.89",10.374,4.046,29.66,1.686
NBFC027,MiddleFin 27 Ltd,Middle Layer,North,FY23Q2,2022-09-30,MSME,"21,519.19",5.828,2.098,27.83,2.528
NBFC017,MiddleFin 17 Ltd,Middle Layer,North,FY24Q2,2023-09-30,Retail (Housing),34324.01,-,null,25.0,3.011
NBFC001,UpperFin 01 Ltd,Upper Layer,South,FY24Q2,30/09/2023,Retail (Housing),29901.78,1.782,0.535,999,3.631
NBFC057,BaseFin 57 Ltd,Base Layer,North,FY23Q4,31-03-2023,Retail (Housing),1474.14,1.942,0.641,29.39%,2.916
NBFC028,MiddleFin 28 Ltd,Middle Layer,East,FY21Q4,31-03-2021,Microfinance,19654.4,12.033%,5.415,24.07,1.434
  NBFC001 ,UpperFin 01 Ltd,Upper Layer,South,FY25Q2,30/09/2024,Retail (Vehicle),32367.68,3.189,0.765,null,3.128
NBFC050,BaseFin 50 Ltd,Base Layer,West,FY24Q4,31-03-2024,Retail (Vehicle),3265.87,2.229%,0.602,23.88,3.347
NBFC014,UpperFin 14 Ltd,Upper Layer,Central,FY24Q2,30/09/2023,Infrastructure,"15,983.80",2.917,0.875,28.43,2.773
NBFC008,UpperFin 08 Ltd,Upper Layer,East,FY24Q2,30-09-2023,Microfinance,6384.44,6.868,2.06,24.69,3.562
NBFC011,UpperFin 11 Ltd,Upper Layer,South,FY23Q4,31/03/2023,Wholesale/Corporate,10675.97,4.15,1.37,26.23,2.773
NBFC031,MiddleFin 31 Ltd,Middle Layer,South,FY23Q4,2023-03-31,M.S.M.E,23980.12,4.589,1.514,24.71,3.314
NBFC005,UpperFin 05 Ltd,Upper Layer,West,FY21Q4,31/03/2021,Wholesale/Corporate,8177.5,6.232,2.804,27.66,1.001
NBFC030,MiddleFin 30 Ltd,Middle Layer,West,FY22Q4,31/03/2022,Retail (Vehicle),"20,865.83",5.475,2.135,25.07,2.127
NBFC052,BaseFin 52 Ltd,base layer,North,FY23Q4,31/03/2023,Retail (Vehicle),2152.21,3.863,1.275,28.86,2.912
NBFC059,BaseFin 59 Ltd,Base Layer,Central,FY24Q2,30/09/2023,MSME,3160.06,4.241,1.272,30.17,3.116
NBFC011,UpperFin 11 Ltd,Upper Layer,South,FY22Q2,2021-09-30,  Retail (Personal/Unsecured) ,7223.49,9.827,4.127,25.11,1.356
NBFC011,UpperFin 11 Ltd,Upper Layer,South,FY24Q4,2024-03-31,Retail (Gold),6486.66,0.8,0.216,27.68,2.947
NBFC029,MiddleFin 29 Ltd,Middle Layer,Central,FY24Q4,2024-03-31,Retail (Housing),28883.14,1.191,0.322,26.02,3.56
NBFC012,UpperFin 12 Ltd,Upper Layer,North,FY24Q4,31/03/2024,Wholesale/Corporate,12575.79,2.43,0.656,25.97,3.676
NBFC006,UpperFin 06 Ltd,Upper Layer,South,FY22Q2,30-09-2021,Retail (Gold),7413.29,1.934,0.812,27.07,1.44
NBFC059,BaseFin 59 Ltd,Base Layer,Central,FY24Q4,2024-03-31,msme,3521.66,2.999,5.9990000000000006,28.98,3.369
NBFC046,BaseFin 46 Ltd,BASE LAYER,South,FY25Q4,2025-03-31,Retail (Personal/Unsecured),4322.79,4.798%,1.008,27.96%,3.374
NBFC040,MiddleFin 40 Ltd,Middle Layer,West,FY24Q4,31/03/2024,Retail (Gold),11956.92,0.738,0.199,24.92,2.971
NBFC039,MiddleFin 39 Ltd,  Middle Layer ,Central,FY23Q4,2023-03-31,Retail (Housing),27995.39,1.908,0.63,26.62,3.156
NBFC043,BaseFin 43 Ltd,Base Layer,East,FY23Q4,2023-03-31,Retail (Personal/Unsecured),2544.4,6.024,1.988,29.17,2.799
NBFC008,UpperFin 08 Ltd,Upper Layer,East,FY25Q4,31/03/2025,housing,"44,489.92",1.524,0.32,23.13,2.234
  NBFC003 ,UpperFin 03 Ltd,Upper Layer,East,FY24Q2,2023-09-30,  Retail (Housing) ,33904.03,1.824,0.547,26.9,N/A
NBFC041,BaseFin 41 Ltd,Base Layer,South,FY24Q4,2024-03-31,Retail (Housing),"1,044.60",1.209,0.326,28.73,3.046
NBFC030,MiddleFin 30 Ltd,Middle Layer,West,FY24Q4,2024-03-31,housing,25938.91,1.243,0.336,24.49,3.288
NBFC003,UpperFin 03 Ltd,Upper Layer,East,FY24Q2,30-09-2023,MSME,18493.11,4.247,1.274,27.95,3.146
NBFC015,UpperFin 15 Ltd,Upper Layer,West,FY25Q4,31-03-2025,Wholesale/Corporate,18450.71,3.113,-,23.36,2.322
NBFC013,UpperFin 13 Ltd,upper layer,East,FY22Q2,2021-09-30,Retail (Vehicle),13580.51,5.923%,2.488,N/A,2.108
NBFC027,MiddleFin 27 Ltd,Middle  Layer,North,FY23Q2,30-09-2022,GOLD LOAN,13449.49,1.575,0.567,28.25,1.722
NBFC022,MiddleFin 22 Ltd,ML,North,FY25Q2,2024-09-30,Retail (Gold),"12,887.66",1.005,0.241,25.55,3.531
NBFC006,UpperFin 06 Ltd,Upper Layer,South,FY23Q4,2023-03-31,Retail (Vehicle),30434.66,3.82,1.261,29.13,2.627
NBFC059,BaseFin 59 Ltd,Base Layer,Central,FY25Q4,31/03/2025,gold,5147.74,0.986,0.207,25.68,2.954
NBFC012,UpperFin 12 Ltd,Upper Layer,North,FY25Q4,2025-03-31,Microfinance,4765.83,5.568,1.169,25.04,2.283
NBFC025,MiddleFin 25 Ltd,Middle Layer,West,FY23Q2,2022-09-30,Retail (Personal/Unsecured),10439.26,7.518,2.706,27.92,2.59
NBFC040,MiddleFin 40 Ltd,Middle  Layer,West,FY22Q4,2022-03-31,Retail (Gold),8416.1,1.824,0.711,N/A,1.152
NBFC048,BaseFin 48 Ltd,Base Layer,East,FY23Q2,2022-09-30,Retail (Vehicle),1889.14,4.656,1.676,30.34,2.264
NBFC035,MiddleFin 35 Ltd,Middle Layer,West,FY22Q2,2021-09-30,Retail (Personal/Unsecured),20371.76,10.318%,4.334,26.68,null
NBFC046,BaseFin 46 Ltd,Base Layer,South,FY22Q4,31/03/2022,Wholesale/Corporate,892.09,5.691,-,26.54,2.165
NBFC020,MiddleFin 20 Ltd,Middle Layer,West,FY22Q2,30/09/2021,  Wholesale/Corporate ,18175.88,6.494,2.727,23.61,1.276
NBFC046,BaseFin 46 Ltd,Base Layer,South,FY25Q2,30-09-2024,Microfinance,4513.9,6.127,1.47,25.83,2.822
NBFC006,UpperFin 06 Ltd,Upper Layer,South,FY21Q4,31/03/2021,Retail (Personal/Unsecured),"11,697.80",9.879,4.446,24.02,1.773
NBFC001,UpperFin 01 Ltd,Upper Layer,South,FY21Q4,31-03-2021,Wholesale/Corporate,"11,498.19",6.215%,2.797,23.66,2.034
NBFC016,MiddleFin 16 Ltd,Middle Layer,South,FY25Q4,31/03/2025,M.S.M.E,35011.68,3.688,0.774,26.67,2.27
NBFC048,BaseFin 48 Ltd,Base Layer,East,FY25Q4,31/03/2025,Retail (Vehicle),2818.96,2.806,0.589,28.46,2.532
NBFC059,BaseFin 59 Ltd,BASE LAYER,Central,FY21Q4,31/03/2021,Wholesale/Corporate,954.76,6.197,2.789,25.33,1.752
NBFC053,BaseFin 53 Ltd,BL,East,FY21Q4,31/03/2021,MSME,842.52,7.17,3.226,22.1,0.939
NBFC047,BaseFin 47 Ltd,BL,North,FY25Q2,2024-09-30,Retail (Personal/Unsecured),1935.11,4.996,1.199,29.07,3.067
NBFC021,MiddleFin 21 Ltd,Middle Layer,South,FY24Q4,2024-03-31,Microfinance,15682.31,4.574,1.235,24.63,3.511
NBFC045,BaseFin 45 Ltd,Base Layer,West,FY24Q4,31-03-2024,micro finance,3877.51,4.533,1.224,27.08,
NBFC022,MiddleFin 22 Ltd,Middle Layer,North,FY22Q2,2021-09-30,Infrastructure,6447.42,5.123,2.152,26.49,1.295
NBFC007,UpperFin 07 Ltd,Upper Layer,North,FY25Q2,2024-09-30,Wholesale/Corporate,8721.53,3.538,0.849,25.42,3.473
  NBFC034 ,MiddleFin 34 Ltd,Middle Layer,Central,FY25Q4,2025-03-31,msme,23011.13,3.647,0.766,28.23,3.081
NBFC033,MiddleFin 33 Ltd,Middle Layer,East,FY25Q4,2025-03-31,microfinance,12756.63,5.512,1.158,25.4,2.33
NBFC059,BaseFin 59 Ltd,Base Layer,Central,FY21Q4,2021-03-31,Retail (Vehicle),2227.77,5.928,2.668,24.88,0.971
NBFC013,UpperFin 13 Ltd,upper layer,East,FY25Q4,31-03-2025,Microfinance,4621.61,5.945,1.248,25.04,2.495
NBFC032,MiddleFin 32 Ltd,ML,North,FY23Q2,30-09-2022,Retail (Personal/Unsecured),14567.47,null,2.961,27.59,2.372
NBFC010,UpperFin 10 Ltd,Upper Layer,West,FY22Q4,31-03-2022,housing,20178.91,2.983,1.163,28.67,1.631
NBFC055,BaseFin 55 Ltd,Base Layer,West,FY25Q2,30-09-2024,Retail (Personal/Unsecured),2692.6,5.313,1.275,26.01,2.677
NBFC039,MiddleFin 39 Ltd,Middle Layer,Central,FY23Q4,2023-03-31,Infrastructure,15997.37,3.262,1.076,28.06,2.393
NBFC013,UpperFin 13 Ltd,Upper Layer,East,FY23Q4,2023-03-31,Wholesale/Corporate,10236.37,4.231,1.396,30.41,2.371
NBFC009,UpperFin 09 Ltd,Upper Layer,Central,FY21Q4,31/03/2021,Retail (Housing),24302.15,3.013,1.356,24.09,1.392
NBFC049,BaseFin 49 Ltd,Base Layer,Central,FY24Q2,2023-09-30,housing,1230.63,1.875%,0.562,26.21,3.587
NBFC060,BaseFin 60 Ltd,base layer,West,FY22Q4,31/03/2022,Retail (Vehicle),1827.13,5.424,,27.11,1.886
  NBFC003 ,UpperFin 03 Ltd,  Upper Layer ,East,FY24Q4,2024-03-31,Retail (Gold),10304.62,N/A,0.219,26.99,2.732
NBFC059,BaseFin 59 Ltd,Base Layer,Central,FY24Q2,30-09-2023,Microfinance,4514.38,6.937,2.081,28.55,2.805
NBFC054,BaseFin 54 Ltd,Base Layer,Central,FY25Q4,31-03-2025,Retail (Vehicle),2403.31,2.967,0.623,28.58%,2.906
NBFC022,MiddleFin 22 Ltd,Middle Layer,North,FY23Q4,31-03-2023,Microfinance,11911.21,7.286,2.404,27.61,2.779
NBFC005,UpperFin 05 Ltd,Upper Layer,West,FY22Q4,2022-03-31,Retail (Personal/Unsecured),7582.44,8.995,3.508,26.33,2.294
NBFC033,MiddleFin 33 Ltd,Middle Layer,East,FY23Q4,2023-03-31,Wholesale/Corporate,7694.61,4.139,1.366,999,2.631
NBFC026,MiddleFin 26 Ltd,Middle  Layer,South,FY24Q2,2023-09-30,Retail (Personal/Unsecured),23293.24,6.086,1.826,25.27,3.182
NBFC051,BaseFin 51 Ltd,Base Layer,South,FY25Q4,31/03/2025,Retail (Personal/Unsecured),"2,998.19",4.798,1.008,25.51%,3.303
NBFC043,BaseFin 43 Ltd,BL,East,FY23Q2,30/09/2022,Microfinance,"2,617.51",9.822,3.536,26.6,1.678
NBFC024,MiddleFin 24 Ltd,Middle Layer,Central,FY23Q4,2023-03-31,MSME,"13,084.70",4.795,1.582,26.5,3.267
NBFC023,MiddleFin 23 Ltd,Middle Layer,East,FY24Q2,30-09-2023,Retail (Gold),18238.91,1.153,0.346,30.17,3.175
NBFC034,MiddleFin 34 Ltd,Middle Layer,Central,FY25Q4,2025-03-31,Retail (Personal/Unsecured),20134.74,4.97,1.044,28.69,3.373
NBFC017,MiddleFin 17 Ltd,Middle  Layer,North,FY21Q4,31-03-2021,Retail (Housing),"24,197.57",3.02,1.359,23.89,1.962
NBFC055,BaseFin 55 Ltd,Base Layer,West,FY24Q2,30/09/2023,Wholesale/Corporate,753.78,3.826,1.148,30.14,3.0
NBFC047,BaseFin 47 Ltd,Base Layer,North,FY22Q2,2021-09-30,Retail (Housing),537.83,3.044,1.278,24.88,2.176
NBFC020,MiddleFin 20 Ltd,Middle Layer,West,FY24Q2,30/09/2023,gold,24409.93,1.121,0.336,26.89,3.312
NBFC010,UpperFin 10 Ltd,Upper Layer,West,FY25Q2,30/09/2024,Wholesale/Corporate,16707.81,3.353%,0.805,27.9,3.397
NBFC021,MiddleFin 21 Ltd,Middle Layer,South,FY24Q4,31-03-2024,housing,18296.03,1.158,0.313,24.65%,2.878
NBFC014,UpperFin 14 Ltd,upper layer,Central,FY24Q2,30-09-2023,MSME,"13,700.40",4.274,1.282,26.38,2.696
NBFC046,BaseFin 46 Ltd,BASE LAYER,South,FY23Q4,31-03-2023,MSME,2433.61,4.712,1.555,28.38,3.381
NBFC019,MiddleFin 19 Ltd,  Middle Layer ,Central,FY24Q4,31-03-2024,GOLD LOAN,20502.07,0.76,0.205,29.54,3.322
NBFC016,MiddleFin 16 Ltd,Middle Layer,South,FY24Q2,2023-09-30,Infrastructure,13816.78,3.124,-,27.98,3.655
NBFC024,MiddleFin 24 Ltd,Middle Layer,Central,FY25Q4,31-03-2025,Retail (Personal/Unsecured),15817.58,4.708,0.989,23.87,3.075
NBFC043,BaseFin 43 Ltd,Base Layer,East,FY25Q2,2024-09-30,Retail (Vehicle),2569.45,3.23,0.775,25.38,2.684
NBFC001,UpperFin 01 Ltd,UL,South,FY23Q4,31-03-2023,gold,7478.83,1.27,,28.25,2.631
NBFC054,BaseFin 54 Ltd,Base Layer,Central,FY25Q2,2024-09-30,Retail (Vehicle),2258.61,3.031,0.727,27.25,3.571
NBFC038,MiddleFin 38 Ltd,Middle Layer,East,FY24Q4,31/03/2024,MSME,14725.05,2.91,0.786,26.72,3.155
NBFC039,MiddleFin 39 Ltd,Middle Layer,Central,FY22Q4,31-03-2022,msme,27366.2,6.595,2.572,29.35,1.804
NBFC023,MiddleFin 23 Ltd,  Middle Layer ,East,FY23Q4,2023-03-31,Infrastructure,13381.25,3.328,1.098,26.81,3.471
NBFC014,UpperFin 14 Ltd,Upper Layer,Central,FY22Q4,31-03-2022,Retail (Personal/Unsecured),8955.62,8.692,3.39,26.84,1.905
NBFC052,BaseFin 52 Ltd,BASE LAYER,North,FY25Q4,31-03-2025,Wholesale/Corporate,"1,274.31",3.273,0.687,23.88,3.094
NBFC026,MiddleFin 26 Ltd,Middle Layer,South,FY24Q4,2024-03-31,MSME,29667.02,2.973,0.803,27.71,3.427
NBFC002,UpperFin 02 Ltd,UL,North,FY25Q4,31/03/2025,Retail (Personal/Unsecured),21385.72,4.594,0.965,26.47,2.911
NBFC006,UpperFin 06 Ltd,Upper Layer,South,FY23Q2,30-09-2022,Retail (Housing),30996.02,2.367%,0.852,25.86,2.457
NBFC026,MiddleFin 26 Ltd,  Middle Layer ,South,FY25Q2,30/09/2024,Retail (Gold),19811.12,1.025,0.246,28.87,2.825
NBFC048,BaseFin 48 Ltd,Base Layer,East,FY21Q4,31/03/2021,Infrastructure,224.07,4.914,2.211,24.37,1.07
NBFC031,MiddleFin 31 Ltd,Middle Layer,South,FY24Q2,30-09-2023,Retail (Housing),22879.76,1.883,4.883,24.75,2.943
NBFC054,BaseFin 54 Ltd,Base Layer,Central,FY25Q2,30-09-2024,Retail (Housing),1290.64,1.664,0.399,27.66,2.646
NBFC058,BaseFin 58 Ltd,Base Layer,East,FY24Q4,31-03-2024,Wholesale/Corporate,897.61,2.476,0.669,29.43,2.981
NBFC049,BaseFin 49 Ltd,Base Layer,Central,FY24Q2,30/09/2023,GOLD LOAN,2768.91,1.223,0.367,25.51,2.604
NBFC028,MiddleFin 28 Ltd,Middle Layer,East,FY25Q4,2025-03-31,  Microfinance ,35323.36,5.648,1.186,28.48,2.533
NBFC010,UpperFin 10 Ltd,Upper Layer,West,FY22Q2,30-09-2021,Infrastructure,12189.57,5.328,2.238,26.94,1.762
NBFC045,BaseFin 45 Ltd,Base Layer,West,FY22Q2,30/09/2021,Retail (Personal/Unsecured),2331.7,10.357,4.35,-,1.49
NBFC004,UpperFin 04 Ltd,Upper Layer,Central,FY21Q4,31-03-2021,MSME,7411.43,7.131,3.209,22.79,1.777
NBFC058,BaseFin 58 Ltd,Base Layer,East,FY21Q4,2021-03-31,Wholesale/Corporate,567.82,6.461,2.907,27.15,1.579
NBFC045,BaseFin 45 Ltd,Base Layer,West,FY25Q4,31-03-2025,Infrastructure,440.84,2.379,0.5,26.84,2.576
NBFC055,BaseFin 55 Ltd,Base Layer,West,FY22Q2,2021-09-30,Microfinance,1870.9,11.818,4.964,23.55,1.369
NBFC049,BaseFin 49 Ltd,Base Layer,Central,FY23Q2,30-09-2022,Retail (Housing),1044.91,2.492,0.897,29.3,1.954
NBFC043,BaseFin 43 Ltd,base layer,East,FY22Q4,2022-03-31,Retail (Personal/Unsecured),2176.31,8.747,3.411,27.72,1.98
NBFC020,MiddleFin 20 Ltd,Middle Layer,West,FY24Q4,2024-03-31,Retail (Vehicle),43524.97,2.31,0.624,26.75,3.231
NBFC020,MiddleFin 20 Ltd,Middle Layer,West,FY25Q2,30/09/2024,retail (housing),40691.31,1.725,0.414,25.92,3.21
NBFC046,BaseFin 46 Ltd,base layer,South,FY25Q2,30-09-2024,Retail (Personal/Unsecured),4062.51,5.476,1.314,24.26,3.474
NBFC005,UpperFin 05 Ltd,upper layer,West,FY22Q2,30-09-2021,Infrastructure,10076.79,5.314,NA,27.49,1.524
NBFC008,UpperFin 08 Ltd,  Upper Layer ,East,FY24Q2,30-09-2023,Wholesale/Corporate,19153.32,3.823,1.147,30.38,3.079
NBFC055,BaseFin 55 Ltd,BASE LAYER,West,FY23Q2,30-09-2022,Retail (Vehicle),1493.39,4.632,1.668,30.09,2.569
NBFC026,MiddleFin 26 Ltd,middle layer,South,FY24Q2,30-09-2023,MSME,26620.85,4.189,1.257,28.66,3.542
NBFC015,UpperFin 15 Ltd,Upper Layer,West,FY22Q2,30/09/2021,Retail (Personal/Unsecured),9036.18,10.421,4.377,-,1.248
NBFC059,BaseFin 59 Ltd,Base Layer,Central,FY21Q4,31/03/2021,MSME,2227.77,7.179,3.231,24.69,1.804
NBFC030,MiddleFin 30 Ltd,Middle Layer,West,FY24Q2,30/09/2023,Retail (Housing),23275.54,1.806,0.542,28.46,3.14
NBFC031,MiddleFin 31 Ltd,Middle Layer,South,FY25Q2,2024-09-30,Microfinance,23351.34,6.189,1.485,27.0,3.32
NBFC033,MiddleFin 33 Ltd,Middle Layer,East,FY24Q4,31-03-2024,Retail (Vehicle),14960.66,2.268,0.612,23.99,3.676
NBFC002,UpperFin 02 Ltd,Upper Layer,North,FY24Q2,2023-09-30,Wholesale/Corporate,20254.85,3.735,1.12,28.08,2.889
NBFC047,BaseFin 47 Ltd,Base Layer,North,FY23Q4,31/03/2023,M.S.M.E,1159.21,4.477,null,29.64,2.593
NBFC015,UpperFin 15 Ltd,UL,West,FY23Q2,2022-09-30,gold,"6,182.44",1.575,0.567,24.81,2.287
NBFC013,UpperFin 13 Ltd,Upper Layer,East,FY21Q4,2021-03-31,Retail (Housing),14143.39,3.066,1.38,23.17%,1.948
NBFC049,BaseFin 49 Ltd,base layer,Central,FY24Q4,31/03/2024,Wholesale/Corporate,1028.58,2.603,0.703,26.27,3.284
NBFC037,MiddleFin 37 Ltd,middle layer,North,FY23Q4,31-03-2023,Microfinance,15687.73,7.527,2.484,28.39,2.631
NBFC004,UpperFin 04 Ltd,UPPER LAYER,Central,FY24Q2,30-09-2023,MSME,10513.04,4.32%,1.296,29.6,2.864
  NBFC041 ,BaseFin 41 Ltd,Base Layer,South,FY23Q4,31/03/2023,MSME,1504.33,4.646,1.533,25.46,2.632
NBFC038,MiddleFin 38 Ltd,Middle  Layer,East,FY24Q4,31-03-2024,Microfinance,"11,043.79",N/A,1.271,26.69%,3.61
NBFC020,MiddleFin 20 Ltd,Middle Layer,West,FY23Q4,2023-03-31,Microfinance,26863.07,7.311,2.413,26.48,2.796
NBFC056,BaseFin 56 Ltd,Base Layer,South,FY21Q4,31/03/2021,Wholesale/Corporate,419.8,6.506,2.928,25.92,1.95
NBFC020,MiddleFin 20 Ltd,Middle Layer,West,FY25Q2,2024-09-30,Retail (Personal/Unsecured),40691.31,5.477,1.314,29.08,2.753
NBFC037,MiddleFin 37 Ltd,Middle Layer,North,FY23Q2,30-09-2022,MSME,"19,366.17",5.561,2.002,26.11%,2.641
NBFC058,BaseFin 58 Ltd,Base Layer,East,FY23Q2,2022-09-30,Retail (Housing),-100,2.577,0.928,26.06,1.987
NBFC058,BaseFin 58 Ltd,Base Layer,East,FY25Q2,30/09/2024,Retail (Personal/Unsecured),2877.15,5.293,1.27,23.81,2.753
NBFC002,UpperFin 02 Ltd,Upper Layer,North,FY21Q4,31-03-2021,Infrastructure,16659.03,4.882%,2.197,26.74,1.24
  NBFC012 ,UpperFin 12 Ltd,Upper Layer,North,FY22Q4,31/03/2022,Infrastructure,10327.0,4.791,1.868,24.23,1.363
NBFC036,MiddleFin 36 Ltd,Middle Layer,South,FY24Q2,2023-09-30,Retail (Personal/Unsecured),16079.99,5.822,1.747,26.52%,3.493
NBFC028,MiddleFin 28 Ltd,Middle Layer,East,FY25Q2,2024-09-30,  Microfinance ,"33,196.56",6.043,1.45,24.21,2.848
NBFC035,MiddleFin 35 Ltd,ML,West,FY25Q2,30-09-2024,  Retail (Gold) ,23269.04,1.004,0.241,24.25,2.401
NBFC001,UpperFin 01 Ltd,Upper Layer,South,FY22Q4,31-03-2022,Retail (Housing),23924.41,2.798,1.091,25.78%,1.979
NBFC027,MiddleFin 27 Ltd,ML,North,FY23Q4,2023-03-31,Retail (Gold),14526.5,1.239,0.409,30.03,2.435
NBFC043,BaseFin 43 Ltd,Base Layer,East,FY25Q4,31-03-2025,Wholesale/Corporate,1171.74,3.02,0.634,24.58,3.017
NBFC040,MiddleFin 40 Ltd,Middle Layer,West,FY25Q2,2024-09-30,Infrastructure,"10,220.32",2.657,0.638,28.96,2.7
NBFC028,MiddleFin 28 Ltd,middle layer,East,FY24Q4,31/03/2024,Retail (Personal/Unsecured),36248.06,3.805,1.027,25.01,3.775
NBFC002,UpperFin 02 Ltd,Upper Layer,North,FY24Q4,2024-03-31,Microfinance,7524.19,4.738,1.279,27.74,2.74
NBFC036,MiddleFin 36 Ltd,Middle Layer,South,FY21Q4,31/03/2021,Infrastructure,6477.71,5.266%,2.37,27.16,1.396
NBFC053,BaseFin 53 Ltd,Base Layer,East,FY24Q4,2024-03-31,Infrastructure,190.27,2.057,0.555,29.45%,2.986
NBFC050,BaseFin 50 Ltd,BL,West,FY23Q4,2023-03-31,Retail (Vehicle),2687.54,3.656,1.206,26.71,2.516
NBFC038,MiddleFin 38 Ltd,Middle Layer,East,FY22Q2,30/09/2021,Retail (Personal/Unsecured),"8,608.79",10.196,4.282,26.94,1.726
NBFC050,BaseFin 50 Ltd,Base Layer,West,FY25Q4,2025-03-31,Infrastructure,530.43,2.553,0.536,26.01,2.366
NBFC056,BaseFin 56 Ltd,Base Layer,South,FY25Q4,31-03-2025,Retail (Gold),2263.44,0.996,0.209,25.76,3.301
NBFC017,MiddleFin 17 Ltd,Middle Layer,North,FY23Q4,2023-03-31,Microfinance,26981.06,7.664,2.529,28.55,3.322
NBFC054,BaseFin 54 Ltd,Base Layer,Central,FY21Q4,31-03-2021,Microfinance,1910.34,12.357,5.561,24.55,1.963
NBFC041,BaseFin 41 Ltd,base layer,South,FY24Q2,2023-09-30,Retail (Gold),2109.02,1.182,0.355,27.84,3.308
NBFC016,MiddleFin 16 Ltd,Middle Layer,South,FY25Q2,30-09-2024,Infrastructure,"16,451.82",2.649,0.636,27.93,3.363
NBFC004,UpperFin 04 Ltd,UPPER LAYER,Central,FY23Q2,30-09-2022,Retail (Personal/Unsecured),7438.75,8.108,2.919,26.3,2.505
NBFC018,MiddleFin 18 Ltd,Middle Layer,East,FY25Q4,2025-03-31,Wholesale/Corporate,26850.01,3.147%,0.661,23.65,3.167
NBFC035,MiddleFin 35 Ltd,Middle Layer,West,FY25Q4,31/03/2025,MSME,39615.71,3.429%,0.72,23.18,2.695
NBFC048,BaseFin 48 Ltd,Base Layer,East,FY23Q2,30-09-2022,Retail (Housing),1079.51,-,0.883,26.7,2.102
NBFC044,BaseFin 44 Ltd,Base Layer,Central,FY21Q4,2021-03-31,Infrastructure,289.93,NA,,22.54,1.464
NBFC021,MiddleFin 21 Ltd,middle layer,South,FY21Q4,31/03/2021,MSME,"13,227.29",7.026,3.162,NA,1.543
  NBFC023 ,MiddleFin 23 Ltd,Middle Layer,East,FY22Q2,2021-09-30,Microfinance,16297.06,11.597,4.871,NA,1.56
NBFC047,BaseFin 47 Ltd,Base Layer,North,FY23Q4,31-03-2023,Wholesale/Corporate,496.8,3.954,1.305,28.52,2.395
NBFC060,BaseFin 60 Ltd,Base Layer,West,FY25Q2,2024-09-30,Infrastructure,396.22,2.702,0.648,28.14,3.341
NBFC038,MiddleFin 38 Ltd,Middle  Layer,East,FY24Q2,30-09-2023,Retail (Housing),"11,561.47",1.754,0.526,29.48,2.975
NBFC036,MiddleFin 36 Ltd,Middle Layer,South,FY23Q4,31/03/2023,Infrastructure,8426.66,3.121,1.03,29.6,2.746
NBFC048,BaseFin 48 Ltd,Base Layer,East,FY21Q4,31/03/2021,Wholesale/Corporate,672.22,6.722,3.025,23.06,1.447
NBFC032,MiddleFin 32 Ltd,Middle Layer,North,FY25Q2,2024-09-30,Wholesale/Corporate,14591.85,3.477,0.834,999,3.348
NBFC038,MiddleFin 38 Ltd,Middle Layer,East,FY23Q4,31-03-2023,Retail (Vehicle),12117.49,3.544,1.17,26.75,2.733
NBFC034,MiddleFin 34 Ltd,Middle Layer,Central,FY23Q4,2023-03-31,Microfinance,12491.97,7.458,2.461,25.02,3.27
NBFC059,BaseFin 59 Ltd,base layer,Central,FY21Q4,31-03-2021,Retail (Housing),1273.01,3.138,1.412,999,1.042
NBFC022,MiddleFin 22 Ltd,Middle  Layer,North,FY22Q4,31-03-2022,microfinance,10188.07,11.366,4.433,27.58,1.658
NBFC038,MiddleFin 38 Ltd,Middle Layer,East,FY21Q4,2021-03-31,Retail (Personal/Unsecured),8150.55,10.023,4.51,24.16%,1.508
NBFC006,UpperFin 06 Ltd,upper layer,South,FY24Q2,30-09-2023,MSME,19911.86,4.505,1.351,30.43,3.641
NBFC022,MiddleFin 22 Ltd,Middle Layer,North,FY23Q2,30/09/2022,Wholesale/Corporate,"9,190.09",5.013,1.805,25.45,2.559
NBFC030,MiddleFin 30 Ltd,ML,West,FY24Q4,31-03-2024,Wholesale/Corporate,"18,527.80",2.514,0.679,25.9,3.675
NBFC050,BaseFin 50 Ltd,Base Layer,West,FY23Q4,31-03-2023,MSME,2687.54,4.49,1.482,29.93,3.124
NBFC011,UpperFin 11 Ltd,Upper Layer,South,FY25Q4,2025-03-31,MSME,14749.44,3.478%,0.73,28.39%,3.019
NBFC058,BaseFin 58 Ltd,Base Layer,East,FY24Q4,31-03-2024,Retail (Vehicle),2094.42,2.22,0.599,24.42,3.424
NBFC003,UpperFin 03 Ltd,Upper Layer,East,FY23Q4,2023-03-31,Retail (Housing),31092.76,2.008,0.663,29.76,2.439
NBFC032,MiddleFin 32 Ltd,Middle Layer,North,FY22Q2,2021-09-30,Wholesale/Corporate,"9,124.99",6.656,2.796,25.81,1.836
  NBFC028 ,MiddleFin 28 Ltd,Middle Layer,East,FY25Q4,31-03-2025,Infrastructure,"23,548.91",2.39,0.502,26.2,2.406
NBFC029,MiddleFin 29 Ltd,Middle Layer,Central,FY24Q4,31-03-2024,Retail (Gold),20630.81,0.801,0.216,25.26,3.08
NBFC012,UpperFin 12 Ltd,Upper Layer,North,FY22Q4,31-03-2022,Retail (Vehicle),14752.85,5.593,2.181,24.58,1.611
NBFC013,UpperFin 13 Ltd,Upper Layer,East,FY25Q4,31-03-2025,Infrastructure,16175.62,2.48%,0.521,26.78,3.375
NBFC011,UpperFin 11 Ltd,UPPER LAYER,South,FY25Q2,30/09/2024,Wholesale/Corporate,13861.38,3.338,0.801,23.95,2.892
NBFC012,UpperFin 12 Ltd,UL,North,FY23Q2,30/09/2022,Retail (Vehicle),"15,969.26",4.526,1.629,25.65,1.932
NBFC007,UpperFin 07 Ltd,UPPER LAYER,North,FY21Q4,31-03-2021,MFI,1721.23,11.414%,5.136,23.62,1.536
NBFC046,BaseFin 46 Ltd,Base Layer,South,FY22Q2,30-09-2021,Infrastructure,282.28,4.923,2.068,23.2,1.324
NBFC032,MiddleFin 32 Ltd,Middle Layer,North,FY21Q4,31-03-2021,Retail (Personal/Unsecured),12094.98,9.745,4.385,27.06,1.045
NBFC017,MiddleFin 17 Ltd,Middle Layer,North,FY25Q2,2024-09-30,Infrastructure,"23,354.31",2.786,0.669,24.35,3.213
NBFC029,MiddleFin 29 Ltd,Middle Layer,Central,FY23Q2,2022-09-30,Microfinance,18862.46,9.33,3.359,29.42%,2.308
NBFC041,BaseFin 41 Ltd,Base Layer,South,FY22Q2,30-09-2021,Infrastructure,174.49,4.933,2.072,24.65,1.493
NBFC015,UpperFin 15 Ltd,Upper Layer,West,FY23Q2,2022-09-30,Retail (Vehicle),"20,608.12",4.667,-,30.39,1.825
NBFC023,MiddleFin 23 Ltd,Middle Layer,East,FY25Q4,2025-03-31,Retail (Vehicle),36973.87,2.867,0.602,-,2.926
NBFC030,MiddleFin 30 Ltd,  Middle Layer ,West,FY22Q2,30/09/2021,Retail (Personal/Unsecured),17331.21,9.697,4.073,26.46,1.416
NBFC018,MiddleFin 18 Ltd,Middle Layer,East,FY25Q2,30/09/2024,Retail (Housing),35326.74,1.641,0.394,23.49%,3.295
NBFC015,UpperFin 15 Ltd,Upper Layer,West,FY24Q2,30/09/2023,Wholesale/Corporate,14562.54,3.857,1.157,30.49,3.442
NBFC044,BaseFin 44 Ltd,Base Layer,Central,FY22Q2,30/09/2021,Infrastructure,306.23,4.995,2.098,28.23,1.891
NBFC027,MiddleFin 27 Ltd,Middle Layer,North,FY25Q4,31-03-2025,Wholesale/Corporate,"20,069.16",3.049,,26.34,2.744
NBFC016,MiddleFin 16 Ltd,middle layer,South,FY25Q2,30/09/2024,Retail (Housing),28790.69,1.652,0.396,28.39,3.583
NBFC043,BaseFin 43 Ltd,Base Layer,East,FY25Q2,30/09/2024,MSME,2569.45,3.936,0.945,25.71,3.27
NBFC033,MiddleFin 33 Ltd,Middle Layer,East,FY24Q2,2023-09-30,MSME,13424.52,4.564,1.369,24.79%,3.278
NBFC011,UpperFin 11 Ltd,Upper Layer,South,FY22Q4,2022-03-31,Microfinance,3043.84,10.684,4.167,24.57,1.441
NBFC051,BaseFin 51 Ltd,base layer,South,FY23Q4,31/03/2023,Wholesale/Corporate,723.38,4.167,1.375,29.19,2.469
NBFC013,UpperFin 13 Ltd,Upper Layer,East,FY23Q4,2023-03-31,  Microfinance ,3345.22,7.188,2.372,28.63,3.488
NBFC040,MiddleFin 40 Ltd,Middle Layer,West,FY23Q2,30-09-2022,Wholesale/Corporate,9110.03,5.07,1.825,26.82,1.895
NBFC029,MiddleFin 29 Ltd,Middle Layer,Central,FY23Q4,31/03/2023,Retail (Vehicle),27163.91,3.637%,1.2,28.21,2.964
NBFC012,UpperFin 12 Ltd,UL,North,FY24Q2,30/09/2023,Retail (Housing),20688.3,1.796,0.539,27.61,3.564
NBFC055,BaseFin 55 Ltd,BL,West,FY23Q4,31/03/2023,Microfinance,2304.25,7.246,2.391,28.86,2.942
NBFC028,MiddleFin 28 Ltd,Middle Layer,East,FY24Q2,2023-09-30,MSME,37172.75,4.366,1.31,26.44,3.593
NBFC015,UpperFin 15 Ltd,UL,West,FY25Q4,31-03-2025,Retail (Vehicle),30751.19,2.781,0.584,23.58,2.64
NBFC003,UpperFin 03 Ltd,Upper Layer,East,FY24Q4,2024-03-31,Wholesale/Corporate,20609.24,2.634,0.711,29.42,3.134
NBFC042,BaseFin 42 Ltd,Base Layer,North,FY21Q4,2021-03-31,Retail (Gold),2673.64,2.012,0.905,23.31,1.545
NBFC058,BaseFin 58 Ltd,Base Layer,East,FY24Q2,30-09-2023,Retail (Vehicle),"1,879.36",3.496,1.049,29.13,2.789
NBFC032,MiddleFin 32 Ltd,Middle Layer,North,FY25Q4,31-03-2025,Microfinance,18632.05,6.005,1.261,24.83,2.233
NBFC025,MiddleFin 25 Ltd,Middle Layer,West,FY23Q2,30-09-2022,Infrastructure,5965.29,3.909,1.407,26.96,1.577
NBFC010,UpperFin 10 Ltd,Upper Layer,West,FY23Q2,30-09-2022,Retail (Personal/Unsecured),"9,928.50",7.61,2.74,28.24,2.696
NBFC048,BaseFin 48 Ltd,  Base Layer ,East,FY22Q2,30-09-2021,MSME,1656.69,7.332,N/A,28.81,1.534
NBFC030,MiddleFin 30 Ltd,Middle Layer,West,FY22Q4,31/03/2022,Infrastructure,10432.91,4.779%,1.864,28.17,2.041
NBFC019,MiddleFin 19 Ltd,  Middle Layer ,Central,FY22Q4,31/03/2022,Wholesale/Corporate,14430.77,6.148,2.398,23.78%,1.827
NBFC041,BaseFin 41 Ltd,Base Layer,South,FY21Q4,31-03-2021,Wholesale/Corporate,495.6,6.646%,2.991,25.64,1.068
NBFC017,MiddleFin 17 Ltd,Middle Layer,North,FY22Q4,2022-03-31,Retail (Vehicle),30770.44,5.213,2.033,24.07,N/A
NBFC047,BaseFin 47 Ltd,Base Layer,North,FY24Q4,31/03/2024,MSME,1408.66,,0.749,26.84,3.395
NBFC015,UpperFin 15 Ltd,Upper Layer,West,FY24Q2,2023-09-30,Retail (Personal/Unsecured),12135.45,5.897,1.769,24.89,2.981
NBFC001,UpperFin 01 Ltd,Upper Layer,South,FY21Q4,31-03-2021,Retail (Personal/Unsecured),0,9.512,4.28,26.93,1.094
NBFC042,BaseFin 42 Ltd,base layer,North,FY25Q2,30-09-2024,MSME,3512.31,4.032,0.968,24.96,3.437
NBFC007,UpperFin 07 Ltd,Upper Layer,North,FY23Q2,30/09/2022,Retail (Gold),3109.63,1.623,0.584,24.65,1.629
NBFC030,MiddleFin 30 Ltd,Middle Layer,West,FY25Q4,31/03/2025,Wholesale/Corporate,21064.34,3.314,0.696,26.2,2.942
NBFC048,BaseFin 48 Ltd,Base Layer,East,FY25Q4,2025-03-31,M.S.M.E,2818.96,3.633,0.763,26.75,3.373
NBFC009,UpperFin 09 Ltd,Upper Layer,Central,FY22Q2,30-09-2021,MSME,14000.98,7.307,3.069,26.36%,1.764
NBFC010,UpperFin 10 Ltd,Upper Layer,West,FY22Q2,30-09-2021,Microfinance,3482.73,11.764,4.941,24.06,1.782
NBFC036,MiddleFin 36 Ltd,ML,South,FY23Q4,2023-03-31,Retail (Gold),10533.33,1.22,0.403,27.81%,2.986
NBFC006,UpperFin 06 Ltd,Upper Layer,South,FY23Q2,30-09-2022,MSME,16906.92,5.745,2.068,26.49,2.173
NBFC052,BaseFin 52 Ltd,BASE LAYER,North,FY25Q2,2024-09-30,Infrastructure,399.2,2.771,0.665,27.78,3.466
NBFC034,MiddleFin 34 Ltd,Middle Layer,Central,FY21Q4,31/03/2021,Retail (Vehicle),12803.7,6.162,2.773,23.66,1.599
NBFC004,UpperFin 04 Ltd,Upper Layer,Central,FY23Q2,2022-09-30,Wholesale/Corporate,8926.5,5.246,1.889,25.02,2.013
NBFC035,MiddleFin 35 Ltd,Middle Layer,West,FY22Q4,31/03/2022,Retail (Gold),15329.05,1.753,0.684,28.18,1.409
NBFC025,MiddleFin 25 Ltd,Middle Layer,West,FY22Q4,31-03-2022,Retail (Gold),6888.63,1.904,0.743,27.12,2.269
NBFC056,BaseFin 56 Ltd,Base Layer,South,FY22Q4,2022-03-31,retail (housing),622.81,2.874,1.121,26.71,2.149
NBFC033,MiddleFin 33 Ltd,Middle Layer,East,FY24Q2,2023-09-30,Retail (Housing),11746.45,1.871,0.561,27.14,3.236
NBFC055,BaseFin 55 Ltd,Base Layer,West,FY22Q2,30-09-2021,Infrastructure,187.09,5.063,2.126,27.38%,1.6
NBFC058,BaseFin 58 Ltd,Base Layer,East,FY25Q4,2025-03-31,Retail (Vehicle),2381.15,2.996,0.629,25.71,2.609
NBFC014,UpperFin 14 Ltd,UPPER LAYER,Central,FY22Q4,31/03/2022,Retail (Vehicle),17911.24,5.669,2.211,24.84,2.127
NBFC054,BaseFin 54 Ltd,Base Layer,Central,FY23Q4,31-03-2023,Microfinance,2485.1,7.677%,2.533,,3.289
NBFC045,BaseFin 45 Ltd,BASE LAYER,West,FY25Q2,30/09/2024,MSME,2900.05,4.063,0.975,23.94,3.3
NBFC010,UpperFin 10 Ltd,UPPER LAYER,West,FY23Q2,30-09-2022,Retail (Vehicle),19857.01,4.851%,1.746,30.13,2.032
NBFC048,BaseFin 48 Ltd,BL,East,FY23Q2,30-09-2022,MSME,1889.14,5.751,2.07,25.12,1.764
NBFC059,BaseFin 59 Ltd,Base Layer,Central,FY21Q4,2021-03-31,Retail (Personal/Unsecured),2864.27,10.311,4.64,27.55,1.585
NBFC044,BaseFin 44 Ltd,Base Layer,Central,FY21Q4,2021-03-31,Retail (Vehicle),2029.51,5.672,2.552,25.87,1.01
NBFC041,BaseFin 41 Ltd,Base Layer,South,FY23Q2,2022-09-30,Retail (Vehicle),1392.8,4.871,1.754,26.55,2.02
NBFC047,BaseFin 47 Ltd,Base Layer,North,FY25Q2,2024-09-30,Microfinance,2150.12,6.095,1.463,27.37,3.262
NBFC031,MiddleFin 31 Ltd,ML,South,FY25Q2,30-09-2024,Retail (Housing),27243.23,1.569,0.377,28.98,2.733
NBFC035,MiddleFin 35 Ltd,middle layer,West,FY25Q4,31/03/2025,Retail (Personal/Unsecured),34663.75,4.66,0.979,28.31,3.121
NBFC058,BaseFin 58 Ltd,Base Layer,East,FY22Q4,2022-03-31,Retail (Housing),842.40,2.909%,1.135,24.81,2.191
NBFC034,MiddleFin 34 Ltd,  Middle Layer ,Central,FY25Q2,30/09/2024,MSME,21625.64,4.076,0.978,null,3.163
NBFC048,BaseFin 48 Ltd,BL,East,FY24Q4,31/03/2024,Retail (Gold),"3,187.93",0.765,0.207,27.17%,2.892
NBFC002,UpperFin 02 Ltd,Upper Layer,North,FY23Q2,2022-09-30,Retail (Vehicle),28663.59,4.811,1.732,26.28,2.453
NBFC044,BaseFin 44 Ltd,base layer,Central,FY24Q4,2024-03-31,Infrastructure,458.32,1.885,0.509,26.08,3.476
  NBFC056 ,BaseFin 56 Ltd,Base Layer,South,FY24Q4,2024-03-31,Retail (Personal/Unsecured),1990.88,3.857,1.041,999,2.888
NBFC057,BaseFin 57 Ltd,Base Layer,North,FY23Q2,30/09/2022,Retail (Vehicle),"2,388.48",4.633%,1.668,26.52,2.551
NBFC033,MiddleFin 33 Ltd,Middle Layer,East,FY24Q4,2024-03-31,Wholesale/Corporate,9350.41,2.476,0.669,28.18,3.632
NBFC029,MiddleFin 29 Ltd,Middle Layer,Central,FY25Q4,31/03/2025,Wholesale/Corporate,23455.27,3.171,0.666,28.65,3.083
NBFC043,BaseFin 43 Ltd,Base Layer,East,FY24Q2,30/09/2023,Infrastructure,308.27,3.099,0.93,28.32,2.631
NBFC011,UpperFin 11 Ltd,UPPER LAYER,South,FY24Q2,30/09/2023,Wholesale/Corporate,"11,641.24",3.742,1.123,27.37,3.173
NBFC014,UpperFin 14 Ltd,UPPER LAYER,Central,FY23Q4,31/03/2023,Retail (Vehicle),20940.63,3.532,1.166,25.93,3.404
  NBFC030 ,MiddleFin 30 Ltd,Middle Layer,West,FY25Q4,31/03/2025,Retail (Personal/Unsecured),"29,490.08",4.863,1.021,22.94,2.608
  NBFC003 ,UpperFin 03 Ltd,UPPER LAYER,East,FY21Q4,2021-03-31,MSME,13037.18,7.635,3.436,26.64,1.861
NBFC035,MiddleFin 35 Ltd,Middle Layer,West,FY25Q4,2025-03-31,Infrastructure,19807.85,2.406,0.505,26.07,2.557
NBFC011,UpperFin 11 Ltd,Upper Layer,South,FY25Q2,30-09-2024,Infrastructure,16171.61,2.788,0.669,26.59,2.497
NBFC015,UpperFin 15 Ltd,upper layer,West,FY22Q4,2022-03-31,Wholesale/Corporate,11423.02,6.006,2.342,29.1,2.202
NBFC004,UpperFin 04 Ltd,Upper Layer,Central,FY24Q2,30-09-2023,Microfinance,3504.35,7.109%,2.133,29.54,3.437
NBFC017,MiddleFin 17 Ltd,middle layer,North,FY24Q4,2024-03-31,Infrastructure,21858.07,1.979,-,28.75,2.901
NBFC001,UpperFin 01 Ltd,Upper Layer,South,FY24Q2,30-09-2023,Retail (Personal/Unsecured),13591.72,6.092,1.828,25.3,2.717
  NBFC008 ,UpperFin 08 Ltd,Upper Layer,East,FY24Q4,2024-03-31,Retail (Housing),39132.5,1.228,0.332,28.02,2.866
  NBFC060 ,BaseFin 60 Ltd,Base Layer,West,FY24Q2,30-09-2023,Retail (Vehicle),2329.3,3.612,1.084,26.77,2.647
NBFC029,MiddleFin 29 Ltd,Middle Layer,Central,FY25Q4,31/03/2025,Retail (Gold),23455.27,0.987,0.207,26.71,3.13
NBFC045,BaseFin 45 Ltd,Base Layer,West,FY23Q4,31/03/2023,MSME,2233.61,4.653,1.535,30.34,2.405
NBFC011,UpperFin 11 Ltd,  Upper Layer ,South,FY22Q4,2022-03-31,Wholesale/Corporate,9131.52,5.749,2.242,29.12,2.141
NBFC014,UpperFin 14 Ltd,Upper Layer,Central,FY24Q2,30-09-2023,Retail (Gold),6850.2,1.215,0.364,25.47,3.246
NBFC052,BaseFin 52 Ltd,Base Layer,North,FY23Q4,31/03/2023,Infrastructure,307.46,3.161,1.043,25.28,3.118
NBFC020,MiddleFin 20 Ltd,Middle Layer,West,FY24Q4,31/03/2024,Retail (Gold),27203.11,0.781%,0.211,25.47,3.62
NBFC008,UpperFin 08 Ltd,Upper Layer,East,FY23Q4,31/03/2023,Retail (Housing),32202.78,1.883,0.621,26.56,3.311
NBFC037,MiddleFin 37 Ltd,Middle Layer,North,FY24Q2,2023-09-30,Retail (Vehicle),"22,808.21",3.361,1.008,27.17,2.92
  NBFC042 ,BaseFin 42 Ltd,Base Layer,North,FY22Q2,30-09-2021,GOLD LOAN,2823.96,1.978,0.831,27.34,1.63
NBFC010,UpperFin 10 Ltd,Upper Layer,West,FY24Q2,2023-09-30,Wholesale/Corporate,14031.77,3.754,1.126,27.81,2.926
NBFC020,MiddleFin 20 Ltd,Middle Layer,West,FY23Q4,2023-03-31,Microfinance,26863.07,7.311,2.413,26.48,2.796
NBFC053,BaseFin 53 Ltd,Base Layer,East,FY25Q2,2024-09-30,Retail (Gold),1829.62,1.063,0.255,24.46,3.317
NBFC005,UpperFin 05 Ltd,Upper Layer,West,FY25Q4,2025-03-31,Wholesale/Corporate,14990.73,3.03,0.636,28.34,2.756
NBFC052,BaseFin 52 Ltd,BL,North,FY22Q4,31/03/2022,Retail (Vehicle),1840.86,5.234,2.041,29.22,1.273
NBFC006,UpperFin 06 Ltd,UL,South,FY24Q4,31/03/2024,Retail (Housing),40682.27,1.19,0.321,27.82,3.12
NBFC011,UpperFin 11 Ltd,UPPER LAYER,South,FY23Q2,30-09-2022,Retail (Vehicle),"16,474.06",4.945,1.78,25.12,1.711
NBFC019,MiddleFin 19 Ltd,Middle Layer,Central,FY24Q2,30-09-2023,MSME,30023.81,4.305,1.291,,2.546
NBFC058,BaseFin 58 Ltd,Base Layer,East,FY22Q2,30-09-2021,Retail (Vehicle),1399.39,6.221,2.613,28.88,2.082
NBFC031,MiddleFin 31 Ltd,Middle Layer,South,FY22Q4,31-03-2022,  MSME ,20511.02,6.43,2.508,26.95,1.729
NBFC031,MiddleFin 31 Ltd,Middle Layer,South,FY22Q4,31/03/2022,GOLD LOAN,"12,819.39",1.742,0.679,26.17,1.171
NBFC028,MiddleFin 28 Ltd,ML,East,FY24Q2,30-09-2023,Retail (Vehicle),37172.75,3.653,1.096,28.01,3.302
NBFC031,MiddleFin 31 Ltd,Middle Layer,South,FY24Q4,31-03-2024,MSME,"29,140.39",2.799,0.756,24.32,3.438
NBFC017,MiddleFin 17 Ltd,Middle Layer,North,FY21Q4,2021-03-31,gold,17283.98,1.91,0.859,24.12,1.181
NBFC006,UpperFin 06 Ltd,Upper Layer,South,FY22Q2,30/09/2021,Retail (Housing),"27,182.06",3.284,1.379,25.03,1.802
NBFC060,BaseFin 60 Ltd,Base Layer,West,FY22Q2,2021-09-30,Retail (Personal/Unsecured),2229.97,9.746,4.093,28.88,1.436
NBFC055,BaseFin 55 Ltd,Base Layer,West,FY22Q2,2021-09-30,Retail (Housing),748.36,3.159,1.327,24.49,1.753
NBFC048,BaseFin 48 Ltd,Base Layer,East,FY22Q2,30/09/2021,Retail (Personal/Unsecured),"2,130.03",10.428%,4.38,24.44,1.275
NBFC015,UpperFin 15 Ltd,Upper Layer,West,FY23Q4,31-03-2023,Retail (Housing),24484.22,2.012,0.664,28.68,3.134
NBFC027,MiddleFin 27 Ltd,Middle Layer,North,FY23Q2,30-09-2022,Retail (Personal/Unsecured),18829.29,7.858,2.829,25.92,1.787
NBFC045,BaseFin 45 Ltd,Base Layer,West,FY22Q4,31-03-2022,Retail (Personal/Unsecured),2456.33,9.542,null,25.03,2.04
NBFC060,BaseFin 60 Ltd,base layer,West,FY23Q4,2023-03-31,Wholesale/Corporate,915.49,4.006,1.322,29.17,3.071
NBFC032,MiddleFin 32 Ltd,Middle  Layer,North,FY23Q4,2023-03-31,Wholesale/Corporate,11238.57,4.239,1.399,30.09,2.886
NBFC047,BaseFin 47 Ltd,Base Layer,North,FY23Q2,30-09-2022,Retail (Housing),613.29,2.363,0.851,25.64,1.823
NBFC052,BaseFin 52 Ltd,Base Layer,North,FY23Q4,31-03-2023,Microfinance,"3,074.59",7.323,2.417,28.4,2.939
NBFC030,MiddleFin 30 Ltd,Middle Layer,West,FY25Q2,30/09/2024,Retail (Housing),27714.49,1.619%,0.389,24.84,3.239
NBFC018,MiddleFin 18 Ltd,Middle Layer,East,FY22Q2,30/09/2021,  Wholesale/Corporate ,"15,779.65",6.782,2.848,24.93,1.378
NBFC027,MiddleFin 27 Ltd,Middle Layer,North,FY22Q2,2021-09-30,Retail (Vehicle),18871.32,6.26%,2.629,23.89,1.794
  NBFC044 ,BaseFin 44 Ltd,Base Layer,Central,FY24Q4,31/03/2024,Retail (Gold),4124.91,0.783,0.211,24.33%,3.887
NBFC051,BaseFin 51 Ltd,BL,South,FY22Q4,31-03-2022,Infrastructure,206.25,4.545,1.773,26.91,1.449
NBFC046,BaseFin 46 Ltd,Base Layer,South,FY24Q4,31-03-2024,Microfinance,4224.71,4.623,1.248,24.39,2.759
NBFC017,MiddleFin 17 Ltd,Middle Layer,North,FY22Q2,30/09/2021,Retail (Gold),"18,255.72",2.013,0.845,23.91,1.973
NBFC014,UpperFin 14 Ltd,Upper Layer,Central,FY24Q2,30-09-2023,Retail (Gold),6850.2,1.215,0.364,25.47,3.246
NBFC050,BaseFin 50 Ltd,Base Layer,West,FY25Q4,31-03-2025,Microfinance,5304.26,5.574,1.171,27.92,2.272
NBFC058,BaseFin 58 Ltd,Base Layer,East,FY21Q4,2021-03-31,Infrastructure,189.27,4.946%,2.226,23.65,1.571
NBFC017,MiddleFin 17 Ltd,Middle Layer,North,FY23Q2,2022-09-30,MSME,33307.54,5.995,2.158,29.59,2.634
NBFC040,MiddleFin 40 Ltd,middle layer,West,FY22Q2,30/09/2021,Retail (Vehicle),12782.51,5.887,2.473,24.83,1.487
NBFC020,MiddleFin 20 Ltd,Middle Layer,West,FY24Q2,2023-09-30,Retail (Vehicle),39055.89,3.675,1.102,27.52,3.59
NBFC039,MiddleFin 39 Ltd,Middle Layer,Central,FY21Q4,2021-03-31,Microfinance,18446.15,12.269,5.521,27.92,1.53
NBFC026,MiddleFin 26 Ltd,Middle Layer,South,FY23Q4,2023-03-31,Retail (Housing),21361.8,2.024,0.668,27.85,-
NBFC002,UpperFin 02 Ltd,Upper Layer,North,FY24Q2,30-09-2023,Retail (Personal/Unsecured),16879.05,5.587,1.676,29.14,3.304
NBFC013,UpperFin 13 Ltd,Upper Layer,East,FY22Q2,2021-09-30,Retail (Personal/Unsecured),"6,790.25",10.424,4.378,23.46,1.606
NBFC014,UpperFin 14 Ltd,Upper Layer,Central,FY21Q4,31-03-2021,Retail (Housing),"17,707.14",3.091,1.391,23.4,1.82
NBFC034,MiddleFin 34 Ltd,Middle Layer,Central,FY23Q2,2022-09-30,Retail (Housing),13493.44,2.574%,0.927,29.81,2.353
NBFC004,UpperFin 04 Ltd,Upper Layer,Central,FY25Q4,31/03/2025,  Microfinance ,4440.0,5.478,1.15,28.39,2.553
NBFC020,MiddleFin 20 Ltd,Middle Layer,West,FY24Q2,30-09-2023,Retail (Personal/Unsecured),"34,173.90",6.094,1.828,25.92,3.334
NBFC007,UpperFin 07 Ltd,Upper Layer,North,FY22Q4,2022-03-31,Retail (Personal/Unsecured),"4,787.94",9.434,3.679,26.12,1.705
  NBFC010 ,UpperFin 10 Ltd,Upper Layer,West,FY22Q4,31-03-2022,Retail (Gold),5503.34,1.788,0.697,24.1,1.165
NBFC057,BaseFin 57 Ltd,Base Layer,North,FY24Q2,2023-09-30,Retail (Housing),"1,607.43",1.831,0.549,27.28,2.74
NBFC048,BaseFin 48 Ltd,BL,East,FY22Q4,31-03-2022,Retail (Vehicle),1745.24,5.404,2.108,27.41,1.883
NBFC015,UpperFin 15 Ltd,Upper Layer,West,FY23Q4,31/03/2023,MSME,13355.03,4.742,1.565,25.99,2.32
NBFC041,BaseFin 41 Ltd,Base Layer,South,FY24Q4,31/03/2024,GOLD LOAN,2350.35,0.752,0.203,27.23,3.4
NBFC058,BaseFin 58 Ltd,Base Layer,East,FY23Q4,31-03-2023,MSME,1723.53,4.41,1.455,27.28,2.945
NBFC040,MiddleFin 40 Ltd,Middle Layer,West,FY23Q4,31-03-2023,Microfinance,11807.46,7.668,2.53,30.17,3.232
NBFC046,BaseFin 46 Ltd,BASE LAYER,South,FY25Q2,30/09/2024,Retail (Gold),4062.51,1.014,0.243,24.12,3.038
NBFC022,MiddleFin 22 Ltd,Middle Layer,North,FY23Q4,31/03/2023,Wholesale/Corporate,"9,926.01",4.253,1.403,28.31,3.404
NBFC023,MiddleFin 23 Ltd,Middle Layer,East,FY25Q2,30/09/2024,  Wholesale/Corporate ,21717.31,3.56,0.854,28.13,null
NBFC041,BaseFin 41 Ltd,Base Layer,South,FY24Q4,31-03-2024,Microfinance,2611.5,4.479,1.209,27.75,3.744
NBFC038,MiddleFin 38 Ltd,Middle Layer,East,FY24Q4,31-03-2024,Retail (Vehicle),14725.05,2.421,0.654,NA,3.381
NBFC041,BaseFin 41 Ltd,BL,South,FY24Q2,2023-09-30,Retail (Vehicle),1640.35,3.638,1.091,24.79,3.088
NBFC024,MiddleFin 24 Ltd,Middle Layer,Central,FY25Q4,31-03-2025,Retail (Vehicle),18077.24,2.799,0.588,27.35,2.754
NBFC003,UpperFin 03 Ltd,Upper Layer,East,FY22Q4,2022-03-31,Retail (Vehicle),"24,177.01",5.2%,2.028,28.71,1.421
NBFC034,MiddleFin 34 Ltd,Middle Layer,Central,FY23Q2,30-09-2022,Retail (Personal/Unsecured),13493.44,7.772,2.798,25.35,1.623
NBFC024,MiddleFin 24 Ltd,ML,Central,FY24Q4,2024-03-31,Infrastructure,"7,950.20",1.929,0.521,25.54,3.577
NBFC048,BaseFin 48 Ltd,Base Layer,East,FY23Q2,30/09/2022,Retail (Gold),2428.9,1.549,0.558,26.77%,2.468
NBFC027,MiddleFin 27 Ltd,Middle Layer,North,FY22Q4,2022-03-31,MSME,19880.03,7.037,2.744,25.59,1.457
NBFC048,BaseFin 48 Ltd,Base Layer,East,FY22Q4,2022-03-31,Microfinance,2493.21,10.873,4.24,28.89%,NA
NBFC027,MiddleFin 27 Ltd,Middle Layer,North,FY24Q4,2024-03-31,Retail (Housing),24713.44,1.227,0.331,26.98,2.835
NBFC020,MiddleFin 20 Ltd,  Middle Layer ,West,FY24Q4,31/03/2024,Microfinance,32643.73,4.54,1.226,28.09,3.603
NBFC040,MiddleFin 40 Ltd,Middle  Layer,West,FY25Q4,31-03-2025,Infrastructure,10875.1,2.58,0.542,28.08,3.081
NBFC009,UpperFin 09 Ltd,UPPER LAYER,Central,FY23Q2,30-09-2022,MSME,15965.49,5.712,2.056,26.26,2.599
NBFC002,UpperFin 02 Ltd,Upper Layer,North,FY23Q4,2023-03-31,Retail (Housing),34054.8,2.026,0.669,29.65,3.499
NBFC012,UpperFin 12 Ltd,Upper Layer,North,FY25Q4,2025-03-31,Retail (Housing),26212.04,1.511,0.317,27.41,2.572
NBFC045,BaseFin 45 Ltd,Base Layer,West,FY21Q4,31-03-2021,Retail (Housing),981.15,3.077,1.385,,-
NBFC032,MiddleFin 32 Ltd,Middle Layer,North,FY22Q2,2021-09-30,Retail (Personal/Unsecured),12774.98,9.59,4.028,25.64,1.777
NBFC001,UpperFin 01 Ltd,Upper Layer,South,FY23Q2,30/09/2022,  MSME ,13848.68,5.722,2.06,28.97,1.664
NBFC028,MiddleFin 28 Ltd,Middle Layer,East,FY22Q2,30-09-2021,Infrastructure,13839.61,5.06,2.125,27.18,1.244
NBFC047,BaseFin 47 Ltd,Base Layer,North,FY25Q4,2025-03-31,Infrastructure,228.79,2.388,0.501,24.71,3.059
NBFC033,MiddleFin 33 Ltd,Middle Layer,East,FY24Q2,30-09-2023,Infrastructure,6712.26,3.065,0.919,25.19,2.545
NBFC021,MiddleFin 21 Ltd,Middle  Layer,South,FY21Q4,31-03-2021,Retail (Vehicle),13227.29,6.14%,2.763,27.58%,1.595
NBFC013,UpperFin 13 Ltd,Upper Layer,East,FY24Q4,31-03-2024,Retail (Personal/Unsecured),10162.7,3.706%,1.001,26.96,3.666
NBFC009,UpperFin 09 Ltd,Upper Layer,Central,FY25Q4,2025-03-31,MSME,"23,823.50",3.709%,0.779,26.19%,2.755
NBFC054,BaseFin 54 Ltd,Base Layer,Central,FY22Q4,31-03-2022,Retail (Housing),850.24,2.984,1.164,26.85,2.178
NBFC003,UpperFin 03 Ltd,Upper Layer,East,FY22Q2,30/09/2021,msme,13770.16,7.11,2.986,24.67,1.377
NBFC059,BaseFin 59 Ltd,Base Layer,Central,FY25Q2,30/09/2024,Retail (Personal/Unsecured),"4,837.79",5.121,1.229,26.03%,3.583
NBFC023,MiddleFin 23 Ltd,Middle Layer,East,FY23Q4,31/03/2023,Retail (Gold),17061.09,1.275,0.421,28.51,3.182
NBFC028,MiddleFin 28 Ltd,Middle Layer,East,FY25Q4,31-03-2025,Retail (Personal/Unsecured),41210.59,4.924%,1.034,28.09,2.834
NBFC056,BaseFin 56 Ltd,Base Layer,South,FY24Q2,30/09/2023,Retail (Housing),793.98,1.934,0.58,26.58,3.228
NBFC040,MiddleFin 40 Ltd,Middle  Layer,West,FY23Q4,2023-03-31,Retail (Housing),13775.37,2.029,0.67,29.77,2.498
NBFC022,MiddleFin 22 Ltd,Middle Layer,North,FY25Q2,30-09-2024,Infrastructure,10310.13,2.643,0.634,24.69,2.813
NBFC001,UpperFin 01 Ltd,UPPER LAYER,South,FY25Q4,2025-03-31,MSME,20664.82,3.574,0.751,25.04,2.677
NBFC034,MiddleFin 34 Ltd,Middle Layer,Central,FY24Q2,30/09/2023,Retail (Housing),15891.68,1.881,0.564,28.69,3.61
NBFC006,UpperFin 06 Ltd,Upper Layer,South,FY22Q4,31-03-2022,Wholesale/Corporate,"15,619.09",5.783,2.255,24.09,2.258
NBFC032,MiddleFin 32 Ltd,  Middle Layer ,North,FY23Q4,31/03/2023,Retail (Personal/Unsecured),15734.0,6.015,1.985,26.69,3.37
NBFC057,BaseFin 57 Ltd,Base Layer,North,FY23Q2,30/09/2022,Retail (Gold),3070.9,1.574,0.567,25.44%,2.12
NBFC041,BaseFin 41 Ltd,Base Layer,South,FY22Q4,2022-03-31,Wholesale/Corporate,551.45,5.908,2.304,26.73,1.486
NBFC047,BaseFin 47 Ltd,Base Layer,North,FY21Q4,2021-03-31,Retail (Vehicle),891.1,6.044,2.72,25.39,1.886
NBFC049,BaseFin 49 Ltd,Base Layer,Central,FY24Q2,2023-09-30,microfinance,3076.56,7.372,2.212,28.78,3.314
NBFC045,BaseFin 45 Ltd,base layer,West,FY22Q4,2022-03-31,Infrastructure,272.93,4.904,1.913,26.7,1.181
NBFC002,UpperFin 02 Ltd,Upper Layer,North,FY22Q2,30-09-2021,MSME,15081.97,7.202,3.025,28.8,1.483
NBFC006,UpperFin 06 Ltd,Upper Layer,South,FY23Q4,2023-03-31,Retail (Personal/Unsecured),15217.33,5.959,1.966,29.11,3.256
NBFC051,BaseFin 51 Ltd,base layer,South,FY23Q2,30-09-2022,Retail (Vehicle),1562.75,4.604,1.657,28.29,1.703
NBFC042,BaseFin 42 Ltd,Base Layer,North,FY21Q4,31-03-2021,MSME,2079.5,7.494,3.372,25.9,1.187
NBFC005,UpperFin 05 Ltd,Upper Layer,West,FY23Q2,30/09/2022,Retail (Personal/Unsecured),"8,207.63",8.242,2.967,27.39%,2.163
NBFC038,MiddleFin 38 Ltd,Middle  Layer,East,FY22Q2,2021-09-30,MSME,"9,838.61",7.401,3.108,28.19,1.228
  NBFC023 ,MiddleFin 23 Ltd,Middle Layer,East,FY22Q4,31/03/2022,Retail (Gold),14306.81,1.743,0.68,24.01,2.246
NBFC033,MiddleFin 33 Ltd,Middle Layer,East,FY22Q4,31/03/2022,MSME,10530.34,6.518%,2.542,28.2,1.396
NBFC037,MiddleFin 37 Ltd,Middle Layer,North,FY24Q4,31/03/2024,Retail (Personal/Unsecured),22240.84,3.714,1.003,28.73,3.554
NBFC048,BaseFin 48 Ltd,Base Layer,East,FY21Q4,2021-03-31,MFI,2240.72,11.937,5.372,26.48%,1.299
NBFC015,UpperFin 15 Ltd,Upper Layer,West,FY25Q2,30/09/2024,gold,8669.9,0.997,0.239,25.58,3.35
NBFC040,MiddleFin 40 Ltd,Middle Layer,West,FY25Q2,30/09/2024,Microfinance,15330.48,6.409,1.538,27.06,2.834
NBFC009,UpperFin 09 Ltd,Upper Layer,Central,FY21Q4,2021-03-31,Retail (Personal/Unsecured),"11,046.43",9.721,4.374,27.59,0.986
NBFC044,BaseFin 44 Ltd,Base Layer,Central,FY24Q2,2023-09-30,Retail (Housing),1645.05,1.859,0.558,27.28%,2.633
NBFC048,BaseFin 48 Ltd,BL,East,FY25Q4,31-03-2025,Infrastructure,402.71,2.568,0.539,26.81,2.813
NBFC056,BaseFin 56 Ltd,Base Layer,South,FY23Q2,30/09/2022,Retail (Gold),"1,516.86",1.638,0.59,28.7,2.589
NBFC060,BaseFin 60 Ltd,BL,West,FY21Q4,2021-03-31,MSME,1642.1,7.191,3.236,25.6,1.523
NBFC037,MiddleFin 37 Ltd,Middle Layer,North,FY23Q4,2023-03-31,Retail (Personal/Unsecured),18302.36,5.876,1.939,999,2.438
NBFC052,BaseFin 52 Ltd,BASE LAYER,North,FY21Q4,31-03-2021,gold,2127.14,1.879,0.846,25.89%,2.046
NBFC058,BaseFin 58 Ltd,Base Layer,East,FY23Q4,31-03-2023,Infrastructure,246.22,3.279,1.082,28.33,2.619
NBFC027,MiddleFin 27 Ltd,Middle Layer,North,FY22Q4,31-03-2022,Microfinance,"14,910.02",10.506,4.097,28.09,1.262
NBFC055,BaseFin 55 Ltd,Base Layer,West,FY23Q4,2023-03-31,Wholesale/Corporate,691.28,4.225,1.394,26.04,2.958
NBFC054,BaseFin 54 Ltd,BL,Central,FY21Q4,31/03/2021,Retail (Housing),764.14,3.081,1.386,26.08,1.473
NBFC042,BaseFin 42 Ltd,Base Layer,North,FY23Q4,2023-03-31,Wholesale/Corporate,"1,159.35",4.058,1.339,30.14,2.721
NBFC047,BaseFin 47 Ltd,Base Layer,North,FY22Q4,31/03/2022,MSME,-100,6.873,2.68,24.66,1.978
  NBFC025 ,MiddleFin 25 Ltd,Middle Layer,West,FY21Q4,31-03-2021,Wholesale/Corporate,6191.03,6.347,2.856,25.19,1.203
NBFC055,BaseFin 55 Ltd,Base Layer,West,FY23Q4,31/03/2023,MSME,1612.98,4.465,1.473,24.56,3.244
NBFC042,BaseFin 42 Ltd,BL,North,FY24Q2,30-09-2023,MSME,2949.75,4.492,1.348,25.2,2.812
NBFC003,UpperFin 03 Ltd,Upper Layer,East,FY23Q4,31-03-2023,Retail (Gold),8479.84,1.187,0.392,28.05,2.462
NBFC018,MiddleFin 18 Ltd,Middle Layer,East,FY21Q4,31/03/2021,Wholesale/Corporate,14939.71,6.277,2.825,24.02,1.539
NBFC008,UpperFin 08 Ltd,Upper Layer,East,FY25Q4,2025-03-31,Microfinance,"8,089.08",5.895,1.238,28.15,3.149
NBFC032,MiddleFin 32 Ltd,Middle Layer,North,FY21Q4,31-03-2021,  Retail (Housing) ,12094.98,3.204%,1.442,27.03,1.014
NBFC008,UpperFin 08 Ltd,UL,East,FY23Q4,31-03-2023,Retail (Personal/Unsecured),14930.38,6.349,2.095,26.84,2.549
NBFC002,UpperFin 02 Ltd,Upper Layer,North,FY23Q2,30/09/2022,Infrastructure,20064.51,3.989,1.436,28.45,2.316
NBFC053,BaseFin 53 Ltd,base layer,East,FY24Q4,2024-03-31,Wholesale/Corporate,570.8,2.518,0.68,27.8,3.899
NBFC053,BaseFin 53 Ltd,Base Layer,East,FY21Q4,31-03-2021,Retail (Housing),481.44,3.123,1.405,23.33,1.305
NBFC054,BaseFin 54 Ltd,Base Layer,Central,FY22Q2,2021-09-30,Wholesale/Corporate,605.32,6.879,2.889,26.98,1.032
NBFC054,BaseFin 54 Ltd,Base Layer,Central,FY25Q2,30-09-2024,Retail (Housing),1290.64,1.664,0.399,27.66,2.646
NBFC025,MiddleFin 25 Ltd,Middle Layer,West,FY24Q2,30-09-2023,Microfinance,"10,538.30",6.917%,2.075,25.74,3.552
NBFC031,MiddleFin 31 Ltd,Middle Layer,South,FY24Q4,31-03-2024,Retail (Gold),18212.75,0.737,0.199,25.67,3.843
NBFC003,UpperFin 03 Ltd,Upper Layer,East,FY24Q4,31-03-2024,msme,20609.24,2.828,0.764,23.91,3.643
NBFC049,BaseFin 49 Ltd,Base Layer,Central,FY23Q4,31/03/2023,msme,1975.02,4.717%,1.557,30.07,2.951
NBFC025,MiddleFin 25 Ltd,Middle Layer,West,FY23Q4,31/03/2023,Retail (Vehicle),12885.96,3.796,1.253,30.35,3.367
NBFC051,BaseFin 51 Ltd,Base Layer,South,FY25Q4,31/03/2025,MSME,"2,331.92",3.619,0.76,27.65,3.144
NBFC055,BaseFin 55 Ltd,Base Layer,West,FY25Q4,2025-03-31,Retail (Housing),1273.38,1.505,0.316,22.79,3.105
NBFC037,MiddleFin 37 Ltd,Middle Layer,North,FY24Q2,30/09/2023,Wholesale/Corporate,14255.13,3.755,1.126,null,2.639
NBFC042,BaseFin 42 Ltd,Base Layer,North,FY22Q4,31-03-2022,  Retail (Vehicle) ,2313.82,5.224,2.037,26.42,1.467
NBFC027,MiddleFin 27 Ltd,Middle Layer,North,FY23Q2,30/09/2022,  Wholesale/Corporate ,13449.49,5.168,1.86,30.01,1.554
NBFC055,BaseFin 55 Ltd,BL,West,FY22Q2,30-09-2021,  Retail (Vehicle) ,1309.63,6.313,2.651,23.81,1.922
NBFC001,UpperFin 01 Ltd,Upper Layer,South,FY24Q4,31-03-2024,Infrastructure,21205.79,1.964,0.53,29.39,3.567
NBFC024,MiddleFin 24 Ltd,Middle Layer,Central,FY25Q2,2024-09-30,Retail (Personal/Unsecured),"14,865.22",5.219,1.253,27.1,3.091
NBFC036,MiddleFin 36 Ltd,middle layer,South,FY22Q2,2021-09-30,msme,13683.8,7.699,3.234,26.24,1.328
NBFC014,UpperFin 14 Ltd,UPPER LAYER,Central,FY25Q2,30/09/2024,GOLD LOAN,8156.62,1.023,0.246,28.09,2.566
NBFC019,MiddleFin 19 Ltd,Middle Layer,Central,FY21Q4,31/03/2021,Retail (Gold),12969.39,2.031,0.914,23.88,1.57
NBFC022,MiddleFin 22 Ltd,Middle  Layer,North,FY22Q4,2022-03-31,MSME,13584.09,6.688,2.608,28.09%,2.035
NBFC033,MiddleFin 33 Ltd,Middle Layer,East,FY24Q2,30-09-2023,Retail (Vehicle),13424.52,3.625,1.087,29.45,3.51
NBFC050,BaseFin 50 Ltd,Base Layer,West,FY21Q4,2021-03-31,Retail (Gold),2656.23,1.999,0.9,26.49,1.1
NBFC018,MiddleFin 18 Ltd,Middle Layer,East,FY24Q4,2024-03-31,  Retail (Personal/Unsecured) ,33063.47,3.727,1.006,23.63,3.746
NBFC006,UpperFin 06 Ltd,upper layer,South,FY21Q4,2021-03-31,MSME,14037.37,7.207,3.243,22.48,1.0
NBFC054,BaseFin 54 Ltd,Base Layer,Central,FY25Q2,2024-09-30,Wholesale/Corporate,967.98,3.296,0.791,23.99,3.292
NBFC041,BaseFin 41 Ltd,BL,South,FY21Q4,31-03-2021,Retail (Housing),660.8,3.04,1.368,22.45,2.034
NBFC030,MiddleFin 30 Ltd,Middle Layer,West,FY23Q4,2023-03-31,Wholesale/Corporate,"15,246.83",999,1.395,27.87,2.608
NBFC042,BaseFin 42 Ltd,Base Layer,North,FY25Q4,31-03-2025,Retail (Personal/Unsecured),4805.14,4.995,1.049,26.02,2.509
NBFC005,UpperFin 05 Ltd,Upper Layer,West,FY23Q4,2023-03-31,MSME,10637.86,4.779,1.577,25.75,2.353
NBFC004,UpperFin 04 Ltd,  Upper Layer ,Central,FY24Q4,31/03/2024,gold,"5,858.01",0.788,0.213,27.29,2.86
NBFC004,UpperFin 04 Ltd,UL,Central,FY24Q2,30/09/2023,Retail (Personal/Unsecured),8760.87,N/A,1.795,27.95,2.728
NBFC055,BaseFin 55 Ltd,Base Layer,West,FY25Q4,31-03-2025,Retail (Personal/Unsecured),2865.11,4.678,0.982,25.12,2.754
  NBFC034 ,MiddleFin 34 Ltd,Middle Layer,Central,FY23Q4,31/03/2023,Retail (Vehicle),16655.96,3.789,1.25,28.59,N/A
NBFC038,MiddleFin 38 Ltd,Middle Layer,East,FY24Q2,2023-09-30,MSME,13213.11,4.228,1.268,27.07,2.746
NBFC054,BaseFin 54 Ltd,Base Layer,Central,FY24Q4,31-03-2024,  Wholesale/Corporate ,905.96,2.567,0.693,23.96,3.32
NBFC019,MiddleFin 19 Ltd,Middle Layer,Central,FY23Q4,2023-03-31,Wholesale/Corporate,16871.49,3.894,1.285,27.2,2.422
NBFC051,BaseFin 51 Ltd,Base Layer,South,FY22Q4,31/03/2022,Wholesale/Corporate,618.74,5.981%,2.333,24.83,1.181
NBFC056,BaseFin 56 Ltd,Base Layer,South,FY23Q4,31/03/2023,Microfinance,"1,820.36",7.454,2.46,29.79,2.624
NBFC057,BaseFin 57 Ltd,Base Layer,North,FY22Q2,30/09/2021,Retail (Gold),2693.04,2.037,0.856,25.53,1.793
  NBFC044 ,BaseFin 44 Ltd,Base Layer,Central,FY23Q4,2023-03-31,  Microfinance ,3771.62,7.598,2.507,26.48,2.541
NBFC055,BaseFin 55 Ltd,Base Layer,West,FY24Q4,31-03-2024,gold,2520.1,0.761,0.205,26.54,3.292
NBFC004,UpperFin 04 Ltd,Upper Layer,Central,FY23Q4,31/03/2023,Retail (Housing),17675.74,1.943,0.641,29.41,3.304
NBFC036,MiddleFin 36 Ltd,Middle Layer,South,FY25Q2,30-09-2024,Retail (Vehicle),21881.89,3.094,0.743,24.78,
NBFC033,MiddleFin 33 Ltd,Middle Layer,East,FY25Q2,30-09-2024,Retail (Personal/Unsecured),13986.65,5.402,8.402000000000001,26.77%,2.444
NBFC018,MiddleFin 18 Ltd,Middle Layer,East,FY25Q4,31-03-2025,MSME,42960.02,3.548,0.745,27.33,3.001
NBFC016,MiddleFin 16 Ltd,middle layer,South,FY22Q2,2021-09-30,Infrastructure,"10,288.12",5.297%,2.225,27.36,1.642
NBFC010,UpperFin 10 Ltd,Upper Layer,West,FY21Q4,31-03-2021,Retail (Gold),4946.02,2.06,0.927,24.39,1.254
NBFC041,BaseFin 41 Ltd,Base Layer,South,FY23Q2,2022-09-30,Microfinance,1989.71,9.769,12.769,27.01,1.927
NBFC007,UpperFin 07 Ltd,UPPER LAYER,North,FY25Q4,31-03-2025,gold,4640.15,0.932,0.196,23.14,3.105
NBFC046,BaseFin 46 Ltd,Base Layer,South,FY22Q4,31-03-2022,GOLD LOAN,2676.28,1.795,0.7,29.54,1.915
NBFC018,MiddleFin 18 Ltd,Middle Layer,East,FY23Q2,30-09-2022,Retail (Vehicle),28789.96,4.791,1.725,26.04,2.208
NBFC016,MiddleFin 16 Ltd,Middle Layer,South,FY24Q4,31-03-2024,Retail (Vehicle),30795.61,2.264,0.611,25.21,3.008
NBFC015,UpperFin 15 Ltd,  Upper Layer ,West,FY21Q4,31-03-2021,retail (housing),18821.42,3.0,1.35,27.69,1.308
NBFC004,UpperFin 04 Ltd,Upper Layer,Central,FY22Q4,31-03-2022,gold,4123.27,1.748,0.682,999,1.268
NBFC041,BaseFin 41 Ltd,Base Layer,South,FY25Q4,31-03-2025,Infrastructure,296.90,2.555,0.537,26.52,2.37
NBFC034,MiddleFin 34 Ltd,Middle Layer,Central,FY22Q2,30/09/2021,Retail (Personal/Unsecured),11833.11,9.824%,4.126,NA,1.721
NBFC053,BaseFin 53 Ltd,Base Layer,East,FY23Q2,30/09/2022,Wholesale/Corporate,434.9,5.158,1.857,24.56,2.124
NBFC028,MiddleFin 28 Ltd,Middle Layer,East,FY21Q4,31-03-2021,Infrastructure,"13,102.93",-5,2.182,27.79,1.473
NBFC021,MiddleFin 21 Ltd,Middle Layer,South,FY24Q2,30-09-2023,Infrastructure,9381.38,3.131,0.939,30.02,3.177
NBFC049,BaseFin 49 Ltd,Base Layer,Central,FY22Q4,2022-03-31,  Microfinance ,2413.29,11.266,4.394,29.3,1.908
NBFC008,UpperFin 08 Ltd,Upper Layer,East,FY23Q2,2022-09-30,Infrastructure,18973.33,4.113,1.481,27.03,2.387
NBFC019,MiddleFin 19 Ltd,Middle Layer,Central,FY25Q2,30-09-2024,Retail (Gold),21905.48,1.019,0.245,23.72%,2.889
NBFC029,MiddleFin 29 Ltd,Middle Layer,Central,FY23Q2,30/09/2022,Retail (Housing),22006.2,2.481,0.893,29.78,2.253
NBFC031,MiddleFin 31 Ltd,Middle Layer,South,FY25Q4,2025-03-31,micro finance,"24,847.39",5.63,1.182,25.03,null
NBFC042,BaseFin 42 Ltd,Base Layer,North,FY25Q2,30/09/2024,Infrastructure,501.76,2.715%,0.652,25.78,3.248
NBFC005,UpperFin 05 Ltd,Upper Layer,West,FY21Q4,31-03-2021,Retail (Personal/Unsecured),6814.58,10.103,4.546,24.68,1.472
NBFC044,BaseFin 44 Ltd,Base Layer,Central,FY22Q2,30/09/2021,Infrastructure,306.23,4.995,2.098,28.23,1.891
NBFC010,UpperFin 10 Ltd,Upper Layer,West,FY24Q4,31-03-2024,Infrastructure,18243.63,2.011,0.543,27.17,3.602
NBFC027,MiddleFin 27 Ltd,Middle Layer,North,FY25Q2,2024-09-30,Microfinance,22632.97,6.526,1.566,26.65%,2.73
NBFC041,BaseFin 41 Ltd,base layer,South,FY23Q2,2022-09-30,Retail (Housing),795.89,2.379,0.856,29.35,2.585
NBFC044,BaseFin 44 Ltd,Base Layer,Central,FY21Q4,31-03-2021,Retail (Personal/Unsecured),2609.37,10.155,4.57,23.93,1.552
NBFC021,MiddleFin 21 Ltd,Middle Layer,South,FY21Q4,31-03-2021,Wholesale/Corporate,8267.05,6.562,2.953,22.08,1.063
NBFC053,BaseFin 53 Ltd,Base Layer,East,FY25Q4,2025-03-31,MSME,1514.21,3.471,0.729,28.3,2.449
NBFC015,UpperFin 15 Ltd,Upper Layer,West,FY21Q4,2021-03-31,Microfinance,3422.08,12.139,5.463,22.41,1.983
NBFC007,UpperFin 07 Ltd,upper layer,North,FY22Q2,30-09-2021,Retail (Gold),2727.0,2.048,0.86,27.13,1.997
NBFC055,BaseFin 55 Ltd,base layer,West,FY22Q4,31/03/2022,Retail (Gold),1773.82,1.791,0.698,27.29,1.608
NBFC024,MiddleFin 24 Ltd,Middle Layer,Central,FY24Q2,30-09-2023,Infrastructure,7133.88,2.945,0.883,26.33,3.311
NBFC057,BaseFin 57 Ltd,Base Layer,North,FY23Q4,31-03-2023,Retail (Vehicle),2579.75,3.613,1.192,26.13,2.838
NBFC009,UpperFin 09 Ltd,Upper Layer,Central,FY22Q4,2022-03-31,Microfinance,4916.45,10.57%,4.122,24.61%,1.112
NBFC026,MiddleFin 26 Ltd,Middle Layer,South,FY23Q2,2022-09-30,Retail (Housing),19778.01,2.525,0.909,27.06,2.382
NBFC016,MiddleFin 16 Ltd,Middle Layer,South,FY24Q2,30-09-2023,retail (housing),24179.37,1.854,0.556,29.94,2.509
NBFC057,BaseFin 57 Ltd,Base Layer,North,FY24Q4,2024-03-31,  Retail (Housing) ,1791.36,1.156,0.312,26.77,2.737
NBFC036,MiddleFin 36 Ltd,Middle Layer,South,FY24Q4,2024-03-31,Infrastructure,10239.99,2.027,0.547,24.3,3.388
NBFC049,BaseFin 49 Ltd,Base Layer,Central,FY22Q4,31-03-2022,M.S.M.E,"1,689.30",6.91,2.695,27.66,2.241
NBFC040,MiddleFin 40 Ltd,Middle Layer,West,FY25Q4,31/03/2025,MSME,"21,750.20",3.519%,0.739,23.75,2.273
NBFC031,MiddleFin 31 Ltd,Middle Layer,South,FY25Q2,30-09-2024,Wholesale/Corporate,19459.45,3.388,0.813,26.81,3.54
NBFC007,UpperFin 07 Ltd,UPPER LAYER,North,FY23Q2,2022-09-30,MFI,2073.09,9.392,3.381,29.13,2.102
NBFC007,UpperFin 07 Ltd,Upper Layer,North,FY25Q4,2025-03-31,MSME,9280.3,NA,0.718,28.14,2.966
NBFC043,BaseFin 43 Ltd,Base Layer,East,FY23Q2,30-09-2022,Retail (Personal/Unsecured),2355.76,8.136,2.929,28.53,1.975
NBFC009,UpperFin 09 Ltd,UPPER LAYER,Central,FY22Q4,2022-03-31,Retail (Housing),27040.5,2.857,1.114,26.29,1.721
NBFC042,BaseFin 42 Ltd,Base Layer,North,FY25Q2,30/09/2024,Retail (Housing),2007.03,1.633,0.392,27.24,3.347
NBFC042,BaseFin 42 Ltd,Base Layer,North,FY25Q2,30-09-2024,Retail (Vehicle),3512.31,3.21,0.77,25.51,2.485
NBFC011,UpperFin 11 Ltd,Upper Layer,South,FY21Q4,2021-03-31,Retail (Housing),15045.78,3.123%,1.405,22.81,1.435
NBFC052,BaseFin 52 Ltd,Base Layer,North,FY24Q4,31/03/2024,Retail (Housing),1494.48,1.224,0.33,24.85,3.477
NBFC014,UpperFin 14 Ltd,  Upper Layer ,Central,FY23Q4,2023-03-31,  Infrastructure ,14658.44,3.221%,1.063,-,N/A
NBFC044,BaseFin 44 Ltd,Base Layer,Central,FY25Q2,30/09/2024,Retail (Vehicle),3427.87,3.141,0.754,26.73,2.878
NBFC033,MiddleFin 33 Ltd,Middle Layer,East,FY24Q4,31-03-2024,msme,14960.66,2.908%,0.785,28.68,3.004
NBFC005,UpperFin 05 Ltd,Upper Layer,West,FY23Q2,2022-09-30,Microfinance,3283.05,250,N/A,24.52,2.301
NBFC040,MiddleFin 40 Ltd,Middle Layer,West,FY24Q2,30-09-2023,microfinance,12875.04,6.811,2.043,25.14,null
NBFC047,BaseFin 47 Ltd,Base Layer,North,FY25Q4,31-03-2025,Retail (Housing),915.15,1.51,0.317,25.83,2.552
NBFC004,UpperFin 04 Ltd,Upper Layer,Central,FY24Q4,2024-03-31,Infrastructure,"13,668.70",2.056,0.555,24.45,3.262
NBFC035,MiddleFin 35 Ltd,Middle Layer,West,FY24Q2,30/09/2023,housing,-100,1.923%,0.577,28.18%,2.794
NBFC005,UpperFin 05 Ltd,UPPER LAYER,West,FY23Q2,30-09-2022,msme,9849.16,5.977,N/A,25.15,2.527
NBFC007,UpperFin 07 Ltd,Upper Layer,North,FY25Q2,30-09-2024,Retail (Personal/Unsecured),7267.94,5.412%,1.299,27.3,3.536
NBFC011,UpperFin 11 Ltd,Upper Layer,South,FY24Q2,30/09/2023,Retail (Personal/Unsecured),9701.04,5.722,1.717,26.33,2.564
NBFC021,MiddleFin 21 Ltd,Middle Layer,South,FY24Q2,30/09/2023,Retail (Personal/Unsecured),16417.42,5.706,1.712,28.29%,3.172
NBFC026,MiddleFin 26 Ltd,Middle Layer,South,FY22Q4,2022-03-31,Retail (Gold),"13,051.06",1.798,null,25.43,2.184
NBFC030,MiddleFin 30 Ltd,Middle Layer,West,FY23Q4,31/03/2023,MSME,24394.93,4.433,1.463,26.93,2.802
NBFC056,BaseFin 56 Ltd,base layer,South,FY23Q2,2022-09-30,Infrastructure,168.54,3.915,null,999,2.529
NBFC005,UpperFin 05 Ltd,Upper Layer,West,FY23Q4,2023-03-31,Microfinance,3545.95,7.317,2.415,29.44,2.771
NBFC024,MiddleFin 24 Ltd,Middle Layer,Central,FY23Q2,30-09-2022,MSME,12114.59,6.049,2.178,26.33,1.697
NBFC038,MiddleFin 38 Ltd,ML,East,FY24Q2,2023-09-30,gold,8258.19,1.215,0.364,27.78,3.312
NBFC038,MiddleFin 38 Ltd,Middle Layer,East,FY25Q4,31-03-2025,gold,10463.11,0.979,0.206,27.9,2.597
NBFC006,UpperFin 06 Ltd,Upper Layer,South,FY21Q4,31-03-2021,Retail (Vehicle),23395.61,6.19,2.786,22.28,1.305
NBFC034,MiddleFin 34 Ltd,Middle Layer,Central,FY23Q2,2022-09-30,Retail (Vehicle),15421.07,4.525,1.629,26.53,2.093
NBFC037,MiddleFin 37 Ltd,Middle Layer,North,FY24Q2,30-09-2023,MSME,22808.21,4.27,1.281,29.5,3.047
NBFC057,BaseFin 57 Ltd,base layer,North,FY25Q4,31-03-2025,Infrastructure,509.15,2.347,0.493,23.5,2.804
NBFC004,UpperFin 04 Ltd,Upper Layer,Central,FY25Q4,31-03-2025,Retail (Housing),24420.01,1.488%,0.312,23.17,2.828
NBFC039,MiddleFin 39 Ltd,Middle Layer,Central,FY21Q4,31-03-2021,Wholesale/Corporate,15371.79,N/A,2.802,24.61,0.972
  NBFC024 ,MiddleFin 24 Ltd,middle layer,Central,FY23Q2,2022-09-30,Wholesale/Corporate,7571.62,5.055%,1.82,28.7,2.033
NBFC018,MiddleFin 18 Ltd,Middle Layer,East,FY24Q4,2024-03-31,micro finance,28340.12,4.623,1.248,25.31,2.781
NBFC019,MiddleFin 19 Ltd,Middle Layer,Central,FY23Q4,31-03-2023,Retail (Personal/Unsecured),"23,620.09",6.391,2.109,26.64,2.348
NBFC059,BaseFin 59 Ltd,Base Layer,Central,FY22Q4,31-03-2022,  Retail (Gold) ,"3,187.01",1.903,0.742,25.22,2.249
NBFC011,UpperFin 11 Ltd,Upper Layer,South,FY23Q4,31-03-2023,Retail (Gold),5337.98,1.183,0.39,29.98,3.061
NBFC045,BaseFin 45 Ltd,Base Layer,West,FY21Q4,31/03/2021,MSME,1717.01,7.201,3.24,22.22,1.806
NBFC002,UpperFin 02 Ltd,Upper Layer,North,FY24Q2,30-09-2023,Retail (Vehicle),33758.09,3.664,1.099,28.92%,null
NBFC022,MiddleFin 22 Ltd,Middle Layer,North,FY22Q4,31-03-2022,Retail (Housing),11886.08,2.998,1.169,null,1.776
NBFC010,UpperFin 10 Ltd,Upper Layer,West,FY24Q4,2024-03-31,MSME,15637.39,3.0%,null,26.38,3.056
NBFC047,BaseFin 47 Ltd,Base Layer,North,FY25Q4,2025-03-31,msme,1601.51,3.652,0.767,28.34,2.596
NBFC049,BaseFin 49 Ltd,Base Layer,Central,FY23Q2,2022-09-30,Retail (Personal/Unsecured),2351.05,7.765,2.795,24.88,2.223
NBFC006,UpperFin 06 Ltd,Upper Layer,South,FY24Q2,30-09-2023,Retail (Vehicle),33186.43,3.558,1.067,26.71,3.05
NBFC017,MiddleFin 17 Ltd,Middle Layer,North,FY21Q4,31-03-2021,Retail (Vehicle),27654.37,5.767,8.767,22.87,1.629
NBFC007,UpperFin 07 Ltd,Upper Layer,North,FY22Q4,31-03-2022,retail (housing),10533.46,2.921,1.139,27.92,2.162
NBFC047,BaseFin 47 Ltd,Base Layer,North,FY23Q2,2022-09-30,MSME,1073.26,5.715,2.057,26.67,2.46
NBFC056,BaseFin 56 Ltd,Base Layer,South,FY24Q4,31-03-2024,Infrastructure,221.21,2.076,0.561,28.73,3.832
NBFC023,MiddleFin 23 Ltd,Middle Layer,East,FY22Q2,2021-09-30,housing,19013.23,3.175,1.333,23.71,2.18
NBFC036,MiddleFin 36 Ltd,Middle Layer,South,FY22Q4,31/03/2022,Infrastructure,7207.61,4.472,1.744,23.75,1.197
NBFC051,BaseFin 51 Ltd,BASE LAYER,South,FY22Q4,31/03/2022,Retail (Gold),1856.21,1.883,0.734,29.56,1.93
NBFC047,BaseFin 47 Ltd,Base Layer,North,FY24Q2,30/09/2023,Retail (Personal/Unsecured),1625.17,5.701,1.71,30.31,2.606
NBFC026,MiddleFin 26 Ltd,Middle Layer,South,FY21Q4,31/03/2021,Retail (Housing),16421.16,3.179,1.431,26.95,1.56
NBFC024,MiddleFin 24 Ltd,Middle Layer,Central,FY22Q4,2022-03-31,Retail (Gold),"6,994.87",1.775,0.692,27.67,1.676
NBFC058,BaseFin 58 Ltd,Base Layer,East,FY22Q4,31-03-2022,msme,1474.19,6.752,2.633,24.74,1.998
NBFC048,BaseFin 48 Ltd,Base Layer,East,FY23Q2,30-09-2022,Retail (Housing),1079.51,-,0.883,26.7,2.102
NBFC024,MiddleFin 24 Ltd,Middle Layer,Central,FY25Q2,30-09-2024,Infrastructure,8494.41,2.727,0.654,24.51,3.265
NBFC003,UpperFin 03 Ltd,Upper Layer,East,FY24Q2,30-09-2023,Retail (Gold),9246.55,1.208,0.362,30.41,2.816
NBFC042,BaseFin 42 Ltd,base layer,North,FY25Q4,31-03-2025,GOLD LOAN,4805.14,0.973,0.204,26.22,2.35
NBFC056,BaseFin 56 Ltd,Base Layer,South,FY23Q4,31-03-2023,Retail (Housing),728.15,2.012,0.664,27.82,3.085
NBFC022,MiddleFin 22 Ltd,ML,North,FY25Q4,2025-03-31,MSME,21941.33,3.741%,0.786,22.86%,2.576
NBFC015,UpperFin 15 Ltd,Upper Layer,West,FY22Q2,30/09/2021,retail (housing),"19,879.60",3.092,1.299,29.08,1.188
NBFC002,UpperFin 02 Ltd,Upper Layer,North,FY22Q4,2022-03-31,Retail (Gold),7944.07,1.82,0.71,24.24,1.117
NBFC026,MiddleFin 26 Ltd,middle layer,South,FY21Q4,31/03/2021,Retail (Gold),11729.4,1.898,0.854,25.4,1.421
NBFC042,BaseFin 42 Ltd,Base Layer,North,FY25Q4,31/03/2025,M.S.M.E,3737.33,3.685,0.774,26.78,3.087
NBFC007,UpperFin 07 Ltd,Upper Layer,North,FY23Q4,31/03/2023,Infrastructure,"7,836.83",3.114,1.028,25.28,2.306
NBFC002,UpperFin 02 Ltd,Upper Layer,North,FY25Q2,30/09/2024,Microfinance,8039.24,6.236,1.497,23.34,2.756
NBFC042,BaseFin 42 Ltd,Base Layer,North,FY24Q4,31/03/2024,Infrastructure,469.61,2.064,0.557,26.87,3.778
NBFC046,BaseFin 46 Ltd,BL,South,FY24Q4,2024-03-31,Retail (Gold),3802.24,0.743%,0.201,25.82,3.541
NBFC024,MiddleFin 24 Ltd,middle layer,Central,FY24Q4,2024-03-31,  Retail (Personal/Unsecured) ,13912.85,3.858,1.042,29.45,2.864
NBFC008,UpperFin 08 Ltd,Upper Layer,East,FY23Q4,2023-03-31,Microfinance,5855.05,7.063,2.331,25.98,2.657
NBFC058,BaseFin 58 Ltd,Base Layer,East,FY23Q4,31-03-2023,Microfinance,2462.19,7.616%,2.513,27.99,3.284
NBFC011,UpperFin 11 Ltd,upper layer,South,FY24Q2,2023-09-30,Infrastructure,13581.45,3.116,0.935,29.12,3.499
NBFC057,BaseFin 57 Ltd,Base Layer,North,FY23Q4,2023-03-31,Infrastructure,368.54,3.218,1.062,25.73,2.849
NBFC035,MiddleFin 35 Ltd,Middle Layer,West,FY22Q2,2021-09-30,Retail (Personal/Unsecured),20371.76,10.318%,4.334,26.68,null
NBFC038,MiddleFin 38 Ltd,middle layer,East,FY25Q4,31/03/2025,Infrastructure,8370.49,2.466,0.518,25.05,2.454
NBFC018,MiddleFin 18 Ltd,Middle Layer,East,FY25Q4,31/03/2025,Retail (Gold),"26,850.01",0.917,0.193,23.94,2.333
NBFC029,MiddleFin 29 Ltd,Middle Layer,Central,FY22Q4,31-03-2022,Retail (Personal/Unsecured),"20,329.95",9.201%,3.588,29.46,1.825
NBFC052,BaseFin 52 Ltd,BL,North,FY23Q4,31-03-2023,Retail (Housing),1229.83,2.036,0.672,25.1,3.079
NBFC053,BaseFin 53 Ltd,BASE LAYER,East,FY23Q4,2023-03-31,Infrastructure,156.57,3.204,1.057,28.53,2.353
NBFC044,BaseFin 44 Ltd,Base Layer,Central,FY21Q4,31/03/2021,  Wholesale/Corporate ,869.79,6.57%,2.956,22.29,1.046
NBFC040,MiddleFin 40 Ltd,middle layer,West,FY23Q2,30/09/2022,Retail (Personal/Unsecured),12754.05,8.241,2.967,29.91,1.687
NBFC020,MiddleFin 20 Ltd,Middle Layer,West,FY23Q2,30-09-2022,Retail (Personal/Unsecured),29016.65,7.695,2.77,27.74%,2.302
NBFC006,UpperFin 06 Ltd,Upper Layer,South,FY21Q4,2021-03-31,Retail (Gold),7018.68,1.957,0.881,23.43,1.599
NBFC049,BaseFin 49 Ltd,Base Layer,Central,FY22Q4,31/03/2022,Retail (Vehicle),1689.3,5.7,2.223,28.72%,1.419
NBFC029,MiddleFin 29 Ltd,Middle Layer,Central,FY23Q4,31-03-2023,MSME,"27,163.91",4.377%,1.444,28.77,3.039
NBFC012,UpperFin 12 Ltd,Upper Layer,North,FY24Q2,30-09-2023,Infrastructure,13165.28,3.156,0.947,26.0,3.124
NBFC022,MiddleFin 22 Ltd,Middle Layer,North,FY24Q4,31-03-2024,Retail (Housing),"16,886.78",1.207,0.326,26.27,
NBFC040,MiddleFin 40 Ltd,Middle Layer,West,FY22Q4,2022-03-31,retail (housing),11782.55,2.855,1.113,28.2%,1.64
NBFC033,MiddleFin 33 Ltd,Middle Layer,East,FY23Q4,31-03-2023,Infrastructure,6155.69,3.227,1.065,24.75,NA
NBFC012,UpperFin 12 Ltd,Upper Layer,North,FY22Q2,30/09/2021,Infrastructure,9803.0,5.31,2.23,25.44,1.527
NBFC001,UpperFin 01 Ltd,Upper Layer,South,FY23Q4,2023-03-31,Retail (Vehicle),24929.42,3.739,1.234,27.55,2.694
NBFC051,BaseFin 51 Ltd,Base Layer,South,FY25Q4,31-03-2025,Retail (Vehicle),2331.92,2.873,0.603,24.97,2.44
NBFC048,BaseFin 48 Ltd,Base Layer,East,FY22Q2,30/09/2021,Retail (Vehicle),1656.69,6.248,2.624,26.89,1.603
NBFC033,MiddleFin 33 Ltd,middle layer,East,FY23Q4,2023-03-31,Retail (Vehicle),12311.37,3.52,1.162,24.98,2.587
NBFC034,MiddleFin 34 Ltd,ML,Central,FY24Q4,31-03-2024,  Wholesale/Corporate ,12650.1,NA,0.68,28.88,2.727
NBFC050,BaseFin 50 Ltd,Base Layer,West,FY24Q2,2023-09-30,Retail (Personal/Unsecured),3767.83,5.602,1.681,29.36,3.612
NBFC016,MiddleFin 16 Ltd,Middle Layer,South,FY23Q4,31/03/2023,Wholesale/Corporate,15838.89,null,1.402,24.76,2.332
NBFC047,BaseFin 47 Ltd,Base Layer,North,FY23Q2,30/09/2022,Retail (Vehicle),1073.26,4.743,1.707,28.37,2.293
NBFC028,MiddleFin 28 Ltd,Middle Layer,East,FY24Q2,2023-09-30,micro finance,27879.56,6.817,2.045,25.13,3.124
  NBFC041 ,BaseFin 41 Ltd,Base Layer,South,FY25Q4,31-03-2025,Microfinance,"2,969.03",5.641,1.185,28.29,2.687
NBFC058,BaseFin 58 Ltd,Base Layer,East,FY23Q2,30/09/2022,Retail (Gold),2051.67,1.633,0.588,29.58,2.548
NBFC051,BaseFin 51 Ltd,Base Layer,South,FY23Q2,30/09/2022,Infrastructure,223.25,4.061,1.462,26.47,2.1
NBFC050,BaseFin 50 Ltd,Base Layer,West,FY22Q2,30/09/2021,Retail (Personal/Unsecured),2805.56,,4.033,24.94,1.823
NBFC013,UpperFin 13 Ltd,Upper Layer,East,FY21Q4,2021-03-31,Wholesale/Corporate,7714.57,6.226,2.802,27.08,1.756
NBFC026,MiddleFin 26 Ltd,Middle Layer,South,FY24Q4,31-03-2024,Microfinance,22250.26,4.436,1.198,26.12,3.834
NBFC008,UpperFin 08 Ltd,upper layer,East,FY24Q2,30-09-2023,GOLD LOAN,9576.66,1.139,0.342,27.08,2.756
NBFC041,BaseFin 41 Ltd,Base Layer,South,FY25Q2,2024-09-30,Retail (Personal/Unsecured),2511.24,5.462,1.311,26.64,2.437
NBFC016,MiddleFin 16 Ltd,Middle Layer,South,FY22Q2,30/09/2021,Microfinance,"15,432.18",12.03,5.053,24.45,2.095
NBFC004,UpperFin 04 Ltd,Upper Layer,Central,FY22Q4,2022-03-31,Microfinance,2748.85,11.246,4.386,26.85,1.354
NBFC035,MiddleFin 35 Ltd,Middle Layer,West,FY22Q4,31-03-2022,Retail (Housing),21460.67,2.99,null,27.58,1.297
NBFC022,MiddleFin 22 Ltd,Middle Layer,North,FY25Q4,2025-03-31,Retail (Vehicle),21941.33,2.744,0.576,27.43,2.723
NBFC060,BaseFin 60 Ltd,base layer,West,FY22Q4,31/03/2022,retail (housing),1044.07,-,1.092,26.53,1.71
NBFC049,BaseFin 49 Ltd,Base Layer,Central,FY21Q4,2021-03-31,Retail (Vehicle),1518.23,,2.581,22.03,1.065
NBFC052,BaseFin 52 Ltd,Base Layer,North,FY22Q2,2021-09-30,MSME,1747.45,7.11,2.986,26.8,1.016
NBFC008,UpperFin 08 Ltd,Upper Layer,East,FY21Q4,31-03-2021,Retail (Vehicle),22504.36,6.097,2.744,25.36,0.979
NBFC029,MiddleFin 29 Ltd,middle layer,Central,FY22Q2,30-09-2021,Wholesale/Corporate,13784.58,6.887,2.893,,2.139
NBFC057,BaseFin 57 Ltd,Base Layer,North,FY23Q4,31/03/2023,micro finance,3685.35,7.164%,2.364,28.3,2.522
NBFC026,MiddleFin 26 Ltd,middle layer,South,FY23Q4,31/03/2023,Infrastructure,12206.74,3.288,1.085,26.24,2.941
NBFC024,MiddleFin 24 Ltd,Middle Layer,Central,FY24Q2,2023-09-30,Microfinance,10700.83,7.017,2.105,28.63,3.609
NBFC045,BaseFin 45 Ltd,base layer,West,FY21Q4,2021-03-31,Retail (Personal/Unsecured),"2,207.58",N/A,4.52,25.29%,2.064
NBFC051,BaseFin 51 Ltd,Base Layer,South,FY23Q2,2022-09-30,Retail (Gold),2009.26,1.625,0.585,25.34,2.26
NBFC001,UpperFin 01 Ltd,Upper Layer,South,FY24Q2,2023-09-30,Wholesale/Corporate,16310.06,3.674%,1.102,25.71,3.571
NBFC008,UpperFin 08 Ltd,Upper Layer,East,FY22Q4,31/03/2022,GOLD LOAN,7512.04,1.802,0.703,27.39,1.219
NBFC045,BaseFin 45 Ltd,Base Layer,West,FY22Q4,31/03/2022,Retail (Gold),"2,456.33",1.877,0.732,26.46,1.98
NBFC039,MiddleFin 39 Ltd,Middle Layer,Central,FY21Q4,31/03/2021,Retail (Personal/Unsecured),21520.51,10.142,4.564,23.71,1.453
NBFC042,BaseFin 42 Ltd,BASE LAYER,North,FY22Q2,30/09/2021,MSME,"2,196.41",7.792,3.273,27.29%,1.961
NBFC006,UpperFin 06 Ltd,Upper Layer,South,FY21Q4,31/03/2021,Retail (Housing),25735.17,3.146,1.416,24.88,1.587
NBFC014,UpperFin 14 Ltd,Upper Layer,Central,FY24Q4,31/03/2024,  Wholesale/Corporate ,15268.1,2.579,0.696,28.93,2.916
NBFC056,BaseFin 56 Ltd,Base Layer,South,FY22Q4,2022-03-31,MSME,1089.91,6.646,2.592,24.72,1.752
NBFC016,MiddleFin 16 Ltd,Middle Layer,South,FY24Q4,31/03/2024,Microfinance,23096.71,4.652,1.256,28.45,3.361
  NBFC031 ,MiddleFin 31 Ltd,Middle Layer,South,FY23Q2,30-09-2022,Retail (Housing),19426.93,2.497,0.899,29.71,2.212
NBFC051,BaseFin 51 Ltd,Base Layer,South,FY22Q2,30-09-2021,gold,1762.02,2.103,0.883,27.7,1.218
NBFC019,MiddleFin 19 Ltd,Middle Layer,Central,FY24Q4,2024-03-31,Retail (Vehicle),32803.31,2.296,0.62,28.86,2.9
NBFC028,MiddleFin 28 Ltd,Middle Layer,East,FY22Q2,30/09/2021,gold,17299.51,1.937,0.814,28.54,2.117
NBFC043,BaseFin 43 Ltd,Base Layer,East,FY24Q4,31-03-2024,Retail (Personal/Unsecured),3091.93,3.826,1.033,24.91,3.367
NBFC058,BaseFin 58 Ltd,Base Layer,East,FY24Q4,2024-03-31,Microfinance,2992.02,4.796%,1.295,24.73,3.778
NBFC017,MiddleFin 17 Ltd,Middle Layer,North,FY23Q4,2023-03-31,Retail (Personal/Unsecured),31477.9,5.937,1.959,27.89,2.68
NBFC045,BaseFin 45 Ltd,Base Layer,West,FY24Q4,31/03/2024,msme,2714.26,2.957,0.798,29.47,3.177
NBFC027,MiddleFin 27 Ltd,Middle Layer,North,FY21Q4,31/03/2021,Wholesale/Corporate,11166.76,6.613%,2.976,27.4,2.084
NBFC029,MiddleFin 29 Ltd,Middle Layer,Central,FY23Q4,2023-03-31,Retail (Gold),16977.44,1.175,0.388,27.88,2.585
NBFC007,UpperFin 07 Ltd,Upper Layer,North,FY25Q4,2025-03-31,Microfinance,"3,093.43",6.019,1.264,27.79,2.355
NBFC016,MiddleFin 16 Ltd,Middle  Layer,South,FY24Q4,31-03-2024,Retail (Gold),19247.26,0.764,0.206,26.91,3.707
NBFC027,MiddleFin 27 Ltd,Middle Layer,North,FY25Q4,31-03-2025,  MSME ,"32,110.66",3.572%,0.75,25.73,3.016
NBFC052,BaseFin 52 Ltd,Base Layer,North,FY22Q4,31-03-2022,Retail (Gold),2366.82,1.901,0.741,23.92,1.772
NBFC016,MiddleFin 16 Ltd,ML,South,FY23Q2,2022-09-30,Infrastructure,11731.66,4.131,1.487,25.71,2.466
NBFC035,MiddleFin 35 Ltd,Middle Layer,West,FY23Q4,2023-03-31,Retail (Vehicle),"28,674.72",3.756%,1.239,27.89,2.448
NBFC026,MiddleFin 26 Ltd,Middle Layer,South,FY24Q4,2024-03-31,Retail (Vehicle),30260.36,2.202,0.595,29.4,3.707
NBFC020,MiddleFin 20 Ltd,Middle Layer,West,FY25Q4,31/03/2025,Retail (Vehicle),49483.74,2.741%,0.576,27.77%,3.056
NBFC010,UpperFin 10 Ltd,Upper Layer,West,FY23Q2,30/09/2022,Microfinance,3971.4,9.34,3.362,24.95,2.355
NBFC044,BaseFin 44 Ltd,Base Layer,Central,FY24Q2,2023-09-30,MFI,4112.63,7.045,2.113,30.11,3.226
NBFC013,UpperFin 13 Ltd,Upper Layer,East,FY24Q2,30/09/2023,Wholesale/Corporate,"10,943.05",3.737,1.121,27.78,2.665
NBFC041,BaseFin 41 Ltd,base layer,South,FY23Q2,2022-09-30,Infrastructure,198.97,4.135,1.489,28.23,2.149
NBFC034,MiddleFin 34 Ltd,Middle  Layer,Central,FY23Q4,2023-03-31,  Retail (Gold) ,"10,409.97",1.292,0.426,25.69,3.121
NBFC001,UpperFin 01 Ltd,Upper Layer,South,FY23Q2,30-09-2022,Retail (Vehicle),23081.13,4.794,1.726,NA,1.827
NBFC058,BaseFin 58 Ltd,Base Layer,East,FY24Q4,31-03-2024,Retail (Gold),2692.82,-,0.209,24.67,3.438
NBFC010,UpperFin 10 Ltd,Upper Layer,West,FY22Q4,31-03-2022,MSME,"11,006.68",6.67,2.601,29.34,2.176
NBFC005,UpperFin 05 Ltd,Upper Layer,West,FY24Q2,30/09/2023,MSME,"11,599.69",4.261,1.278,29.21,2.624
NBFC009,UpperFin 09 Ltd,Upper Layer,Central,FY23Q2,2022-09-30,Infrastructure,18626.4,4.042,1.455,27.42,1.606
NBFC052,BaseFin 52 Ltd,Base Layer,North,FY21Q4,2021-03-31,Retail (Personal/Unsecured),2127.14,9.747,4.386,26.37,2.015
NBFC039,MiddleFin 39 Ltd,Middle Layer,Central,FY24Q4,2024-03-31,Infrastructure,"19,439.84",2.072,0.559,25.05,3.642
NBFC023,MiddleFin 23 Ltd,Middle  Layer,East,FY24Q4,31-03-2024,MSME,32521.52,2.738,0.739,29.08%,2.989
NBFC043,BaseFin 43 Ltd,Base Layer,East,FY22Q4,31/03/2022,MSME,1692.69,6.604,2.576,,2.261
NBFC043,BaseFin 43 Ltd,Base Layer,East,FY22Q4,2022-03-31,  Retail (Vehicle) ,1692.69,5.251,2.048,28.36,1.116
NBFC014,UpperFin 14 Ltd,Upper Layer,Central,FY24Q4,2024-03-31,Retail (Housing),27991.52,1.156,0.312,23.89%,2.724
NBFC007,UpperFin 07 Ltd,Upper Layer,North,FY23Q4,31/03/2023,Infrastructure,"7,836.83",3.114,1.028,25.28,2.306
NBFC019,MiddleFin 19 Ltd,Middle Layer,Central,FY24Q2,30-09-2023,MSME,29435.11,4.305,1.291,,2.546
NBFC028,MiddleFin 28 Ltd,Middle Layer,East,FY25Q4,31-03-2025,Retail (Housing),41210.59,1.453,0.305,23.13,2.501
NBFC035,MiddleFin 35 Ltd,ML,West,FY22Q2,30-09-2021,Infrastructure,11641.0,5.115,2.148,25.92,1.425
NBFC056,BaseFin 56 Ltd,  Base Layer ,South,FY23Q4,2023-03-31,Wholesale/Corporate,546.11,3.96,1.307,27.5,2.689
NBFC010,UpperFin 10 Ltd,Upper Layer,West,FY24Q2,30-09-2023,Microfinance,4677.26,7.126,2.138,25.49,2.869
NBFC044,BaseFin 44 Ltd,Base Layer,Central,FY25Q2,2024-09-30,Retail (Personal/Unsecured),"4,407.27",5.351,1.284,28.83,2.673
NBFC045,BaseFin 45 Ltd,BL,West,FY22Q4,2022-03-31,msme,1910.48,7.007,2.733,28.99,1.503
NBFC010,UpperFin 10 Ltd,Upper Layer,West,FY21Q4,2021-03-31,Retail (Housing),"18,135.42",3.027,1.362,25.26,0.984
NBFC004,UpperFin 04 Ltd,Upper Layer,Central,FY21Q4,31/03/2021,retail (housing),13587.63,3.141,1.413,26.1,1.305
NBFC016,MiddleFin 16 Ltd,Middle Layer,South,FY24Q4,2024-03-31,Infrastructure,15397.81,1.906,0.515,24.86,3.754
NBFC021,MiddleFin 21 Ltd,Middle Layer,South,FY22Q4,31/03/2022,Infrastructure,7358.86,4.519,1.762,-,1.46
  NBFC023 ,MiddleFin 23 Ltd,Middle Layer,East,FY22Q4,31-03-2022,Retail (Personal/Unsecured),20029.53,8.828,3.443,24.29,1.174
  NBFC004 ,UpperFin 04 Ltd,Upper Layer,Central,FY22Q2,2021-09-30,Retail (Housing),14351.55,3.254%,1.367,25.75,1.254
NBFC016,MiddleFin 16 Ltd,Middle Layer,South,FY23Q2,30-09-2022,Retail (Vehicle),23463.32,4.844,1.744,27.61,2.667
NBFC035,MiddleFin 35 Ltd,Middle Layer,West,FY24Q2,30-09-2023,MSME,31267.37,4.316,1.295,26.81,3.682
NBFC012,UpperFin 12 Ltd,Upper Layer,North,FY24Q4,2024-03-31,Retail (Personal/Unsecured),10479.83,3.934,1.062,27.74,2.864
NBFC029,MiddleFin 29 Ltd,Middle Layer,Central,FY24Q4,31-03-2024,Retail (Gold),20630.81,0.801,0.216,25.26,3.08
  NBFC021 ,MiddleFin 21 Ltd,Middle Layer,South,FY22Q4,2022-03-31,Retail (Vehicle),14717.73,5.456,2.128,27.21%,1.232
NBFC020,MiddleFin 20 Ltd,Middle Layer,West,FY22Q4,2022-03-31,Retail (Vehicle),30635.88,5.22,2.036,27.14,1.354
NBFC014,UpperFin 14 Ltd,Upper Layer,Central,FY22Q2,30-09-2021,GOLD LOAN,5100.73,2.052,0.862,24.69%,2.077
  NBFC013 ,UpperFin 13 Ltd,Upper Layer,East,FY25Q4,2025-03-31,Retail (Vehicle),23108.03,2.891,0.607,28.25,3.235
NBFC017,MiddleFin 17 Ltd,Middle Layer,North,FY22Q2,2021-09-30,Retail (Personal/Unsecured),25558.01,9.632,4.045,23.36,1.483
NBFC010,UpperFin 10 Ltd,Upper Layer,West,FY24Q2,30/09/2023,retail (housing),25724.91,1.761,0.528,29.28,2.868
NBFC038,MiddleFin 38 Ltd,Middle Layer,East,FY24Q2,2023-09-30,Retail (Vehicle),13213.11,3.584,1.075,28.52,3.275
NBFC017,MiddleFin 17 Ltd,Middle Layer,North,FY22Q4,31/03/2022,housing,26924.14,-5,1.108,27.71,null
NBFC043,BaseFin 43 Ltd,Base Layer,East,FY24Q2,30/09/2023,Retail (Housing),1233.09,1.826,0.548,N/A,2.568
NBFC012,UpperFin 12 Ltd,UPPER LAYER,North,FY23Q2,2022-09-30,Wholesale/Corporate,9581.56,5.358,1.929,24.6,2.03
NBFC057,BaseFin 57 Ltd,Base Layer,North,FY22Q4,2022-03-31,Retail (Vehicle),2206.55,5.54,2.161,28.29,1.248
NBFC027,MiddleFin 27 Ltd,Middle Layer,North,FY24Q2,30/09/2023,M.S.M.E,25343.88,4.558,1.367,28.08,3.522
NBFC044,BaseFin 44 Ltd,BL,Central,FY21Q4,31-03-2021,Microfinance,2899.3,11.569%,5.206,24.1,1.709
NBFC051,BaseFin 51 Ltd,BL,South,FY22Q2,30/09/2021,MSME,1370.46,7.212,3.029,25.24,1.712
NBFC032,MiddleFin 32 Ltd,Middle Layer,North,FY25Q4,31/03/2025,Retail (Housing),21737.39,1.492,4.492,28.15,2.79
NBFC038,MiddleFin 38 Ltd,Middle Layer,East,FY25Q4,31-03-2025,Retail (Housing),14648.36,1.486,4.486,25.33,2.945
NBFC038,MiddleFin 38 Ltd,Middle Layer,East,FY22Q2,30/09/2021,Infrastructure,4919.31,5.214,2.19,23.36,1.72
NBFC053,BaseFin 53 Ltd,Base Layer,East,FY25Q4,2025-03-31,Retail (Gold),1946.84,0.998,0.21,24.0,2.49
NBFC059,BaseFin 59 Ltd,  Base Layer ,Central,FY24Q4,2024-03-31,Retail (Vehicle),3521.66,2.323,0.627,28.51,2.916
NBFC019,MiddleFin 19 Ltd,Middle Layer,Central,FY22Q2,2021-09-30,MSME,21917.69,7.823,3.286,25.97,1.018
NBFC016,MiddleFin 16 Ltd,Middle Layer,South,FY25Q2,30-09-2024,Retail (Vehicle),32903.65,3.112,0.747,28.25,2.78
NBFC019,MiddleFin 19 Ltd,Middle Layer,Central,FY24Q2,2023-09-30,Microfinance,22076.33,6.73,2.019,27.07,2.641
NBFC008,UpperFin 08 Ltd,upper layer,East,FY24Q2,30-09-2023,housing,35114.43,1.874,0.562,27.09%,2.975
NBFC052,BaseFin 52 Ltd,Base Layer,North,FY21Q4,31-03-2021,Retail (Vehicle),1654.44,5.882,2.647,23.41,1.501
NBFC021,MiddleFin 21 Ltd,Middle Layer,South,FY21Q4,31-03-2021,Microfinance,9920.46,11.956,5.38,24.38,0.993
NBFC052,BaseFin 52 Ltd,Base Layer,North,FY25Q4,31/03/2025,Retail (Housing),"1,699.08",1.508,0.317,23.73,2.789
  NBFC053 ,BaseFin 53 Ltd,BL,East,FY23Q4,31-03-2023,Retail (Vehicle),1096.02,3.524,1.163,25.57,2.388
NBFC021,MiddleFin 21 Ltd,Middle  Layer,South,FY25Q4,31/03/2025,MSME,23772.4,-,0.763,25.15,2.987
NBFC007,UpperFin 07 Ltd,UL,North,FY23Q4,31/03/2023,Retail (Housing),12315.02,1.893,0.625,28.06,2.644
NBFC027,MiddleFin 27 Ltd,Middle Layer,North,FY23Q2,2022-09-30,Retail (Housing),18829.29,2.496,0.899,25.58,2.498
NBFC008,UpperFin 08 Ltd,  Upper Layer ,East,FY21Q4,2021-03-31,Infrastructure,16068.11,5.217,2.348,23.19,2.014
NBFC004,UpperFin 04 Ltd,Upper Layer,Central,FY24Q2,2023-09-30,Retail (Gold),5256.52,1.222,0.367,29.08,2.87
NBFC016,MiddleFin 16 Ltd,Middle Layer,South,FY22Q4,2022-03-31,Wholesale/Corporate,13547.55,6.035,2.354,27.69,1.145
NBFC046,BaseFin 46 Ltd,Base Layer,South,FY22Q2,30/09/2021,Wholesale/Corporate,846.83,6.869,2.885,27.23,1.694
NBFC025,MiddleFin 25 Ltd,Middle Layer,West,FY25Q2,30/09/2024,gold,10456.74,1.054,0.253,26.13,2.799
NBFC010,UpperFin 10 Ltd,Upper Layer,West,FY25Q2,30-09-2024,Infrastructure,19492.45,2.793,0.67,28.34,3.401
NBFC060,BaseFin 60 Ltd,Base Layer,West,FY24Q4,31/03/2024,Wholesale/Corporate,1112.5,2.431,0.656,25.91,3.294
NBFC040,MiddleFin 40 Ltd,Middle Layer,West,FY23Q2,2022-09-30,GOLD LOAN,9110.03,1.551,-,26.53,2.577
NBFC037,MiddleFin 37 Ltd,Middle Layer,North,FY21Q4,2021-03-31,Infrastructure,"8,039.61",4.878,2.195,-,1.895
NBFC001,UpperFin 01 Ltd,Upper Layer,South,FY22Q4,2022-03-31,  MSME ,12793.8,6.585,2.568,28.51,1.977
NBFC048,BaseFin 48 Ltd,base layer,East,FY23Q2,2022-09-30,Infrastructure,269.88,3.891,1.401,28.87,2.285
NBFC059,BaseFin 59 Ltd,Base Layer,Central,FY23Q2,30/09/2022,MSME,"2,683.17",5.965,2.147,27.44,2.042
NBFC005,UpperFin 05 Ltd,Upper Layer,West,FY24Q4,2024-03-31,Retail (Gold),6463.51,0.742,0.2,25.2,2.742
  NBFC058 ,BaseFin 58 Ltd,Base Layer,East,FY24Q2,30/09/2023,Microfinance,2684.81,7.372,2.212,29.54,3.184
NBFC027,MiddleFin 27 Ltd,  Middle Layer ,North,FY24Q4,31/03/2024,Microfinance,21182.95,4.509,1.217,23.71,3.668
NBFC056,BaseFin 56 Ltd,BL,South,FY23Q4,31-03-2023,Retail (Personal/Unsecured),1638.33,6.138,2.026,29.76,2.473
  NBFC007 ,UpperFin 07 Ltd,  Upper Layer ,North,FY22Q2,30-09-2021,Retail (Vehicle),9089.99,6.103,2.563,24.11,1.462
NBFC007,UpperFin 07 Ltd,Upper Layer,North,FY23Q4,2023-03-31,Retail (Vehicle),"11,195.47",3.695,1.219,27.92%,2.547
NBFC040,MiddleFin 40 Ltd,Middle Layer,West,FY23Q4,31-03-2023,M.S.M.E,15743.28,250,1.495,30.14,3.178
NBFC004,UpperFin 04 Ltd,Upper Layer,Central,FY21Q4,31-03-2021,Retail (Personal/Unsecured),6176.19,9.734,4.38,999,1.251
NBFC002,UpperFin 02 Ltd,Upper Layer,North,FY25Q2,2024-09-30,Retail (Housing),-100,1.627,0.39,28.46,2.545
NBFC030,MiddleFin 30 Ltd,Middle Layer,West,FY23Q2,30/09/2022,Retail (Housing),19762.98,2.458%,0.885,28.91,2.437
NBFC035,MiddleFin 35 Ltd,Middle Layer,West,FY21Q4,2021-03-31,Retail (Gold),13776.7,2.053,0.924,23.24,0.956
NBFC015,UpperFin 15 Ltd,Upper Layer,West,FY22Q4,31-03-2022,Retail (Vehicle),19038.37,5.507,2.148,28.89,1.416
NBFC015,UpperFin 15 Ltd,Upper Layer,West,FY22Q4,31/03/2022,Retail (Gold),5711.51,1.897,0.74,27.11,2.127
NBFC042,BaseFin 42 Ltd,Base Layer,North,FY24Q4,2024-03-31,Retail (Gold),4226.51,0.769,0.208,26.47,2.943
NBFC004,UpperFin 04 Ltd,Upper Layer,Central,FY25Q2,2024-09-30,MSME,12518.02,3.803%,0.913,-,3.249
NBFC040,MiddleFin 40 Ltd,Middle Layer,West,FY25Q2,30-09-2024,Retail (Personal/Unsecured),17885.56,5.42,1.301,27.4,2.895
NBFC048,BaseFin 48 Ltd,  Base Layer ,East,FY23Q4,31/03/2023,Infrastructure,291.49,3.097,1.022,25.71,2.732
NBFC011,UpperFin 11 Ltd,Upper Layer,South,FY25Q4,2025-03-31,gold,7374.72,0.948,0.199,25.19,3.167
NBFC050,BaseFin 50 Ltd,Base Layer,West,FY25Q2,2024-09-30,  Infrastructure ,498.49,2.689,0.645,25.09,3.257
NBFC014,UpperFin 14 Ltd,Upper Layer,Central,FY22Q2,2021-09-30,retail (housing),18702.67,3.233,1.358,25.56,1.623
NBFC045,BaseFin 45 Ltd,Base Layer,West,FY22Q2,2021-09-30,MSME,1813.54,7.508,3.153,23.54,1.952
NBFC029,MiddleFin 29 Ltd,ML,Central,FY22Q2,30-09-2021,Infrastructure,11027.66,5.374,2.257,999,1.5
NBFC058,BaseFin 58 Ltd,Base Layer,East,FY25Q2,30-09-2024,Retail (Housing),1278.73,1.64%,0.394,26.94,3.067
NBFC027,MiddleFin 27 Ltd,Middle Layer,North,FY24Q2,30/09/2023,Wholesale/Corporate,15839.93,3.712,1.114,26.48,3.126
NBFC037,MiddleFin 37 Ltd,Middle  Layer,North,FY22Q4,31-03-2022,Retail (Gold),11181.88,1.786,0.697,25.18,1.582
NBFC011,UpperFin 11 Ltd,Upper Layer,South,FY24Q4,31-03-2024,MSME,12973.33,2.844,0.768,-,3.408
NBFC060,BaseFin 60 Ltd,Base Layer,West,FY22Q4,31/03/2022,MSME,1827.13,6.605,2.576,24.1,1.728
NBFC039,MiddleFin 39 Ltd,Middle Layer,Central,FY25Q4,31-03-2025,MSME,44202.49,3.44,0.722,24.89,2.37
NBFC015,UpperFin 15 Ltd,Upper Layer,West,FY23Q2,2022-09-30,Retail (Housing),22668.94,2.504,0.901,29.75,NA
NBFC043,BaseFin 43 Ltd,  Base Layer ,East,FY22Q2,2021-09-30,Retail (Vehicle),1606.8,6.161,,24.35,1.255
NBFC036,MiddleFin 36 Ltd,middle layer,South,FY22Q4,2022-03-31,Retail (Personal/Unsecured),"12,613.33",9.102,3.55,26.72,1.768
NBFC014,UpperFin 14 Ltd,Upper Layer,Central,FY25Q2,30/09/2024,microfinance,5437.75,6.073,1.458,23.88,2.512
NBFC060,BaseFin 60 Ltd,Base Layer,West,FY22Q2,2021-09-30,M.S.M.E,1734.42,7.415,3.114,26.18,1.56
NBFC038,MiddleFin 38 Ltd,Middle  Layer,East,FY21Q4,31-03-2021,Infrastructure,4657.46,NA,2.232,24.43,1.692
NBFC028,MiddleFin 28 Ltd,Middle Layer,East,FY24Q2,2023-09-30,Retail (Personal/Unsecured),32526.16,5.718,1.715,24.97,2.629
NBFC056,BaseFin 56 Ltd,Base Layer,South,FY25Q4,31/03/2025,Retail (Personal/Unsecured),2263.44,4.672,0.981,24.76,2.296
NBFC035,MiddleFin 35 Ltd,Middle Layer,West,FY24Q2,30/09/2023,Infrastructure,15633.69,3.116,0.935,29.28,2.668
NBFC011,UpperFin 11 Ltd,UPPER LAYER,South,FY24Q2,2023-09-30,MSME,11641.24,4.222,1.267,26.71,-
NBFC036,MiddleFin 36 Ltd,Middle  Layer,South,FY25Q4,2025-03-31,MSME,23283.8,3.636%,0.764,23.66,3.084
NBFC013,UpperFin 13 Ltd,upper layer,East,FY22Q4,31/03/2022,Wholesale/Corporate,8583.85,6.025,2.35,27.38%,1.769
NBFC050,BaseFin 50 Ltd,Base Layer,West,FY22Q2,2021-09-30,Retail (Vehicle),2182.11,6.301,2.646,25.02%,1.937
NBFC053,BaseFin 53 Ltd,Base Layer,East,FY24Q2,2023-09-30,Retail (Personal/Unsecured),1536.57,6.084,1.825,25.55,2.693
NBFC060,BaseFin 60 Ltd,base layer,West,FY22Q2,30-09-2021,Retail (Vehicle),1734.42,5.742,2.412,23.9,1.825
NBFC023,MiddleFin 23 Ltd,middle layer,East,FY25Q4,31/03/2025,Retail (Housing),32352.14,1.511,0.317,23.37,2.821
NBFC014,UpperFin 14 Ltd,Upper Layer,Central,FY24Q4,31/03/2024,  Wholesale/Corporate ,15268.1,2.579,0.696,28.93,2.916
NBFC056,BaseFin 56 Ltd,BL,South,FY22Q2,2021-09-30,Retail (Personal/Unsecured),1330.22,9.611,4.037,27.48,1.118
NBFC015,UpperFin 15 Ltd,Upper Layer,West,FY25Q4,2025-03-31,MSME,18450.71,3.475,0.73,28.52,NA
NBFC008,UpperFin 08 Ltd,UPPER LAYER,East,FY21Q4,2021-03-31,Retail (Personal/Unsecured),11252.18,10.166,null,23.73%,1.149
NBFC006,UpperFin 06 Ltd,Upper Layer,South,FY24Q4,2024-03-31,Retail (Gold),11095.17,0.749%,0.202,27.75,2.987
NBFC031,MiddleFin 31 Ltd,Middle Layer,South,FY25Q4,31-03-2025,Retail (Housing),28988.62,1.475,0.31,25.26,3.052
NBFC056,BaseFin 56 Ltd,Base Layer,South,FY25Q2,30/09/2024,Retail (Gold),"2,127.16",1.022,0.245,28.98,2.537
NBFC007,UpperFin 07 Ltd,UL,North,FY23Q4,31/03/2023,Wholesale/Corporate,6717.28,4.059,1.339,29.88,3.359
NBFC003,UpperFin 03 Ltd,UL,East,FY21Q4,31-03-2021,Wholesale/Corporate,13037.18,6.27%,2.821,22.21,0.926
NBFC001,UpperFin 01 Ltd,Upper Layer,South,FY25Q2,30-09-2024,Microfinance,"6,473.54",N/A,1.434,24.84,3.363
NBFC029,MiddleFin 29 Ltd,Middle Layer,Central,FY24Q2,2023-09-30,retail (housing),25917.46,1.918,0.575,29.85,3.501
NBFC026,MiddleFin 26 Ltd,middle layer,South,FY22Q2,2021-09-30,Retail (Personal/Unsecured),17344.39,9.674,4.063,26.01,1.062
NBFC023,MiddleFin 23 Ltd,Middle Layer,East,FY24Q4,2024-03-31,  Wholesale/Corporate ,20325.95,2.562,0.692,26.32%,3.274
NBFC060,BaseFin 60 Ltd,Base Layer,West,FY23Q4,2023-03-31,Retail (Gold),0,1.277,0.421,28.57,2.481
NBFC055,BaseFin 55 Ltd,Base Layer,West,FY25Q2,30/09/2024,MFI,2991.78,5.989,1.437,23.43,3.384
NBFC028,MiddleFin 28 Ltd,Middle Layer,East,FY23Q4,31/03/2023,Microfinance,25567.83,7.459,10.459,28.82,3.166
NBFC018,MiddleFin 18 Ltd,Middle Layer,East,FY23Q4,31/03/2023,Retail (Vehicle),31095.4,N/A,1.231,NA,3.271
NBFC038,MiddleFin 38 Ltd,  Middle Layer ,East,FY24Q2,30-09-2023,Infrastructure,6606.55,3.062,0.919,25.77,3.517
NBFC029,MiddleFin 29 Ltd,  Middle Layer ,Central,FY21Q4,2021-03-31,Microfinance,15661.0,12.121,5.454,27.09,1.335
NBFC002,UpperFin 02 Ltd,Upper Layer,North,FY22Q2,2021-09-30,Retail (Housing),0,3.048,1.28,23.45,1.929
NBFC035,MiddleFin 35 Ltd,Middle Layer,West,FY22Q4,31-03-2022,MSME,"24,526.48",6.956,2.713,25.14,1.131
NBFC044,BaseFin 44 Ltd,Base Layer,Central,FY22Q2,2021-09-30,MSME,2143.61,7.174,3.013,26.81%,2.09
NBFC052,BaseFin 52 Ltd,base layer,North,FY25Q2,2024-09-30,M.S.M.E,2794.37,3.831,0.919,24.16,3.447
NBFC049,BaseFin 49 Ltd,Base Layer,Central,FY21Q4,31/03/2021,Retail (Housing),-100,3.083,1.387,24.64,1.444
NBFC013,UpperFin 13 Ltd,Upper Layer,East,FY24Q2,30/09/2023,Retail (Housing),20062.25,1.777,0.533,999,3.225
NBFC046,BaseFin 46 Ltd,Base Layer,South,FY23Q4,31/03/2023,Retail (Personal/Unsecured),3128.93,6.073,2.004,29.66,2.322
NBFC002,UpperFin 02 Ltd,Upper Layer,North,FY21Q4,31/03/2021,Wholesale/Corporate,14279.17,6.7,3.015,26.61,1.4
NBFC050,BaseFin 50 Ltd,Base Layer,West,FY24Q4,31-03-2024,Retail (Housing),1866.21,1.243,0.336,27.72,3.142
NBFC032,MiddleFin 32 Ltd,Middle Layer,North,FY24Q4,2024-03-31,Microfinance,16388.4,-,1.286,29.16,3.269
NBFC054,BaseFin 54 Ltd,Base Layer,Central,FY22Q4,31-03-2022,Microfinance,0,11.299,4.407,24.69,2.186
NBFC034,MiddleFin 34 Ltd,Middle Layer,Central,FY25Q4,31-03-2025,Retail (Vehicle),23011.13,2.751,0.578,22.79%,2.573
NBFC019,MiddleFin 19 Ltd,Middle Layer,Central,FY23Q2,2022-09-30,Microfinance,18744.75,9.21,3.316,24.71,2.055
NBFC010,UpperFin 10 Ltd,Upper Layer,West,FY25Q2,2024-09-30,Retail (Gold),8520.99,1.031,0.247,23.87,2.994
NBFC013,UpperFin 13 Ltd,Upper Layer,East,FY25Q2,30/09/2024,  Retail (Vehicle) ,21716.71,3.273,0.786,25.96%,3.274
NBFC039,MiddleFin 39 Ltd,Middle Layer,Central,FY23Q2,30/09/2022,Wholesale/Corporate,18514.13,5.275,1.899,25.7,2.672
NBFC024,MiddleFin 24 Ltd,Middle Layer,Central,FY22Q4,31-03-2022,Infrastructure,5595.9,4.801%,1.872,23.99,2.293
  NBFC044 ,BaseFin 44 Ltd,Base Layer,Central,FY22Q4,2022-03-31,Retail (Vehicle),2258.2,5.382,2.099,26.64,1.317
NBFC034,MiddleFin 34 Ltd,  Middle Layer ,Central,FY22Q4,31/03/2022,Wholesale/Corporate,8904.01,5.943,2.318,24.93,1.209
NBFC044,BaseFin 44 Ltd,BL,Central,FY24Q2,30-09-2023,Retail (Vehicle),2878.84,3.395,1.018,27.57,3.553
NBFC045,BaseFin 45 Ltd,Base Layer,West,FY23Q2,2022-09-30,Retail (Vehicle),2068.0,4.791,1.725,28.04,2.622
NBFC049,BaseFin 49 Ltd,Base Layer,Central,FY25Q4,2025-03-31,housing,1559.2,1.481,0.311,28.38,3.172
NBFC039,MiddleFin 39 Ltd,Middle Layer,Central,FY22Q4,31-03-2022,msme,27366.2,6.595,2.572,29.35,1.804
NBFC030,MiddleFin 30 Ltd,Middle Layer,West,FY25Q4,2025-03-31,Retail (Gold),21064.34,0.964,0.202,25.65,3.177
NBFC003,UpperFin 03 Ltd,Upper Layer,East,FY22Q2,2021-09-30,Retail (Housing),25245.29,3.012,1.265,25.33,-
NBFC045,BaseFin 45 Ltd,base layer,West,FY21Q4,31/03/2021,Retail (Vehicle),"1,717.01",6.18%,2.781,23.94,2.002
NBFC050,BaseFin 50 Ltd,Base Layer,West,FY23Q2,30/09/2022,Infrastructure,355.47,4.237,1.525,29.27,2.502
NBFC053,BaseFin 53 Ltd,BASE LAYER,East,FY24Q4,31-03-2024,Retail (Personal/Unsecured),"1,712.40",3.915,1.057,28.95,3.223
NBFC012,UpperFin 12 Ltd,Upper Layer,North,FY24Q2,30-09-2023,GOLD LOAN,"5,642.26",1.175,0.352,26.34,2.706
NBFC001,UpperFin 01 Ltd,Upper Layer,South,FY21Q4,31/03/2021,retail (housing),21080.01,3.14,1.413,23.94,
NBFC036,MiddleFin 36 Ltd,ML,South,FY21Q4,2021-03-31,MSME,12955.42,7.684,3.458,25.95,1.451
NBFC026,MiddleFin 26 Ltd,Middle Layer,South,FY23Q2,2022-09-30,Infrastructure,11301.72,4.187,1.507,25.05,2.563
NBFC038,MiddleFin 38 Ltd,Middle  Layer,East,FY22Q2,30-09-2021,Wholesale/Corporate,6149.13,6.447,2.708,24.53,1.87
NBFC004,UpperFin 04 Ltd,Upper Layer,Central,FY24Q4,2024-03-31,  Microfinance ,3905.34,4.773,1.289,27.22,3.14
NBFC059,BaseFin 59 Ltd,Base Layer,Central,FY24Q4,31/03/2024,Infrastructure,503.09,1.885,0.509,null,3.374
NBFC058,BaseFin 58 Ltd,BL,East,FY25Q4,2025-03-31,Infrastructure,340.16,2.392,0.502,28.04,2.598
NBFC060,BaseFin 60 Ltd,  Base Layer ,West,FY23Q4,31-03-2023,MFI,3051.65,7.715%,2.546,28.26,2.576
NBFC009,UpperFin 09 Ltd,Upper Layer,Central,FY21Q4,31/03/2021,microfinance,4418.57,11.448,5.152,25.5,1.831
NBFC051,BaseFin 51 Ltd,Base Layer,South,FY21Q4,2021-03-31,Retail (Personal/Unsecured),1668.23,9.696,4.363,27.19,1.743
NBFC051,BaseFin 51 Ltd,Base Layer,South,FY24Q2,30-09-2023,GOLD LOAN,2366.37,1.151,0.345,25.18,2.566
NBFC040,MiddleFin 40 Ltd,Middle Layer,West,FY22Q2,30/09/2021,msme,12782.51,7.839,3.292,25.22,1.341
NBFC028,MiddleFin 28 Ltd,middle layer,East,FY24Q4,2024-03-31,Retail (Gold),25891.47,0.758,0.205,27.8,3.832
NBFC038,MiddleFin 38 Ltd,Middle Layer,East,FY25Q4,31-03-2025,Microfinance,12806.85,5.959,1.251,25.34,2.375
NBFC032,MiddleFin 32 Ltd,Middle Layer,North,FY25Q4,31/03/2025,Retail (Housing),21737.39,1.492,4.492,28.15,2.79
NBFC013,UpperFin 13 Ltd,Upper Layer,East,FY23Q4,2023-03-31,Wholesale/Corporate,10035.66,4.231,1.396,30.41,2.371
NBFC023,MiddleFin 23 Ltd,Middle Layer,East,FY21Q4,31-03-2021,Retail (Housing),18001.17,3.009,1.354,24.26,NA
NBFC060,BaseFin 60 Ltd,base layer,West,FY22Q2,30/09/2021,Retail (Housing),991.10,3.087,1.297,28.95,1.276
NBFC028,MiddleFin 28 Ltd,Middle Layer,East,FY23Q4,2023-03-31,Retail (Personal/Unsecured),29829.13,5.984,,24.7,2.715
NBFC031,MiddleFin 31 Ltd,ML,South,FY22Q4,2022-03-31,Retail (Vehicle),20511.02,5.586,2.179,25.14,1.372
NBFC019,MiddleFin 19 Ltd,Middle Layer,Central,FY25Q4,2025-03-31,MSME,37294.24,3.612,0.759,23.69,2.69
NBFC005,UpperFin 05 Ltd,Upper Layer,West,FY24Q4,2024-03-31,Retail (Personal/Unsecured),10772.52,3.868%,1.044,25.29,2.897
NBFC048,BaseFin 48 Ltd,Base Layer,East,FY23Q4,2023-03-31,Microfinance,2914.89,7.597,2.507,27.76,3.293
NBFC040,MiddleFin 40 Ltd,Middle Layer,West,FY23Q2,2022-09-30,Microfinance,10932.04,9.3,3.348,27.46,1.976
NBFC026,MiddleFin 26 Ltd,middle layer,South,FY24Q2,30-09-2023,Infrastructure,13310.42,3.044%,0.913,27.43,2.994
NBFC018,MiddleFin 18 Ltd,Middle Layer,East,FY23Q2,2022-09-30,Retail (Housing),25191.21,2.559,0.921,27.1,1.799
NBFC040,MiddleFin 40 Ltd,Middle Layer,West,FY24Q2,30/09/2023,Wholesale/Corporate,10729.2,3.812,1.144,28.92,2.719
NBFC041,BaseFin 41 Ltd,Base Layer,South,FY23Q4,31/03/2023,Retail (Housing),859.62,1.854,0.612,30.14,3.394
NBFC003,UpperFin 03 Ltd,UPPER LAYER,East,FY25Q4,2025-03-31,GOLD LOAN,11715.37,0.926,0.194,26.62,2.704
NBFC047,BaseFin 47 Ltd,Base Layer,North,FY24Q2,2023-09-30,Infrastructure,180.57,3.166,0.95,26.62%,3.41
NBFC009,UpperFin 09 Ltd,Upper Layer,Central,FY23Q2,2022-09-30,Retail (Personal/Unsecured),13304.57,8.144,2.932,28.34,2.245
  NBFC008 ,UpperFin 08 Ltd,Upper Layer,East,FY23Q2,30/09/2022,housing,29815.24,2.555,0.92,25.81,2.029
NBFC043,BaseFin 43 Ltd,Base Layer,East,FY25Q2,30-09-2024,Wholesale/Corporate,1101.19,3.357,0.806,28.52%,2.937
NBFC012,UpperFin 12 Ltd,  Upper Layer ,North,FY24Q2,2023-09-30,MSME,"11,284.53",4.509%,1.353,29.66,3.075
NBFC037,MiddleFin 37 Ltd,Middle Layer,North,FY25Q2,30/09/2024,Infrastructure,13579.02,2.584,0.62,24.36,2.972
NBFC008,UpperFin 08 Ltd,Upper Layer,East,FY22Q2,2021-09-30,Retail (Gold),"7,130.88",2.051,5.051,27.71,1.361
NBFC047,BaseFin 47 Ltd,Base Layer,North,FY22Q4,31/03/2022,Retail (Gold),1274.8,1.873,0.73,28.67,1.843
NBFC048,BaseFin 48 Ltd,Base Layer,East,FY23Q4,31-03-2023,Wholesale/Corporate,874.47,4.244,1.401,27.43,2.827
NBFC013,UpperFin 13 Ltd,UPPER LAYER,East,FY24Q2,30/09/2023,Retail (Personal/Unsecured),9119.2,5.703,1.711,25.19,2.534
NBFC022,MiddleFin 22 Ltd,Middle Layer,North,FY23Q2,2022-09-30,Microfinance,11028.1,9.028%,3.25,28.05%,1.555
NBFC007,UpperFin 07 Ltd,upper layer,North,FY23Q2,2022-09-30,  Retail (Vehicle) ,10365.43,4.499,-,27.63,1.658
  NBFC013 ,UpperFin 13 Ltd,Upper Layer,East,FY23Q4,31/03/2023,Retail (Gold),5017.83,1.218,0.402,25.93,3.076
NBFC039,MiddleFin 39 Ltd,Middle Layer,Central,FY23Q2,30-09-2022,Retail (Vehicle),29622.61,4.67,1.681,30.14,1.715
NBFC014,UpperFin 14 Ltd,Upper Layer,Central,FY25Q4,31/03/2025,Infrastructure,20251.44,2.526,0.53,27.79,2.598
NBFC051,BaseFin 51 Ltd,Base Layer,South,FY24Q4,2024-03-31,Microfinance,2930.16,-,1.265,25.22,2.91
NBFC031,MiddleFin 31 Ltd,Middle Layer,South,FY25Q4,31-03-2025,Retail (Vehicle),33129.85,2.929,0.615,22.81,3.004
NBFC016,MiddleFin 16 Ltd,Middle Layer,South,FY21Q4,2021-03-31,Retail (Vehicle),"19,480.97",6.158,2.771,N/A,0.954
NBFC029,MiddleFin 29 Ltd,Middle Layer,Central,FY25Q4,2025-03-31,Microfinance,28146.33,5.79%,1.216,27.75,2.728
NBFC052,BaseFin 52 Ltd,Base Layer,North,FY25Q4,31/03/2025,MSME,2973.4,3.569,0.749,28.27,2.963
NBFC059,BaseFin 59 Ltd,Base Layer,Central,FY22Q2,30/09/2021,Microfinance,3361.45,11.623,4.882,28.63,1.479
NBFC004,UpperFin 04 Ltd,upper layer,Central,FY22Q2,30/09/2021,Infrastructure,9132.81,5.337,2.242,25.83,1.919
NBFC055,BaseFin 55 Ltd,Base Layer,West,FY22Q4,2022-03-31,Retail (Housing),788.36,2.745,1.071,28.81,1.638
  NBFC009 ,UpperFin 09 Ltd,Upper Layer,Central,FY23Q2,30/09/2022,Microfinance,5321.83,9.413,3.389,27.21,2.465
NBFC039,MiddleFin 39 Ltd,Middle Layer,Central,FY25Q2,30-09-2024,Infrastructure,20770.54,2.561,0.615,25.61,3.053
NBFC056,BaseFin 56 Ltd,Base Layer,South,FY25Q2,2024-09-30,Retail (Personal/Unsecured),2127.16,5.016,null,28.1%,NA
NBFC047,BaseFin 47 Ltd,Base Layer,North,FY22Q4,31-03-2022,Retail (Personal/Unsecured),"1,274.80",8.852,3.452,24.79,1.664
NBFC044,BaseFin 44 Ltd,Base Layer,Central,FY22Q4,31/03/2022,MSME,2258.2,6.613,2.579,29.46,2.104
NBFC029,MiddleFin 29 Ltd,Middle Layer,Central,FY25Q4,31-03-2025,msme,37528.43,3.672%,-,24.76,2.321
NBFC012,UpperFin 12 Ltd,Upper Layer,North,FY24Q4,2024-03-31,msme,12575.79,2.769,0.748,27.69,3.109
NBFC043,BaseFin 43 Ltd,Base Layer,East,FY25Q2,30-09-2024,Retail (Gold),"3,303.58",1.012,0.243,25.11,2.545
NBFC049,BaseFin 49 Ltd,Base Layer,Central,FY24Q4,2024-03-31,Retail (Housing),1371.44,1.172,0.316,25.32,2.887
NBFC036,MiddleFin 36 Ltd,Middle Layer,South,FY25Q4,31-03-2025,Wholesale/Corporate,14552.37,3.174,0.667,27.54%,3.013
NBFC013,UpperFin 13 Ltd,Upper Layer,East,FY25Q2,30/09/2024,Retail (Personal/Unsecured),10858.36,5.087,1.221,29.01,2.985
NBFC052,BaseFin 52 Ltd,Base Layer,North,FY24Q2,30/09/2023,Microfinance,3352.58,7.031,2.109,25.25,3.266
NBFC018,MiddleFin 18 Ltd,middle layer,East,FY24Q2,30-09-2023,Retail (Personal/Unsecured),29668.56,5.598,1.679,25.92,3.357
NBFC034,MiddleFin 34 Ltd,Middle Layer,Central,FY24Q2,30/09/2023,MSME,18161.92,4.401,1.32,25.0,3.163
NBFC015,UpperFin 15 Ltd,UPPER LAYER,West,FY25Q2,2024-09-30,Microfinance,5779.93,6.05,1.452,25.37%,2.863
NBFC019,MiddleFin 19 Ltd,Middle Layer,Central,FY25Q4,31-03-2025,Microfinance,27970.68,5.793,1.217,22.79,3.165
NBFC031,MiddleFin 31 Ltd,Middle Layer,South,FY25Q4,31/03/2025,Wholesale/Corporate,20706.16,3.216,0.675,27.39,2.227
NBFC023,MiddleFin 23 Ltd,Middle Layer,East,FY22Q2,30-09-2021,Wholesale/Corporate,13580.88,6.347%,2.666,23.86,1.541
NBFC053,BaseFin 53 Ltd,BL,East,FY24Q2,30-09-2023,Infrastructure,0,2.923,0.877,26.08,3.167
NBFC012,UpperFin 12 Ltd,  Upper Layer ,North,FY22Q2,2021-09-30,MSME,8402.58,7.304%,3.068,24.85,1.373
NBFC010,UpperFin 10 Ltd,UPPER LAYER,West,FY25Q4,2025-03-31,Infrastructure,20741.27,2.372,0.498,24.46,2.847
NBFC044,BaseFin 44 Ltd,BASE LAYER,Central,FY24Q4,31/03/2024,Microfinance,"4,583.23",4.582,1.237,24.46%,2.774
NBFC054,BaseFin 54 Ltd,Base Layer,Central,FY25Q4,31/03/2025,  Retail (Personal/Unsecured) ,3089.98,4.753,0.998,28.69,2.464
NBFC024,MiddleFin 24 Ltd,middle layer,Central,FY25Q4,2025-03-31,MSME,18077.24,3.485,0.732,22.81,2.969
NBFC037,MiddleFin 37 Ltd,Middle Layer,North,FY24Q4,31/03/2024,Retail (Housing),22240.84,1.219,,29.29,3.825
NBFC006,UpperFin 06 Ltd,Upper Layer,South,FY25Q2,2024-09-30,Retail (Gold),11854.66,1.046,0.251,25.35,2.861
NBFC014,UpperFin 14 Ltd,UPPER LAYER,Central,FY22Q4,31/03/2022,Wholesale/Corporate,10746.75,5.872,2.29,28.42,1.485
NBFC003,UpperFin 03 Ltd,upper layer,East,FY25Q2,2024-09-30,Retail (Gold),11009.99,1.049,0.252,26.73,3.164
NBFC034,MiddleFin 34 Ltd,Middle Layer,Central,FY23Q4,31/03/2023,Retail (Personal/Unsecured),14573.96,6.396,2.111,28.05,2.472
NBFC008,UpperFin 08 Ltd,Upper Layer,East,FY25Q2,2024-09-30,housing,41811.21,1.587,0.381,25.91,3.12
NBFC016,MiddleFin 16 Ltd,ML,South,FY23Q4,31-03-2023,MSME,25342.22,4.508,1.488,25.98,2.499
NBFC036,MiddleFin 36 Ltd,Middle Layer,South,FY21Q4,31-03-2021,Retail (Gold),"8,097.14",2.014,0.906,24.44,1.802
NBFC033,MiddleFin 33 Ltd,Middle Layer,East,FY21Q4,31-03-2021,Retail (Gold),5914.97,1.9,0.855,26.67,1.957
NBFC034,MiddleFin 34 Ltd,Middle  Layer,Central,FY24Q2,2023-09-30,Retail (Vehicle),"18,161.92",3.535,1.06,25.81,3.172
NBFC047,BaseFin 47 Ltd,Base Layer,North,FY23Q2,30/09/2022,Retail (Personal/Unsecured),1379.91,8.027,2.89,28.28,2.44
NBFC045,BaseFin 45 Ltd,Base Layer,West,FY23Q2,30/09/2022,MSME,2068.0,5.622%,2.024,27.73,1.522
NBFC041,BaseFin 41 Ltd,Base Layer,South,FY25Q4,2025-03-31,Retail (Housing),1187.61,1.439,0.302,27.45,2.987
NBFC031,MiddleFin 31 Ltd,Middle Layer,South,FY22Q2,30/09/2021,MSME,19470.29,7.195,3.022,23.37,1.443
NBFC025,MiddleFin 25 Ltd,Middle Layer,West,FY23Q2,30/09/2022,  Microfinance ,8947.94,9.371,3.374,29.83,2.202
NBFC005,UpperFin 05 Ltd,Upper Layer,West,FY24Q4,2024-03-31,Infrastructure,15081.53,1.921,0.519,23.98,3.237
NBFC025,MiddleFin 25 Ltd,Middle Layer,West,FY22Q2,2021-09-30,MSME,"10,462.56",7.656,3.216,24.33,1.649
NBFC004,UpperFin 04 Ltd,Upper Layer,Central,FY25Q2,30-09-2024,Retail (Vehicle),20863.36,3.212,0.771,28.87,2.883
NBFC025,MiddleFin 25 Ltd,Middle Layer,West,FY22Q4,31/03/2022,Retail (Vehicle),11021.81,5.567,2.171,29.38,1.967
NBFC049,BaseFin 49 Ltd,Base Layer,Central,FY22Q4,31-03-2022,Retail (Gold),2171.96,1.846,0.72,26.82,1.34
NBFC007,UpperFin 07 Ltd,Upper Layer,North,FY21Q4,31/03/2021,Wholesale/Corporate,5163.68,6.64,2.988,22.7,1.57
  NBFC050 ,BaseFin 50 Ltd,Base Layer,West,FY25Q2,2024-09-30,Microfinance,4984.89,6.132,1.472,N/A,3.36
NBFC057,BaseFin 57 Ltd,Base Layer,North,FY22Q4,31/03/2022,Retail (Personal/Unsecured),2836.99,9.29,3.623,26.79,1.623
NBFC031,MiddleFin 31 Ltd,Middle Layer,South,FY25Q4,31/03/2025,Infrastructure,16564.93,2.516,0.528,24.6,3.247
NBFC037,MiddleFin 37 Ltd,Middle Layer,North,FY23Q4,2023-03-31,Infrastructure,10458.49,3.252,1.073,27.84,3.214
NBFC011,UpperFin 11 Ltd,upper layer,South,FY21Q4,31-03-2021,MSME,8206.79,7.631,3.434,23.59,1.992
NBFC006,UpperFin 06 Ltd,Upper Layer,South,FY24Q4,31-03-2024,Retail (Vehicle),36983.89,2.349,0.634,29.15,3.328
NBFC051,BaseFin 51 Ltd,Base Layer,South,FY22Q4,31-03-2022,Retail (Housing),824.98,2.836,1.106,29.2,2.116
NBFC007,UpperFin 07 Ltd,Upper Layer,North,FY24Q4,31/03/2024,Wholesale/Corporate,8162.77,2.41,0.651,24.12,3.812
NBFC052,BaseFin 52 Ltd,base layer,North,FY22Q2,2021-09-30,Retail (Vehicle),1747.45,6.11,2.566,27.36,1.802
NBFC010,UpperFin 10 Ltd,UL,West,FY24Q4,31/03/2024,gold,"7,818.70",250,0.203,28.08,2.933
NBFC029,MiddleFin 29 Ltd,Middle Layer,Central,FY25Q4,31/03/2025,Retail (Personal/Unsecured),32837.38,4.585,0.963,26.87,2.237
NBFC048,BaseFin 48 Ltd,Base Layer,East,FY23Q2,2022-09-30,Retail (Personal/Unsecured),2428.9,7.485,null,29.22,1.996
NBFC007,UpperFin 07 Ltd,Upper Layer,North,FY23Q4,2023-03-31,Microfinance,2239.09,7.044,2.325,27.26,3.406
NBFC019,MiddleFin 19 Ltd,Middle Layer,Central,FY24Q2,30/09/2023,Retail (Gold),18396.94,1.203,0.361,29.78,3.319
  NBFC030 ,MiddleFin 30 Ltd,Middle  Layer,West,FY22Q2,30-09-2021,Retail (Gold),"12,379.44",1.962,0.824,27.73,1.597
NBFC039,MiddleFin 39 Ltd,Middle Layer,Central,FY24Q4,2024-03-31,Infrastructure,"19,439.84",2.072,0.559,25.05,3.642
NBFC013,UpperFin 13 Ltd,Upper Layer,East,FY22Q4,31/03/2022,Retail (Vehicle),14306.41,5.216,2.034,28.25,2.23
NBFC046,BaseFin 46 Ltd,Base Layer,South,FY23Q4,2023-03-31,Infrastructure,347.66,3.28%,1.082,26.22,3.197
NBFC056,BaseFin 56 Ltd,Base Layer,South,FY25Q4,2025-03-31,Wholesale/Corporate,754.48,3.18,0.668,25.36,3.017
NBFC011,UpperFin 11 Ltd,Upper Layer,South,FY23Q2,30-09-2022,  Microfinance ,3360.71,9.329,3.358,28.66%,1.804
NBFC036,MiddleFin 36 Ltd,ML,South,FY23Q4,2023-03-31,Wholesale/Corporate,10533.33,4.199,1.386,26.08,2.758
NBFC008,UpperFin 08 Ltd,Upper Layer,East,FY25Q2,30-09-2024,Retail (Vehicle),38010.19,3.053,0.733,23.49,null
NBFC012,UpperFin 12 Ltd,Upper Layer,North,FY24Q2,30-09-2023,Wholesale/Corporate,"11,284.53",4.001,1.2,30.44,2.932
  NBFC057 ,BaseFin 57 Ltd,base layer,North,FY24Q2,2023-09-30,Retail (Vehicle),2813.0,3.578,1.073,29.23,2.644
NBFC018,MiddleFin 18 Ltd,ML,East,FY22Q2,30-09-2021,Retail (Housing),22091.51,3.192,null,23.77,1.499
NBFC024,MiddleFin 24 Ltd,Middle Layer,Central,FY22Q4,31-03-2022,Infrastructure,5595.9,4.801%,1.872,23.99,2.293
NBFC016,MiddleFin 16 Ltd,Middle Layer,South,FY21Q4,2021-03-31,Retail (Personal/Unsecured),17045.85,9.879,4.446,24.51,2.07
NBFC016,MiddleFin 16 Ltd,  Middle Layer ,South,FY23Q4,31/03/2023,Retail (Gold),15838.89,1.188,0.392,26.36,3.474
NBFC042,BaseFin 42 Ltd,  Base Layer ,North,FY21Q4,31-03-2021,Infrastructure,297.07,4.968,2.236,24.57,1.004
NBFC057,BaseFin 57 Ltd,Base Layer,North,FY25Q2,2024-09-30,Microfinance,4784.96,6.311%,1.515,26.1,3.519
NBFC039,MiddleFin 39 Ltd,Middle Layer,Central,FY21Q4,31-03-2021,Retail (Vehicle),24594.87,5.989,2.695,23.11,1.879
NBFC047,BaseFin 47 Ltd,BL,North,FY24Q2,30/09/2023,Microfinance,1805.74,250,null,26.93,3.098
NBFC003,UpperFin 03 Ltd,upper layer,East,FY22Q4,2022-03-31,MFI,4835.4,10.544,4.112,28.34,2.234
NBFC056,BaseFin 56 Ltd,base layer,South,FY22Q4,2022-03-31,Wholesale/Corporate,467.11,5.738,2.238,,1.511
NBFC036,MiddleFin 36 Ltd,Middle Layer,South,FY24Q4,31/03/2024,MSME,20479.99,2.975,0.803,29.52,3.882
NBFC011,UpperFin 11 Ltd,Upper Layer,South,FY24Q4,31/03/2024,Infrastructure,15135.55,1.961,0.529,29.29,null
NBFC038,MiddleFin 38 Ltd,Middle Layer,East,FY25Q4,31/03/2025,Retail (Vehicle),16740.98,,0.626,25.34,3.165
NBFC022,MiddleFin 22 Ltd,Middle  Layer,North,FY21Q4,31/03/2021,Wholesale/Corporate,7630.28,6.17,2.776,25.52,0.941
NBFC013,UpperFin 13 Ltd,Upper Layer,East,FY22Q2,30/09/2021,MSME,8148.3,7.665,NA,24.56,2.115
  NBFC004 ,UpperFin 04 Ltd,UPPER LAYER,Central,FY25Q2,30/09/2024,Wholesale/Corporate,12518.02,3.277,0.786,23.65,3.4
NBFC023,MiddleFin 23 Ltd,Middle Layer,East,FY23Q2,30-09-2022,Retail (Vehicle),24778.3,4.686,1.687,27.61,1.828
NBFC030,MiddleFin 30 Ltd,Middle Layer,West,FY22Q4,31/03/2022,GOLD LOAN,13041.14,1.899,0.741,27.2%,2.212
NBFC060,BaseFin 60 Ltd,Base Layer,West,FY24Q2,30-09-2023,Microfinance,3327.57,6.712%,2.014,24.92,2.946
NBFC010,UpperFin 10 Ltd,UPPER LAYER,West,FY25Q4,2025-03-31,Infrastructure,20741.27,2.372,0.498,24.46,2.847
NBFC033,MiddleFin 33 Ltd,middle layer,East,FY25Q2,2024-09-30,Microfinance,11988.56,6.38,1.531,27.57,2.957
NBFC046,BaseFin 46 Ltd,Base Layer,South,FY24Q4,31-03-2024,Retail (Personal/Unsecured),3802.24,3.823,1.032,28.26,2.907
NBFC049,BaseFin 49 Ltd,Base Layer,Central,FY23Q2,2022-09-30,Retail (Vehicle),1828.59,4.69,1.688,-,2.686
NBFC055,BaseFin 55 Ltd,Base Layer,West,FY23Q2,30/09/2022,Wholesale/Corporate,640.02,,1.888,25.46%,1.938
NBFC008,UpperFin 08 Ltd,upper layer,East,FY23Q4,31-03-2023,msme,17565.16,-,1.564,25.74,2.767
NBFC053,BaseFin 53 Ltd,Base Layer,East,FY23Q2,30/09/2022,MSME,1014.76,5.997,2.159,29.88%,2.033
NBFC049,BaseFin 49 Ltd,Base Layer,Central,FY22Q4,31-03-2022,Infrastructure,241.33,4.793,N/A,24.22,1.522
NBFC005,UpperFin 05 Ltd,Upper Layer,West,FY25Q2,30-09-2024,  Wholesale/Corporate ,13811.91,3.4,0.816,25.26,3.592
NBFC012,UpperFin 12 Ltd,Upper Layer,North,FY24Q4,31-03-2024,Infrastructure,14671.76,1.97,0.532,24.08,3.214
NBFC052,BaseFin 52 Ltd,Base Layer,North,FY21Q4,31/03/2021,Retail (Housing),945.39,3.163,1.423,24.65,1.007
  NBFC025 ,MiddleFin 25 Ltd,Middle Layer,West,FY22Q2,30/09/2021,Retail (Personal/Unsecured),9154.74,10.046%,4.219,27.33,1.62
NBFC038,MiddleFin 38 Ltd,Middle Layer,East,FY21Q4,31-03-2021,Retail (Housing),8150.55,3.093,1.392,24.29,1.55
NBFC056,BaseFin 56 Ltd,base layer,South,FY22Q2,30/09/2021,MSME,1034.61,7.504,3.152,28.17,1.173
NBFC003,UpperFin 03 Ltd,UPPER LAYER,East,FY21Q4,31-03-2021,Infrastructure,15210.05,5.095,2.293,22.12,1.365
NBFC011,UpperFin 11 Ltd,Upper Layer,South,FY25Q2,30-09-2024,MSME,13861.38,3.986,0.957,24.19,3.49
NBFC002,UpperFin 02 Ltd,Upper Layer,North,FY25Q2,2024-09-30,Retail (Personal/Unsecured),20098.1,5.455,1.309,24.98,3.527
NBFC032,MiddleFin 32 Ltd,  Middle Layer ,North,FY22Q2,30-09-2021,Retail (Vehicle),14599.98,5.79,2.432,25.11,1.418
NBFC044,BaseFin 44 Ltd,Base Layer,Central,FY22Q4,31-03-2022,  Retail (Personal/Unsecured) ,"2,903.39",9.167%,3.575,24.13,1.532
NBFC057,BaseFin 57 Ltd,Base Layer,North,FY25Q4,31/03/2025,Retail (Gold),4582.36,0.948,0.199,28.6,
NBFC024,MiddleFin 24 Ltd,Middle Layer,Central,FY22Q2,30/09/2021,Wholesale/Corporate,6639.95,6.59,2.768,23.49,1.782
NBFC030,MiddleFin 30 Ltd,  Middle Layer ,West,FY23Q2,30-09-2022,Retail (Vehicle),22586.27,4.891,1.761,26.77,1.809
NBFC030,MiddleFin 30 Ltd,Middle Layer,West,FY22Q4,31/03/2022,Wholesale/Corporate,"13,041.14",6.238,2.433,25.29,1.634
NBFC039,MiddleFin 39 Ltd,Middle Layer,Central,FY23Q4,31/03/2023,MSME,31994.73,4.4,1.452,29.67,2.381
NBFC049,BaseFin 49 Ltd,Base Layer,Central,FY23Q4,2023-03-31,Wholesale/Corporate,846.44,4.139,1.366,29.16,2.691
NBFC037,MiddleFin 37 Ltd,Middle Layer,North,FY21Q4,31-03-2021,M.S.M.E,16079.22,7.324%,3.296,22.33,0.972
NBFC042,BaseFin 42 Ltd,Base Layer,North,FY23Q4,2023-03-31,Retail (Housing),1545.81,1.986,0.655,25.42,2.92
NBFC037,MiddleFin 37 Ltd,Middle Layer,North,FY25Q2,30-09-2024,MSME,27158.03,3.954,0.949,999,3.293
NBFC016,MiddleFin 16 Ltd,Middle Layer,South,FY21Q4,31-03-2021,Infrastructure,9740.49,4.831,2.174,24.58,1.808
  NBFC023 ,MiddleFin 23 Ltd,Middle Layer,East,FY24Q2,30/09/2023,Retail (Personal/Unsecured),25534.48,6.124,1.837,28.85,2.8
NBFC041,BaseFin 41 Ltd,Base Layer,South,FY23Q4,31/03/2023,  Wholesale/Corporate ,644.71,3.943,1.301,24.8,2.653
NBFC018,MiddleFin 18 Ltd,Middle Layer,East,FY25Q2,30/09/2024,Infrastructure,20186.71,2.631,0.631,27.2,3.31
NBFC060,BaseFin 60 Ltd,Base Layer,West,FY24Q4,31-03-2024,Retail (Personal/Unsecured),3337.5,3.711,1.002,28.28,3.676
NBFC027,MiddleFin 27 Ltd,Middle Layer,North,FY22Q2,30-09-2021,Microfinance,14153.49,12.081,5.074,26.67,1.09
NBFC013,UpperFin 13 Ltd,UL,East,FY24Q4,2024-03-31,Infrastructure,14227.77,1.951%,0.527,27.69,3.081
NBFC026,MiddleFin 26 Ltd,Middle Layer,South,FY22Q2,30-09-2021,Infrastructure,"9,911.08",5.319,2.234,26.78,2.125
NBFC043,BaseFin 43 Ltd,Base Layer,East,FY22Q2,30-09-2021,Retail (Housing),918.17,3.006,1.263,25.62,1.015
NBFC028,MiddleFin 28 Ltd,Middle Layer,East,FY21Q4,2021-03-31,Retail (Vehicle),"26,205.86",5.675,2.554,27.17,1.399
NBFC020,MiddleFin 20 Ltd,Middle Layer,West,FY21Q4,2021-03-31,Retail (Vehicle),27533.43,5.684,2.558,24.47,1.889
NBFC029,MiddleFin 29 Ltd,middle layer,Central,FY25Q4,31-03-2025,Retail (Housing),32837.38,1.51,0.317,27.11,2.84
NBFC010,UpperFin 10 Ltd,Upper Layer,West,FY23Q4,31-03-2023,Retail (Vehicle),21447.12,3.524,1.163,30.21%,3.193
NBFC023,MiddleFin 23 Ltd,Middle  Layer,East,FY25Q2,2024-09-30,Retail (Gold),21717.31,1.038,0.249,27.8,2.684
NBFC001,UpperFin 01 Ltd,Upper Layer,South,FY24Q2,30/09/2023,Retail (Housing),29901.78,1.782,0.535,999,3.631
NBFC012,UpperFin 12 Ltd,upper layer,North,FY23Q4,31-03-2023,Retail (Vehicle),"17,248.05",3.742,1.235,25.04,2.936
NBFC060,BaseFin 60 Ltd,Base Layer,West,FY21Q4,2021-03-31,Infrastructure,234.59,5.205,2.342,25.38,1.527
NBFC041,BaseFin 41 Ltd,Base Layer,South,FY22Q4,31-03-2022,Retail (Gold),-100,1.812,0.707,27.02,1.392
NBFC021,MiddleFin 21 Ltd,Middle Layer,South,FY23Q2,30-09-2022,MFI,11948.43,9.014,3.245,28.05,2.272
NBFC008,UpperFin 08 Ltd,UPPER LAYER,East,FY25Q2,30/09/2024,Wholesale/Corporate,22806.11,3.478,0.835,23.3,3.017
NBFC029,MiddleFin 29 Ltd,Middle Layer,Central,FY23Q2,30-09-2022,Retail (Gold),15718.72,1.545,0.556,28.34,2.181
NBFC018,MiddleFin 18 Ltd,Middle Layer,East,FY24Q2,30/09/2023,Wholesale/Corporate,21191.83,4.02,1.206,26.27,3.125
NBFC040,MiddleFin 40 Ltd,Middle Layer,West,FY24Q4,2024-03-31,  Infrastructure ,9565.53,1.971,0.532,null,3.897
NBFC042,BaseFin 42 Ltd,Base Layer,North,FY22Q2,2021-09-30,Microfinance,3137.74,11.505,4.832,27.6,2.167
NBFC032,MiddleFin 32 Ltd,Middle Layer,North,FY21Q4,2021-03-31,GOLD LOAN,8639.27,1.98,0.891,N/A,1.937
NBFC046,BaseFin 46 Ltd,Base Layer,South,FY22Q2,30-09-2021,Retail (Personal/Unsecured),"2,540.49",10.378,4.359,26.59,1.515
NBFC026,MiddleFin 26 Ltd,ML,South,FY23Q4,31/03/2023,MSME,24413.48,4.426,1.461,26.1,2.475
NBFC055,BaseFin 55 Ltd,Base Layer,West,FY24Q4,31-03-2024,Retail (Vehicle),1960.07,2.367,0.639,28.86,3.307
NBFC023,MiddleFin 23 Ltd,Middle Layer,East,FY24Q4,31-03-2024,Retail (Vehicle),32521.52,2.401,0.648,26.65,3.809
NBFC056,BaseFin 56 Ltd,base layer,South,FY25Q2,30-09-2024,Microfinance,"2,363.51",6.086,1.461,25.89,2.57
NBFC015,UpperFin 15 Ltd,Upper Layer,West,FY23Q4,2023-03-31,  Retail (Vehicle) ,22258.38,3.748,1.237,26.38,3.497
NBFC001,UpperFin 01 Ltd,Upper Layer,South,FY22Q4,2022-03-31,Wholesale/Corporate,12793.8,5.863,2.287,28.7,2.07
  NBFC036 ,MiddleFin 36 Ltd,middle layer,South,FY25Q4,31/03/2025,Retail (Vehicle),23283.8,2.932,0.616,23.32%,3.343
NBFC009,UpperFin 09 Ltd,Upper Layer,Central,FY25Q4,2025-03-31,Retail (Vehicle),39705.83,2.954,0.62,26.33,2.886
NBFC002,UpperFin 02 Ltd,UL,North,FY22Q4,31/03/2022,microfinance,5296.05,11.102,4.33,25.9%,1.822
NBFC058,BaseFin 58 Ltd,BASE LAYER,East,FY23Q2,30-09-2022,Retail (Vehicle),1595.75,4.867,1.752,24.65,1.919
NBFC040,MiddleFin 40 Ltd,Middle Layer,West,FY23Q4,31/03/2023,Retail (Personal/Unsecured),-100,6.069%,2.003,28.63,2.535
NBFC031,MiddleFin 31 Ltd,Middle Layer,South,FY21Q4,2021-03-31,Infrastructure,"9,216.95",5.007,2.253,23.42,1.039
  NBFC039 ,MiddleFin 39 Ltd,Middle Layer,Central,FY24Q2,30/09/2023,Retail (Vehicle),34887.57,3.454,1.036,29.18,3.257
NBFC036,MiddleFin 36 Ltd,Middle Layer,South,FY23Q4,2023-03-31,Retail (Personal/Unsecured),"14,746.66",5.98%,1.973,27.9,3.465
NBFC040,MiddleFin 40 Ltd,Middle Layer,West,FY22Q4,31/03/2022,Microfinance,10099.33,11.064,4.315,NA,1.891
NBFC020,MiddleFin 20 Ltd,ML,West,FY25Q2,30-09-2024,GOLD LOAN,29065.22,1.064,0.255,25.92,2.813
NBFC012,UpperFin 12 Ltd,Upper Layer,North,FY25Q2,30-09-2024,Retail (Housing),24633.83,1.581,0.379,23.37,3.123
NBFC052,BaseFin 52 Ltd,Base Layer,North,FY23Q4,31-03-2023,Retail (Personal/Unsecured),2767.13,6.265,2.067,29.42,2.625
NBFC006,UpperFin 06 Ltd,Upper Layer,South,FY25Q4,31-03-2025,msme,"25,228.29",3.642,0.765,25.76,2.447
NBFC020,MiddleFin 20 Ltd,ML,West,FY25Q2,2024-09-30,Retail (Vehicle),46504.36,3.124,0.75,28.8,3.184
NBFC003,UpperFin 03 Ltd,Upper Layer,East,FY25Q4,31-03-2025,MSME,23430.74,3.395,0.713,26.41%,2.233
  NBFC009 ,UpperFin 09 Ltd,Upper Layer,Central,FY23Q2,30-09-2022,Retail (Housing),29270.06,2.565,0.923,29.07,2.408
NBFC009,UpperFin 09 Ltd,Upper Layer,Central,FY24Q4,31-03-2024,Wholesale/Corporate,20954.7,999,0.69,23.93,3.192
NBFC049,BaseFin 49 Ltd,Base Layer,Central,FY22Q4,31/03/2022,Retail (Housing),965.32,2.955,1.152,29.15,1.936
NBFC055,BaseFin 55 Ltd,Base Layer,West,FY24Q4,31/03/2024,  MSME ,1960.07,2.98,0.805,-,3.585
NBFC025,MiddleFin 25 Ltd,Middle Layer,West,FY25Q4,31-03-2025,MSME,17802.67,3.523,0.74,23.91,3.217
NBFC002,UpperFin 02 Ltd,Upper Layer,North,FY22Q4,31/03/2022,Wholesale/Corporate,15888.14,6.27,2.445,24.51%,1.803
NBFC036,MiddleFin 36 Ltd,Middle Layer,South,FY25Q2,30/09/2024,Retail (Personal/Unsecured),19146.66,5.413,1.299,25.73,3.257
NBFC026,MiddleFin 26 Ltd,Middle  Layer,South,FY23Q2,30-09-2022,M.S.M.E,22603.44,5.985,2.155,28.92,1.884
NBFC030,MiddleFin 30 Ltd,Middle Layer,West,FY23Q2,30-09-2022,Wholesale/Corporate,14116.42,5.022%,1.808,28.95,2.139
NBFC059,BaseFin 59 Ltd,Base Layer,Central,FY22Q2,2021-09-30,Wholesale/Corporate,1028.61,6.374,2.677,-,2.108
NBFC016,MiddleFin 16 Ltd,Middle Layer,South,FY21Q4,2021-03-31,Retail (Gold),12175.61,2.046,0.921,25.76,1.315
NBFC031,MiddleFin 31 Ltd,  Middle Layer ,South,FY24Q4,31-03-2024,Retail (Vehicle),29140.39,N/A,0.625,25.67,3.113
NBFC012,UpperFin 12 Ltd,Upper Layer,North,FY23Q2,2022-09-30,Infrastructure,11178.48,4.21,1.516,25.79,1.751
NBFC060,BaseFin 60 Ltd,Base Layer,West,FY24Q4,31-03-2024,Retail (Vehicle),2595.83,2.353,0.635,29.36,3.624
NBFC034,MiddleFin 34 Ltd,Middle Layer,Central,FY25Q4,2025-03-31,Retail (Gold),"14,381.95",0.942,0.198,23.72,2.508
NBFC034,MiddleFin 34 Ltd,Middle  Layer,Central,FY23Q2,30/09/2022,Infrastructure,7710.53,3.98,N/A,,1.746
NBFC048,BaseFin 48 Ltd,Base Layer,East,FY23Q2,2022-09-30,Retail (Personal/Unsecured),2477.48,7.485,null,29.22,1.996
NBFC023,MiddleFin 23 Ltd,Middle  Layer,East,FY23Q4,31-03-2023,microfinance,20071.88,7.577,2.5,24.97,3.428
NBFC049,BaseFin 49 Ltd,base layer,Central,FY22Q2,2021-09-30,MSME,1603.59,7.769,3.263,29.0,1.11
NBFC035,MiddleFin 35 Ltd,Middle Layer,West,FY25Q4,31-03-2025,Retail (Housing),34663.75,1.52,0.319,24.02,2.806
NBFC009,UpperFin 09 Ltd,Upper Layer,Central,FY22Q4,2022-03-31,  Infrastructure ,17207.59,4.586,1.789,29.41,1.675
NBFC037,MiddleFin 37 Ltd,Middle Layer,North,FY24Q2,2023-09-30,Infrastructure,11404.1,2.924,0.877,27.71%,2.601
NBFC035,MiddleFin 35 Ltd,Middle Layer,West,FY22Q2,2021-09-30,MFI,17461.51,12.037,5.056,28.38,1.899
NBFC010,UpperFin 10 Ltd,Upper Layer,West,FY23Q4,2023-03-31,Infrastructure,15012.98,3.081,1.017,28.05,3.239
NBFC025,MiddleFin 25 Ltd,Middle Layer,West,FY22Q4,31-03-2022,Microfinance,"8,266.36",11.31,14.31,28.17,2.171
NBFC035,MiddleFin 35 Ltd,Middle Layer,West,FY24Q4,31/03/2024,MFI,26133.92,4.843,1.308,24.0,3.162
NBFC025,MiddleFin 25 Ltd,ML,West,FY23Q4,2023-03-31,Retail (Personal/Unsecured),"11,275.22",5.921,1.954,25.57,2.834
NBFC057,BaseFin 57 Ltd,Base Layer,North,FY25Q2,30-09-2024,  MSME ,3349.47,3.973,0.954,28.0,3.515
NBFC042,BaseFin 42 Ltd,Base Layer,North,FY21Q4,2021-03-31,Microfinance,"2,970.72",,5.419,23.61,1.246
NBFC020,MiddleFin 20 Ltd,Middle Layer,West,FY23Q2,30/09/2022,Retail (Vehicle),33161.88,4.521,1.628,29.03,2.344
NBFC059,BaseFin 59 Ltd,Base Layer,Central,FY23Q4,2023-03-31,Retail (Vehicle),2898.04,3.768,1.243,29.31,2.489
NBFC011,UpperFin 11 Ltd,  Upper Layer ,South,FY24Q4,31-03-2024,Retail (Vehicle),"21,622.21",2.238,0.604,28.37,3.066
NBFC017,MiddleFin 17 Ltd,Middle Layer,North,FY23Q2,30/09/2022,Wholesale/Corporate,20817.21,4.983,1.794,28.09,1.601
NBFC035,MiddleFin 35 Ltd,Middle Layer,West,FY25Q2,30-09-2024,Wholesale/Corporate,23269.04,3.37,0.809,27.34,
NBFC060,BaseFin 60 Ltd,base layer,West,FY21Q4,31/03/2021,Retail (Vehicle),"1,642.10",5.868,2.641,26.03,0.913
NBFC053,BaseFin 53 Ltd,BL,East,FY22Q2,30-09-2021,MSME,889.89,7.592,10.591999999999999,28.52,2.044
NBFC049,BaseFin 49 Ltd,Base Layer,Central,FY22Q2,2021-09-30,Retail (Housing),916.34,3.067,1.288,24.77,1.522
NBFC041,BaseFin 41 Ltd,Base Layer,South,FY23Q2,30-09-2022,M.S.M.E,"1,392.80",6.128,2.206,29.95,2.203
NBFC016,MiddleFin 16 Ltd,Middle Layer,South,FY24Q2,2023-09-30,msme,27633.56,4.493,1.348,25.9,3.424
NBFC047,BaseFin 47 Ltd,Base Layer,North,FY22Q4,2022-03-31,Retail (Housing),566.58,2.842,1.108,24.45,1.733
NBFC048,BaseFin 48 Ltd,Base Layer,East,FY22Q4,31/03/2022,Infrastructure,249.32,4.818%,1.879,25.38,2.179
NBFC033,MiddleFin 33 Ltd,Middle Layer,East,FY22Q2,2021-09-30,msme,9996.03,7.216,3.031,25.56,1.696
NBFC041,BaseFin 41 Ltd,Base Layer,South,FY22Q2,2021-09-30,  Wholesale/Corporate ,523.47,6.644,2.79,25.12,1.467
NBFC021,MiddleFin 21 Ltd,Middle  Layer,South,FY23Q2,30-09-2022,MSME,15931.24,5.822,2.096,26.09,1.87
NBFC033,MiddleFin 33 Ltd,middle layer,East,FY23Q4,31/03/2023,Microfinance,9233.53,7.475,2.467,29.87,2.42
NBFC030,MiddleFin 30 Ltd,Middle Layer,West,FY24Q4,2024-03-31,housing,25938.91,1.243,0.336,24.49,3.288
NBFC014,UpperFin 14 Ltd,Upper Layer,Central,FY25Q2,30/09/2024,Retail (Vehicle),27188.74,3.285,0.788,25.22,3.541
NBFC019,MiddleFin 19 Ltd,Middle Layer,Central,FY24Q4,31/03/2024,MSME,32803.31,2.938,0.793,27.67,2.857
NBFC051,BaseFin 51 Ltd,Base Layer,South,FY24Q4,31-03-2024,housing,1172.07,1.176,0.318,27.13,2.974
NBFC025,MiddleFin 25 Ltd,middle layer,West,FY25Q4,31/03/2025,gold,11126.67,0.953%,0.2,25.94,3.194
NBFC024,MiddleFin 24 Ltd,Middle  Layer,Central,FY23Q2,30/09/2022,Microfinance,9085.94,9.402,3.385,30.35,1.936
NBFC056,BaseFin 56 Ltd,  Base Layer ,South,FY25Q2,30-09-2024,Retail (Housing),945.4,1.672,0.401,29.01,2.712
NBFC005,UpperFin 05 Ltd,Upper Layer,West,FY24Q2,2023-09-30,Infrastructure,13532.98,3.055,0.916,27.14,2.928
NBFC024,MiddleFin 24 Ltd,Middle Layer,Central,FY22Q4,31/03/2022,  MSME ,11191.8,7.069,2.757,24.82,1.133
NBFC026,MiddleFin 26 Ltd,Middle Layer,South,FY22Q4,2022-03-31,Retail (Vehicle),20881.69,5.581,2.177,27.59,1.273
NBFC052,BaseFin 52 Ltd,Base Layer,North,FY25Q4,31-03-2025,Retail (Gold),3822.94,0.977,0.205,26.0,2.986
  NBFC033 ,MiddleFin 33 Ltd,ML,East,FY21Q4,31-03-2021,Retail (Vehicle),9463.95,6.161,2.772,25.77,1.743
NBFC025,MiddleFin 25 Ltd,Middle Layer,West,FY24Q2,2023-09-30,Infrastructure,7025.53,3.02%,0.906,28.61,3.13
NBFC020,MiddleFin 20 Ltd,ML,West,FY22Q2,30/09/2021,Retail (Housing),25446.24,3.052,6.052,27.52,1.276
NBFC009,UpperFin 09 Ltd,Upper Layer,Central,FY24Q4,31/03/2024,Retail (Gold),10477.35,0.804,0.217,25.5,3.498
NBFC053,BaseFin 53 Ltd,BASE LAYER,East,FY23Q4,31-03-2023,Retail (Housing),626.29,1.991,0.657,30.08,2.369
NBFC030,MiddleFin 30 Ltd,  Middle Layer ,West,FY25Q4,2025-03-31,Microfinance,25277.21,5.881,1.235,24.56,2.648
NBFC038,MiddleFin 38 Ltd,Middle Layer,East,FY22Q2,2021-09-30,Retail (Housing),8608.79,3.243,1.362,23.35,NA
NBFC020,MiddleFin 20 Ltd,Middle Layer,West,FY25Q4,31/03/2025,Wholesale/Corporate,30927.34,3.066%,0.644,28.01,3.337
NBFC023,MiddleFin 23 Ltd,Middle Layer,East,FY23Q4,31/03/2023,MSME,26762.5,4.412,1.456,29.96,2.54
NBFC006,UpperFin 06 Ltd,Upper Layer,South,FY25Q2,30/09/2024,Wholesale/Corporate,23709.31,3.612,0.867,26.61,3.338
NBFC010,UpperFin 10 Ltd,  Upper Layer ,West,FY22Q2,30/09/2021,msme,10448.2,7.206,3.027,24.1,1.411
NBFC052,BaseFin 52 Ltd,base layer,North,FY23Q2,30/09/2022,gold,2561.97,1.591,0.573,27.31,2.497
NBFC009,UpperFin 09 Ltd,  Upper Layer ,Central,FY23Q4,31-03-2023,Retail (Housing),31613.95,1.888%,0.623,27.47,
NBFC022,MiddleFin 22 Ltd,Middle Layer,North,FY23Q4,2023-03-31,Retail (Vehicle),15881.62,3.694,1.219,24.57,2.878
NBFC040,MiddleFin 40 Ltd,Middle Layer,West,FY25Q2,30-09-2024,Retail (Vehicle),20440.64,3.017,0.724,24.19,2.761
NBFC043,BaseFin 43 Ltd,Base Layer,East,FY24Q4,2024-03-31,Microfinance,3435.48,4.618,1.247,23.96,2.96
NBFC033,MiddleFin 33 Ltd,ML,East,FY21Q4,2021-03-31,msme,9463.95,7.064,3.179,22.73,1.615
NBFC034,MiddleFin 34 Ltd,Middle Layer,Central,FY24Q2,2023-09-30,Retail (Gold),11351.2,1.213,0.364,25.3,3.185
  NBFC027 ,MiddleFin 27 Ltd,Middle Layer,North,FY23Q4,2023-03-31,Retail (Personal/Unsecured),20337.1,6.175,2.038,29.62,2.75
NBFC030,MiddleFin 30 Ltd,Middle Layer,West,FY25Q4,2025-03-31,Infrastructure,16851.47,2.509,0.527,26.45,2.593
NBFC019,MiddleFin 19 Ltd,Middle Layer,Central,FY22Q2,30-09-2021,  Retail (Personal/Unsecured) ,19177.97,10.029,4.212,23.69,1.485
NBFC032,MiddleFin 32 Ltd,Middle Layer,North,FY24Q4,31/03/2024,Retail (Personal/Unsecured),19119.8,4.039,1.091,28.74,3.339
NBFC057,BaseFin 57 Ltd,BASE LAYER,North,FY23Q2,30/09/2022,  Retail (Housing) ,1364.85,2.496,0.899,28.65,2.667
NBFC021,MiddleFin 21 Ltd,Middle  Layer,South,FY24Q4,2024-03-31,Retail (Gold),13068.6,0.74,0.2,24.45,3.535
NBFC011,UpperFin 11 Ltd,Upper Layer,South,FY25Q2,30/09/2024,  Retail (Housing) ,25412.53,1.714,0.411,25.99,2.471
NBFC020,MiddleFin 20 Ltd,Middle  Layer,West,FY23Q4,31-03-2023,Infrastructure,17908.71,3.214,1.061,28.48,2.609
NBFC030,MiddleFin 30 Ltd,Middle Layer,West,FY25Q2,2024-09-30,Microfinance,"23,755.28",6.336,1.521,23.48,2.851
NBFC033,MiddleFin 33 Ltd,Middle Layer,East,FY25Q4,2025-03-31,Retail (Personal/Unsecured),"14,882.74",4.741,0.996,23.38,2.758
NBFC004,UpperFin 04 Ltd,Upper Layer,Central,FY24Q4,31-03-2024,Wholesale/Corporate,11716.03,2.634,0.711,28.25,3.477
NBFC027,MiddleFin 27 Ltd,Middle Layer,North,FY21Q4,2021-03-31,Retail (Vehicle),17866.81,5.799,2.61,null,0.966
NBFC060,BaseFin 60 Ltd,Base Layer,West,FY25Q4,31/03/2025,Infrastructure,421.60,2.567%,0.539,25.09,3.137
  NBFC060 ,BaseFin 60 Ltd,Base Layer,West,FY23Q2,2022-09-30,Retail (Housing),"1,130.16",2.508,0.903,26.82,1.962
NBFC021,MiddleFin 21 Ltd,Middle  Layer,South,FY23Q2,30-09-2022,Infrastructure,7965.62,3.929,1.414,27.96,2.178
NBFC008,UpperFin 08 Ltd,Upper Layer,East,FY22Q4,2022-03-31,Microfinance,5008.03,11.402,4.447,26.86,1.269
NBFC017,MiddleFin 17 Ltd,Middle Layer,North,FY22Q2,30-09-2021,Retail (Vehicle),"29,209.15",5.899,2.478,26.36,1.928
NBFC056,BaseFin 56 Ltd,Base Layer,South,FY22Q4,2022-03-31,Retail (Personal/Unsecured),1401.32,8.676,3.384,N/A,1.4
NBFC015,UpperFin 15 Ltd,Upper Layer,West,FY25Q2,2024-09-30,Retail (Personal/Unsecured),"14,449.84",5.468,1.312,28.88,3.343
NBFC047,BaseFin 47 Ltd,Base Layer,North,FY24Q4,2024-03-31,Infrastructure,201.24,2.059,0.556,28.05,NA
NBFC041,BaseFin 41 Ltd,base layer,South,FY24Q2,2023-09-30,Infrastructure,234.34,2.952,0.886,25.92,2.562
NBFC023,MiddleFin 23 Ltd,ML,East,FY23Q4,31-03-2023,Retail (Vehicle),"26,762.50",3.849,1.27,N/A,2.551
NBFC027,MiddleFin 27 Ltd,Middle Layer,North,FY21Q4,31-03-2021,Retail (Housing),15633.46,3.201,1.44,24.0,1.726
NBFC008,UpperFin 08 Ltd,upper layer,East,FY24Q4,31-03-2024,MSME,21345.0,2.955,0.798,N/A,2.93
NBFC020,MiddleFin 20 Ltd,Middle Layer,West,FY21Q4,31/03/2021,Retail (Housing),24091.75,3.137,1.412,26.06,2.006
NBFC008,UpperFin 08 Ltd,Upper Layer,East,FY25Q4,2025-03-31,Microfinance,"8,089.08",5.895,1.238,28.15,3.149
NBFC019,MiddleFin 19 Ltd,Middle Layer,Central,FY23Q2,30-09-2022,Infrastructure,"12,496.50",4.145,1.492,24.82,1.911
NBFC006,UpperFin 06 Ltd,UPPER LAYER,South,FY24Q2,30/09/2023,Retail (Gold),"9,955.93",1.186,0.356,25.85,2.774
NBFC024,MiddleFin 24 Ltd,Middle Layer,Central,FY22Q4,31/03/2022,Retail (Personal/Unsecured),9792.82,-,3.37,27.33,1.77
NBFC009,UpperFin 09 Ltd,Upper Layer,Central,FY25Q2,30/09/2024,  Retail (Personal/Unsecured) ,18657.58,5.259,,28.51,2.513
NBFC006,UpperFin 06 Ltd,upper layer,South,FY23Q4,2023-03-31,Wholesale/Corporate,18260.79,3.906,1.289,25.11,2.553
NBFC041,BaseFin 41 Ltd,BASE LAYER,South,FY24Q4,31-03-2024,Infrastructure,261.15,2.055,0.555,25.04,3.192
NBFC050,BaseFin 50 Ltd,Base Layer,West,FY23Q4,31/03/2023,Microfinance,3839.34,7.049,2.326,28.46,3.415
NBFC005,UpperFin 05 Ltd,Upper Layer,West,FY24Q2,30-09-2023,housing,21266.1,1.829,0.549,30.45,2.66
NBFC025,MiddleFin 25 Ltd,ML,West,FY23Q2,30/09/2022,Retail (Housing),10439.26,2.597,0.935,25.38,2.342
NBFC052,BaseFin 52 Ltd,Base Layer,North,FY24Q4,2024-03-31,Microfinance,3736.21,4.413,null,23.82,3.438
NBFC022,MiddleFin 22 Ltd,Middle Layer,North,FY23Q4,31/03/2023,housing,13896.41,2.022,null,28.81,3.287
NBFC038,MiddleFin 38 Ltd,Middle Layer,East,FY25Q4,31/03/2025,Retail (Personal/Unsecured),14648.36,999,1.0,24.17,2.596
NBFC015,UpperFin 15 Ltd,Upper Layer,West,FY22Q2,30-09-2021,MSME,10843.42,7.314,null,28.93,1.766
NBFC033,MiddleFin 33 Ltd,Middle  Layer,East,FY24Q4,31-03-2024,Retail (Housing),13090.57,,0.337,24.24,3.29
NBFC002,UpperFin 02 Ltd,Upper Layer,North,FY23Q4,31/03/2023,Retail (Personal/Unsecured),15479.46,6.046,1.995,29.15,2.39
NBFC028,MiddleFin 28 Ltd,Middle Layer,East,FY23Q2,30/09/2022,Retail (Vehicle),31562.93,4.703,1.693,29.96,1.896
NBFC026,MiddleFin 26 Ltd,Middle Layer,South,FY22Q2,30-09-2021,Retail (Vehicle),19822.16,5.947,2.498,28.87,1.566
NBFC048,BaseFin 48 Ltd,Base Layer,East,FY25Q2,30/09/2024,Retail (Vehicle),2649.23,3.049,0.732,27.86,2.689
  NBFC022 ,MiddleFin 22 Ltd,Middle Layer,North,FY24Q2,30-09-2023,Microfinance,"12,988.18",7.021,2.106,29.52,2.889
NBFC017,MiddleFin 17 Ltd,Middle  Layer,North,FY25Q4,2025-03-31,Wholesale/Corporate,31063.19,3.042,0.639,25.54%,3.147
NBFC016,MiddleFin 16 Ltd,Middle Layer,South,FY23Q2,30/09/2022,MSME,23463.32,5.649%,2.034,NA,2.018
NBFC039,MiddleFin 39 Ltd,Middle Layer,Central,FY25Q2,2024-09-30,Wholesale/Corporate,25963.18,3.29,0.79,26.13,2.404
NBFC047,BaseFin 47 Ltd,Base Layer,North,FY22Q4,2022-03-31,Retail (Vehicle),991.51,5.564,2.17,24.06,2.077
  NBFC054 ,BaseFin 54 Ltd,Base Layer,Central,FY24Q4,2024-03-31,Retail (Personal/Unsecured),"2,717.88",3.939,1.064,27.0,2.738
NBFC021,MiddleFin 21 Ltd,Middle Layer,South,FY23Q4,2023-03-31,Wholesale/Corporate,10754.37,4.004,1.321,28.97,2.427
NBFC047,BaseFin 47 Ltd,Base Layer,North,FY25Q2,2024-09-30,Retail (Vehicle),1505.08,999,0.767,23.73,2.414
NBFC010,UpperFin 10 Ltd,UPPER LAYER,West,FY23Q2,2022-09-30,Infrastructure,13899.91,4.235,1.525,29.5,2.393
NBFC024,MiddleFin 24 Ltd,Middle  Layer,Central,FY24Q4,2024-03-31,  Retail (Vehicle) ,15900.4,2.263,0.611,24.66,3.651
NBFC046,BaseFin 46 Ltd,BL,South,FY23Q4,31-03-2023,Wholesale/Corporate,1042.98,4.102,1.354,28.58,3.263
NBFC005,UpperFin 05 Ltd,Upper Layer,West,FY25Q4,31-03-2025,Retail (Gold),7348.4,0.98,0.206,null,2.25
  NBFC028 ,MiddleFin 28 Ltd,Middle Layer,East,FY21Q4,31/03/2021,MSME,26205.86,7.227,3.252,24.9,2.09
NBFC042,BaseFin 42 Ltd,Base Layer,North,FY24Q4,31/03/2024,Retail (Vehicle),3287.28,2.377,0.642,25.99,2.961
NBFC029,MiddleFin 29 Ltd,Middle Layer,Central,FY21Q4,31-03-2021,Retail (Housing),18271.17,3.002,1.351,26.1,0.986
NBFC030,MiddleFin 30 Ltd,Middle Layer,West,FY23Q2,30-09-2022,MSME,22586.27,6.114,2.201,30.24%,2.216
  NBFC020 ,MiddleFin 20 Ltd,Middle Layer,West,FY25Q4,31-03-2025,Infrastructure,"24,741.87",2.569,0.539,28.24,2.68
NBFC015,UpperFin 15 Ltd,  Upper Layer ,West,FY24Q2,30/09/2023,msme,14562.54,4.403,1.321,27.67%,3.221
NBFC054,BaseFin 54 Ltd,  Base Layer ,Central,FY25Q4,2025-03-31,msme,2403.31,3.43%,0.72,23.96,3.095
NBFC060,BaseFin 60 Ltd,BL,West,FY23Q4,31-03-2023,Retail (Housing),1220.66,1.972,0.651,25.38,2.938
NBFC041,BaseFin 41 Ltd,Base Layer,South,FY23Q2,2022-09-30,Retail (Vehicle),1392.8,4.871,1.754,26.55,2.02
NBFC051,BaseFin 51 Ltd,BL,South,FY22Q4,2022-03-31,Retail (Vehicle),1443.72,5.385,2.1,29.15,2.211
NBFC054,BaseFin 54 Ltd,Base Layer,Central,FY24Q4,2024-03-31,Retail (Vehicle),2113.91,2.358,NA,25.28,3.597
NBFC051,BaseFin 51 Ltd,Base Layer,South,FY23Q4,31-03-2023,Microfinance,2411.28,7.7,2.541,29.19%,3.003
NBFC044,BaseFin 44 Ltd,Base Layer,Central,FY25Q4,31/03/2025,Retail (Housing),2084.28,1.496,0.314,23.86,2.426
NBFC032,MiddleFin 32 Ltd,middle layer,North,FY25Q4,31/03/2025,MSME,24842.73,3.395,0.713,27.93,3.28
NBFC007,UpperFin 07 Ltd,UPPER LAYER,North,FY23Q2,2022-09-30,MFI,2073.09,9.392,3.381,29.13,2.102
NBFC045,BaseFin 45 Ltd,base layer,West,FY25Q2,30-09-2024,  Infrastructure ,414.29,2.78,0.667,26.85,2.961
NBFC048,BaseFin 48 Ltd,Base Layer,East,FY25Q2,30-09-2024,Microfinance,3784.61,6.265,1.504,23.58,2.872
NBFC012,UpperFin 12 Ltd,Upper Layer,North,FY23Q4,31-03-2023,Retail (Housing),18972.85,1.881,0.621,28.4,2.592
  NBFC026 ,MiddleFin 26 Ltd,  Middle Layer ,South,FY21Q4,31-03-2021,  MSME ,18767.04,7.015,3.157,27.14,
NBFC009,UpperFin 09 Ltd,Upper Layer,Central,FY22Q4,2022-03-31,Retail (Personal/Unsecured),12291.14,9.139,3.564,26.79,1.661
NBFC042,BaseFin 42 Ltd,Base Layer,North,FY21Q4,2021-03-31,Retail (Personal/Unsecured),2673.64,10.2,4.59,26.92,1.365
  NBFC021 ,MiddleFin 21 Ltd,Middle Layer,South,FY25Q2,2024-09-30,Wholesale/Corporate,13963.17,3.424,0.822,26.68%,3.219
NBFC002,UpperFin 02 Ltd,Upper Layer,North,FY25Q2,30-09-2024,Wholesale/Corporate,24117.72,3.507,0.842,24.08,3.322
NBFC011,UpperFin 11 Ltd,upper layer,South,FY22Q4,31-03-2022,Infrastructure,10653.44,4.482,1.748,27.05%,2.278
NBFC027,MiddleFin 27 Ltd,Middle Layer,North,FY22Q2,30-09-2021,MSME,18871.32,7.223,3.034,23.92,1.887
NBFC021,MiddleFin 21 Ltd,Middle Layer,South,FY25Q4,31/03/2025,Retail (Personal/Unsecured),20800.85,4.703,-,25.11,3.33
NBFC037,MiddleFin 37 Ltd,Middle  Layer,North,FY25Q4,31-03-2025,M.S.M.E,28897.96,3.546%,0.745,26.09,3.275
NBFC013,UpperFin 13 Ltd,Upper Layer,East,FY25Q4,2025-03-31,MSME,13864.82,3.473,0.729,25.98,3.294
NBFC025,MiddleFin 25 Ltd,Middle Layer,West,FY25Q2,2024-09-30,MFI,12548.09,6.481,1.555,23.65,3.55
NBFC029,MiddleFin 29 Ltd,Middle Layer,Central,FY22Q4,2022-03-31,gold,14521.39,1.848,0.721,24.65,2.034
NBFC052,BaseFin 52 Ltd,Base Layer,North,FY22Q4,31/03/2022,Retail (Housing),1051.92,2.828,1.103,26.92,1.155
NBFC059,BaseFin 59 Ltd,Base Layer,Central,FY23Q2,30/09/2022,Retail (Personal/Unsecured),3449.79,7.531,2.711,29.04,1.815
  NBFC043 ,BaseFin 43 Ltd,BL,East,FY24Q4,2024-03-31,MSME,2404.83,2.856,0.771,25.81%,3.788
NBFC042,BaseFin 42 Ltd,base layer,North,FY25Q2,30-09-2024,MFI,"5,017.58",6.1,1.464,23.14,2.856
NBFC003,UpperFin 03 Ltd,Upper Layer,East,FY21Q4,31/03/2021,Retail (Vehicle),21728.64,6.177,2.78,27.84,1.467
NBFC015,UpperFin 15 Ltd,Upper Layer,West,FY24Q2,30/09/2023,Retail (Gold),7281.27,1.231,0.369,28.29,3.603
NBFC020,MiddleFin 20 Ltd,Middle Layer,West,FY25Q4,31/03/2025,MSME,49483.74,3.568,0.749,28.69,2.264
NBFC036,MiddleFin 36 Ltd,Middle Layer,South,FY23Q4,31-03-2023,MSME,"16,853.32",4.392,1.449,30.17,2.877
NBFC044,BaseFin 44 Ltd,Base Layer,Central,FY24Q2,2023-09-30,Wholesale/Corporate,1233.79,3.763,1.129,29.37,N/A
NBFC006,UpperFin 06 Ltd,UPPER LAYER,South,FY23Q2,2022-09-30,  Infrastructure ,19724.74,3.994,1.438,30.07,1.89
NBFC030,MiddleFin 30 Ltd,Middle  Layer,West,FY23Q2,30/09/2022,Microfinance,16939.7,9.203%,3.313,29.64,1.745
NBFC029,MiddleFin 29 Ltd,Middle Layer,Central,FY22Q4,31/03/2022,Retail (Vehicle),"23,234.23",-,2.129,999,1.86
NBFC055,BaseFin 55 Ltd,BASE LAYER,West,FY23Q4,31-03-2023,housing,921.7,1.995,0.658,28.79,2.8
NBFC023,MiddleFin 23 Ltd,Middle Layer,East,FY22Q2,30-09-2021,  Retail (Vehicle) ,21729.41,5.959,2.503,27.9,1.615
  NBFC017 ,MiddleFin 17 Ltd,Middle Layer,North,FY23Q2,30/09/2022,Retail (Personal/Unsecured),29144.1,7.497,2.699,26.44,1.655
NBFC038,MiddleFin 38 Ltd,Middle Layer,East,FY23Q2,30/09/2022,Retail (Housing),9816.7,2.581,0.929,24.99,2.696
NBFC058,BaseFin 58 Ltd,Base Layer,East,FY22Q4,31-03-2022,Retail (Personal/Unsecured),"1,895.39",9.366,3.653,27.46%,2.015
NBFC050,BaseFin 50 Ltd,BASE LAYER,West,FY21Q4,31/03/2021,Wholesale/Corporate,885.41,6.399,2.88,22.98%,1.119
NBFC056,BaseFin 56 Ltd,Base Layer,South,FY24Q2,30/09/2023,  Infrastructure ,198.5,2.893,0.868,30.6,3.126
NBFC013,UpperFin 13 Ltd,  Upper Layer ,East,FY24Q4,2024-03-31,Microfinance,4065.08,4.58,1.237,29.26,3.553
NBFC018,MiddleFin 18 Ltd,Middle Layer,East,FY22Q2,2021-09-30,Retail (Gold),15779.65,2.085,0.876,25.37,2.071
NBFC040,MiddleFin 40 Ltd,Middle Layer,West,FY25Q4,2025-03-31,Retail (Vehicle),21750.2,2.949,0.619,28.08,2.804
NBFC004,UpperFin 04 Ltd,Upper Layer,Central,FY22Q2,30-09-2021,Microfinance,"2,609.37",11.958%,5.022,24.47,1.719
NBFC039,MiddleFin 39 Ltd,Middle  Layer,Central,FY25Q4,2025-03-31,Wholesale/Corporate,27626.55,3.218,0.676,27.68,3.195
NBFC049,BaseFin 49 Ltd,Base Layer,Central,FY24Q2,30/09/2023,Retail (Vehicle),2153.6,3.546,1.064,27.03,3.409
NBFC056,BaseFin 56 Ltd,Base Layer,South,FY24Q2,30-09-2023,Wholesale/Corporate,595.49,3.975%,1.192,29.93,3.264
NBFC051,BaseFin 51 Ltd,Base Layer,South,FY23Q4,31-03-2023,Retail (Gold),2170.15,1.196,0.395,27.7%,2.375
NBFC010,UpperFin 10 Ltd,Upper Layer,West,FY25Q4,2025-03-31,Microfinance,5926.08,6.021,1.264,25.32,3.008
NBFC049,BaseFin 49 Ltd,Base Layer,Central,FY22Q2,30/09/2021,Retail (Personal/Unsecured),2061.76,10.062,4.226,27.59,1.894
NBFC014,UpperFin 14 Ltd,UL,Central,FY24Q2,30/09/2023,Retail (Personal/Unsecured),11417.0,5.932,1.78,24.71,3.414
NBFC051,BaseFin 51 Ltd,Base Layer,South,FY22Q2,2021-09-30,Infrastructure,195.78,5.126,2.153,28.37,2.005
NBFC024,MiddleFin 24 Ltd,Middle Layer,Central,FY23Q4,31-03-2023,Infrastructure,6542.35,3.124%,1.031,28.25,2.697
NBFC015,UpperFin 15 Ltd,Upper Layer,West,FY22Q2,2021-09-30,Wholesale/Corporate,10843.42,null,2.659,27.42,1.316
NBFC031,MiddleFin 31 Ltd,Middle Layer,South,FY25Q2,30/09/2024,MSME,31135.12,3.902%,0.936,26.19,NA
  NBFC060 ,BaseFin 60 Ltd,Base Layer,West,FY25Q4,2025-03-31,Retail (Vehicle),2951.22,2.777,0.583,23.68,2.878
NBFC058,BaseFin 58 Ltd,Base Layer,East,FY21Q4,2021-03-31,Retail (Housing),757.09,3.154,1.419,24.51,1.05
NBFC025,MiddleFin 25 Ltd,Middle Layer,West,FY25Q2,30/09/2024,Infrastructure,8365.39,2.664,0.639,26.63,2.909
NBFC020,MiddleFin 20 Ltd,Middle Layer,West,FY22Q4,31/03/2022,MSME,30635.88,7.017,2.737,28.36,1.782
NBFC049,BaseFin 49 Ltd,Base Layer,Central,FY22Q2,2021-09-30,Infrastructure,229.08,5.079,2.133,25.24,2.168
NBFC039,MiddleFin 39 Ltd,ML,Central,FY22Q2,30/09/2021,Infrastructure,12988.82,5.416,2.275,28.1,1.181
NBFC060,BaseFin 60 Ltd,BL,West,FY24Q4,31-03-2024,Retail (Gold),3337.5,0.748,0.202,28.76,3.403
NBFC043,BaseFin 43 Ltd,Base Layer,East,FY23Q4,31/03/2023,micro finance,2827.11,7.092%,2.34,29.64,2.543
NBFC008,UpperFin 08 Ltd,Upper Layer,East,FY25Q2,30/09/2024,Retail (Personal/Unsecured),19005.1,5.413,1.299,25.87,2.421
NBFC042,BaseFin 42 Ltd,base layer,North,FY25Q4,31/03/2025,Wholesale/Corporate,1601.71,3.23,0.678,23.19,3.106
NBFC052,BaseFin 52 Ltd,Base Layer,North,FY24Q2,30-09-2023,Retail (Vehicle),2346.8,3.556,1.067,30.31,2.76
NBFC060,BaseFin 60 Ltd,Base Layer,West,FY22Q2,30/09/2021,Retail (Gold),2229.97,1.938,0.814,27.13,1.389
NBFC020,MiddleFin 20 Ltd,Middle Layer,West,FY25Q2,2024-09-30,Infrastructure,23252.18,2.748,0.66,27.38,2.56
NBFC022,MiddleFin 22 Ltd,Middle Layer,North,FY22Q2,2021-09-30,Retail (Gold),8059.27,2.076,,23.9,1.726
NBFC032,MiddleFin 32 Ltd,Middle Layer,North,FY22Q2,30/09/2021,msme,14599.98,7.556,3.174,23.61%,1.379
NBFC057,BaseFin 57 Ltd,base layer,North,FY21Q4,31/03/2021,Infrastructure,283.3,250,2.354,22.48,1.12
NBFC048,BaseFin 48 Ltd,Base Layer,East,FY21Q4,2021-03-31,Retail (Personal/Unsecured),2016.65,9.436%,4.246,26.36,1.276
NBFC027,MiddleFin 27 Ltd,Middle Layer,North,FY24Q2,30-09-2023,Microfinance,19007.91,6.695,2.008,26.62,2.731
NBFC047,BaseFin 47 Ltd,BASE LAYER,North,FY24Q4,31-03-2024,  Retail (Vehicle) ,1408.66,2.424,0.654,,3.419
  NBFC030 ,MiddleFin 30 Ltd,ML,West,FY25Q4,31/03/2025,M.S.M.E,33702.94,3.71,0.779,27.92,2.426
NBFC060,BaseFin 60 Ltd,Base Layer,West,FY22Q2,30/09/2021,microfinance,2477.74,N/A,5.112,26.89,1.243
NBFC049,BaseFin 49 Ltd,Base Layer,Central,FY24Q2,30-09-2023,MSME,"2,153.60",4.512,1.354,26.93,2.936
NBFC022,MiddleFin 22 Ltd,Middle Layer,North,FY21Q4,31-03-2021,Retail (Personal/Unsecured),10682.4,10.075,,27.0,1.309
NBFC004,UpperFin 04 Ltd,UL,Central,FY23Q4,2023-03-31,Retail (Vehicle),16068.86,3.726,1.23,25.46%,3.056
NBFC045,BaseFin 45 Ltd,Base Layer,West,FY23Q4,31-03-2023,Wholesale/Corporate,957.26,4.102,1.354,27.13,3.072
NBFC023,MiddleFin 23 Ltd,ML,East,FY22Q2,30-09-2021,Retail (Personal/Unsecured),19013.23,10.119,4.25,28.43,1.864
NBFC004,UpperFin 04 Ltd,Upper Layer,Central,FY24Q2,30/09/2023,Infrastructure,12265.21,2.971,0.891,28.81,2.795
NBFC017,MiddleFin 17 Ltd,Middle Layer,North,FY24Q2,30/09/2023,Retail (Vehicle),39227.44,3.536,1.061,30.43,2.783
NBFC026,MiddleFin 26 Ltd,Middle Layer,South,FY23Q4,2023-03-31,Retail (Vehicle),24413.48,3.652,1.205,27.33,3.271
NBFC017,MiddleFin 17 Ltd,Middle Layer,North,FY22Q4,31/03/2022,Infrastructure,"15,385.22",4.602,1.795,29.52,1.885
NBFC025,MiddleFin 25 Ltd,Middle Layer,West,FY23Q4,31/03/2023,MSME,"12,885.96",4.643,1.532,25.71,3.243
NBFC003,UpperFin 03 Ltd,Upper Layer,East,FY25Q4,31-03-2025,  Retail (Vehicle) ,39051.23,2.741,0.576,27.18,2.293
NBFC038,MiddleFin 38 Ltd,Middle Layer,East,FY23Q4,31/03/2023,Retail (Personal/Unsecured),10602.81,6.239,2.059,26.53,2.923
  NBFC021 ,MiddleFin 21 Ltd,Middle Layer,South,FY22Q2,2021-09-30,Retail (Gold),8731.84,2.03,0.853,28.96,2.13
NBFC022,MiddleFin 22 Ltd,  Middle Layer ,North,FY21Q4,2021-03-31,Retail (Vehicle),12208.45,6.105,2.747,22.62,1.489
NBFC010,UpperFin 10 Ltd,UL,West,FY23Q2,2022-09-30,MSME,11914.21,5.828,2.098,28.13,1.517
NBFC046,BaseFin 46 Ltd,BASE LAYER,South,FY23Q2,30/09/2022,Retail (Vehicle),"2,253.18",4.506,1.622,29.85,1.59
NBFC038,MiddleFin 38 Ltd,ML,East,FY22Q4,31-03-2022,Wholesale/Corporate,6477.82,6.002,2.341,23.79,1.552
NBFC005,UpperFin 05 Ltd,Upper Layer,West,FY25Q2,30/09/2024,Retail (Gold),-100,N/A,0.248,26.25,2.819
NBFC060,BaseFin 60 Ltd,BL,West,FY23Q2,30/09/2022,MSME,1977.78,5.724,2.061,25.86%,2.642
NBFC035,MiddleFin 35 Ltd,Middle Layer,West,FY21Q4,31/03/2021,Retail (Vehicle),22042.72,6.062,2.728,24.1,1.325
NBFC032,MiddleFin 32 Ltd,middle layer,North,FY22Q4,2022-03-31,Wholesale/Corporate,9612.74,5.957%,2.323,24.2,2.139
NBFC009,UpperFin 09 Ltd,Upper Layer,Central,FY24Q2,30-09-2023,Microfinance,6267.7,6.763,2.029,24.87%,2.811
NBFC020,MiddleFin 20 Ltd,Middle Layer,West,FY22Q4,31/03/2022,Infrastructure,"15,317.94",4.668,1.821,27.13,
NBFC041,BaseFin 41 Ltd,BL,South,FY25Q4,31/03/2025,Retail (Gold),2672.12,0.92,0.193,23.56,2.404
NBFC060,BaseFin 60 Ltd,Base Layer,West,FY25Q4,31-03-2025,Wholesale/Corporate,"1,264.81",3.047,0.64,24.33,3.215
NBFC014,UpperFin 14 Ltd,Upper Layer,Central,FY22Q4,31/03/2022,Retail (Gold),"5,373.37",1.886,0.736,25.8,1.915
NBFC024,MiddleFin 24 Ltd,Middle Layer,Central,FY23Q4,2023-03-31,Retail (Vehicle),"13,084.70",3.57,1.178,26.1,3.036
NBFC037,MiddleFin 37 Ltd,Middle  Layer,North,FY24Q4,31/03/2024,Wholesale/Corporate,15886.31,2.579,0.696,27.24,3.125
NBFC054,BaseFin 54 Ltd,Base Layer,Central,FY25Q2,30-09-2024,Retail (Gold),2903.93,1.017,0.244,23.42,3.532
NBFC034,MiddleFin 34 Ltd,Middle Layer,Central,FY25Q4,31/03/2025,housing,20134.74,1.522,0.32,27.41,3.325
NBFC031,MiddleFin 31 Ltd,Middle Layer,South,FY25Q4,31/03/2025,Infrastructure,16564.93,2.516,0.528,24.6,3.247
NBFC060,BaseFin 60 Ltd,BASE LAYER,West,FY23Q2,30-09-2022,Retail (Vehicle),"1,977.78",4.907,1.767,30.36,2.591
NBFC005,UpperFin 05 Ltd,Upper Layer,West,FY21Q4,31/03/2021,Infrastructure,9540.41,4.831,2.174,N/A,1.083
NBFC039,MiddleFin 39 Ltd,ML,Central,FY21Q4,31-03-2021,Retail (Gold),15371.79,1.951,0.878,24.58%,1.544
NBFC001,UpperFin 01 Ltd,upper layer,South,FY21Q4,31/03/2021,Infrastructure,13414.55,5.019,2.259,23.76,1.706
NBFC035,MiddleFin 35 Ltd,Middle Layer,West,FY24Q4,2024-03-31,  Retail (Vehicle) ,34845.23,2.375%,-,28.84%,3.445
NBFC054,BaseFin 54 Ltd,BL,Central,FY24Q2,30/09/2023,Infrastructure,270.98,2.953,0.886,24.81,3.327
NBFC008,UpperFin 08 Ltd,upper layer,East,FY24Q2,2023-09-30,Retail (Vehicle),31922.21,3.498,1.049,30.54%,3.107
NBFC054,BaseFin 54 Ltd,Base Layer,Central,FY24Q2,30-09-2023,MSME,1896.86,4.536%,1.361,27.81,3.099
NBFC038,MiddleFin 38 Ltd,Middle  Layer,East,FY22Q2,2021-09-30,MSME,"9,838.61",7.401,3.108,28.19,1.228
NBFC029,MiddleFin 29 Ltd,Middle Layer,Central,FY22Q4,31/03/2022,Infrastructure,11617.11,4.863,1.897,26.16%,1.51
NBFC007,UpperFin 07 Ltd,Upper Layer,North,FY22Q2,30-09-2021,Infrastructure,6362.99,5.088,2.137,24.11,2.089
NBFC013,UpperFin 13 Ltd,Upper Layer,East,FY22Q2,2021-09-30,Wholesale/Corporate,8148.3,6.769,2.843,27.15,1.459
NBFC025,MiddleFin 25 Ltd,Middle Layer,West,FY25Q4,31/03/2025,  Retail (Housing) ,15577.34,1.451,0.305,24.41,3.326
NBFC024,MiddleFin 24 Ltd,Middle Layer,Central,FY25Q2,2024-09-30,Microfinance,12741.61,6.58,1.579,27.28,2.75
NBFC046,BaseFin 46 Ltd,Base Layer,South,FY25Q4,31-03-2025,Retail (Vehicle),3362.17,2.819,0.592,23.54,3.082
NBFC022,MiddleFin 22 Ltd,Middle  Layer,North,FY25Q4,31-03-2025,Retail (Housing),19198.66,1.517,0.319,28.28,3.136
NBFC051,BaseFin 51 Ltd,Base Layer,South,FY24Q2,30/09/2023,MSME,1840.51,4.381,1.314,28.37,3.672
NBFC054,BaseFin 54 Ltd,BL,Central,FY25Q2,2024-09-30,MSME,2258.61,4.072,0.977,23.86,2.533
NBFC005,UpperFin 05 Ltd,Upper Layer,West,FY25Q2,30-09-2024,  Wholesale/Corporate ,13811.91,3.4,0.816,25.26,3.592
NBFC046,BaseFin 46 Ltd,Base Layer,South,FY25Q2,2024-09-30,MSME,3159.73,3.962,0.951,28.56,2.584
NBFC058,BaseFin 58 Ltd,Base Layer,East,FY24Q2,30/09/2023,MSME,1879.36,4.498,1.349,N/A,2.992
NBFC040,MiddleFin 40 Ltd,Middle Layer,West,FY21Q4,2021-03-31,Microfinance,9076.58,11.481%,5.166,26.86,1.725
NBFC035,MiddleFin 35 Ltd,Middle Layer,West,FY23Q4,31-03-2023,M.S.M.E,28674.72,4.598,1.517,25.75,2.858
NBFC002,UpperFin 02 Ltd,Upper Layer,North,FY24Q2,30-09-2023,Infrastructure,"23,630.66",3.019,0.906,29.13,2.787
NBFC021,MiddleFin 21 Ltd,Middle Layer,South,FY24Q2,2023-09-30,Microfinance,"14,072.08",7.048,2.114,27.63,3.239
NBFC035,MiddleFin 35 Ltd,Middle Layer,West,FY25Q4,2025-03-31,Microfinance,29711.78,5.594%,1.175,28.51,3.19
  NBFC033 ,MiddleFin 33 Ltd,Middle Layer,East,FY25Q4,31-03-2025,Wholesale/Corporate,10630.53,3.087,0.648,28.43,NA
NBFC045,BaseFin 45 Ltd,BL,West,FY23Q2,30/09/2022,Retail (Gold),2658.86,1.58,0.569,28.65,1.51
NBFC023,MiddleFin 23 Ltd,Middle Layer,East,FY24Q2,2023-09-30,MSME,29182.26,4.234,1.27,25.77,3.076
NBFC049,BaseFin 49 Ltd,Base Layer,Central,FY25Q2,2024-09-30,Retail (Personal/Unsecured),3296.98,5.163,1.239,25.96,2.477
NBFC039,MiddleFin 39 Ltd,Middle Layer,Central,FY25Q2,30-09-2024,Microfinance,31155.81,6.243,1.498,25.18%,3.485
NBFC034,MiddleFin 34 Ltd,middle layer,Central,FY21Q4,2021-03-31,Wholesale/Corporate,8002.32,6.442,2.899,23.02,1.901
NBFC009,UpperFin 09 Ltd,UPPER LAYER,Central,FY22Q2,2021-09-30,Microfinance,4666.99,12.588,5.287,27.77,1.766
NBFC032,MiddleFin 32 Ltd,Middle  Layer,North,FY23Q2,30-09-2022,Microfinance,12486.4,,3.539,28.35,1.637
NBFC035,MiddleFin 35 Ltd,middle layer,West,FY23Q2,30-09-2022,Wholesale/Corporate,16592.97,5.365,1.931,25.14,1.628
NBFC021,MiddleFin 21 Ltd,Middle Layer,South,FY25Q2,30-09-2024,MSME,22341.08,3.758,0.902,999,2.978
  NBFC017 ,MiddleFin 17 Ltd,middle layer,North,FY24Q4,2024-03-31,Microfinance,32787.11,4.765,1.287,27.85,3.425
NBFC056,BaseFin 56 Ltd,base layer,South,FY23Q2,2022-09-30,Wholesale/Corporate,505.62,5.312,1.912,26.23,1.638
NBFC016,MiddleFin 16 Ltd,ML,South,FY22Q2,2021-09-30,Wholesale/Corporate,12860.15,NA,2.894,26.83,1.256
NBFC059,BaseFin 59 Ltd,Base Layer,Central,FY23Q4,2023-03-31,Infrastructure,414.01,3.084,1.018,25.84,2.843
NBFC015,UpperFin 15 Ltd,Upper Layer,West,FY22Q2,30/09/2021,Infrastructure,12650.65,5.073,2.131,24.21,2.092
NBFC032,MiddleFin 32 Ltd,Middle Layer,North,FY23Q2,30/09/2022,Retail (Housing),14567.47,2.449,0.882,28.35,2.447
NBFC052,BaseFin 52 Ltd,Base Layer,North,FY22Q2,30-09-2021,Infrastructure,249.64,5.276,2.216,28.15,2.027
NBFC054,BaseFin 54 Ltd,BL,Central,FY25Q4,31-03-2025,Retail (Housing),1373.32,1.495,0.314,26.97,3.281
NBFC042,BaseFin 42 Ltd,Base Layer,North,FY23Q2,30-09-2022,Wholesale/Corporate,1073.4,4.925,1.773,26.28,1.604
NBFC012,UpperFin 12 Ltd,upper layer,North,FY22Q2,30-09-2021,Retail (Gold),4201.29,2.022,0.849,28.16,1.718
NBFC010,UpperFin 10 Ltd,Upper Layer,West,FY23Q4,2023-03-31,Wholesale/Corporate,"12,868.27",4.025,1.328,29.68,2.986
NBFC026,MiddleFin 26 Ltd,Middle  Layer,South,FY23Q4,31-03-2023,gold,15258.43,1.209,0.399,27.3,2.938
NBFC008,UpperFin 08 Ltd,  Upper Layer ,East,FY21Q4,31/03/2021,MSME,13502.62,7.415,3.337,25.88,1.385
NBFC036,MiddleFin 36 Ltd,Middle Layer,South,FY22Q4,2022-03-31,Wholesale/Corporate,"9,009.52",6.15,,28.11,2.11
NBFC014,UpperFin 14 Ltd,UL,Central,FY25Q2,30/09/2024,  MSME ,16313.24,3.855,0.925,-,3.438
NBFC033,MiddleFin 33 Ltd,Middle Layer,East,FY22Q4,31/03/2022,Retail (Housing),9398.33,2.82,1.1,29.14%,1.37
NBFC038,MiddleFin 38 Ltd,Middle  Layer,East,FY22Q4,31-03-2022,Retail (Personal/Unsecured),9068.95,9.062,3.534,29.2,1.243
NBFC042,BaseFin 42 Ltd,Base Layer,North,FY22Q2,30-09-2021,housing,1255.09,3.067,1.288,28.08,1.643
NBFC047,BaseFin 47 Ltd,Base Layer,North,FY23Q4,2023-03-31,Microfinance,1656.01,7.066,2.332,-,3.12
NBFC012,UpperFin 12 Ltd,UL,North,FY22Q4,31-03-2022,Retail (Housing),16228.14,2.844,1.109,28.53,1.736
NBFC055,BaseFin 55 Ltd,Base Layer,West,FY23Q2,30/09/2022,  Infrastructure ,213.34,4.149,1.494,25.88,2.498
NBFC052,BaseFin 52 Ltd,Base Layer,North,FY25Q2,30/09/2024,Microfinance,3991.96,6.111,1.467,26.28,2.673
NBFC052,BaseFin 52 Ltd,Base Layer,North,FY24Q4,31/03/2024,Infrastructure,373.62,1.921,0.519,25.91,3.32
NBFC014,UpperFin 14 Ltd,Upper Layer,Central,FY21Q4,2021-03-31,Retail (Personal/Unsecured),8048.7,10.013,4.506,22.2,1.797
NBFC030,MiddleFin 30 Ltd,Middle Layer,West,FY23Q4,31-03-2023,Retail (Housing),21345.56,2.007,0.662,29.4,3.096
NBFC025,MiddleFin 25 Ltd,Middle Layer,West,FY22Q2,30-09-2021,Retail (Housing),9154.74,3.026,1.271,28.26,1.757
NBFC037,MiddleFin 37 Ltd,  Middle Layer ,North,FY24Q2,30-09-2023,Retail (Gold),"14,255.13",1.223,0.367,24.89,3.448
NBFC028,MiddleFin 28 Ltd,Middle Layer,East,FY25Q4,31-03-2025,Retail (Housing),41210.59,1.453,0.305,23.13,2.501
NBFC024,MiddleFin 24 Ltd,Middle Layer,Central,FY22Q2,2021-09-30,Retail (Housing),9295.94,3.058,1.284,29.06,1.936
NBFC004,UpperFin 04 Ltd,Upper Layer,Central,FY22Q2,2021-09-30,MSME,7828.12,7.411,N/A,28.51,1.155
NBFC033,MiddleFin 33 Ltd,middle layer,East,FY23Q4,2023-03-31,  Retail (Personal/Unsecured) ,10772.45,6.112,2.017,25.83,2.458
NBFC026,MiddleFin 26 Ltd,Middle Layer,South,FY23Q2,30/09/2022,Retail (Vehicle),22603.44,4.581,1.649,25.48,2.531
NBFC012,UpperFin 12 Ltd,UL,North,FY24Q2,2023-09-30,Microfinance,3761.51,7.3,2.19,28.51%,3.186
  NBFC057 ,BaseFin 57 Ltd,Base Layer,North,FY25Q4,2025-03-31,  Microfinance ,5091.52,5.515,1.158,23.88,3.188
NBFC012,UpperFin 12 Ltd,Upper Layer,North,FY23Q2,2022-09-30,micro finance,3193.85,8.983,3.234,27.78%,1.724
NBFC049,BaseFin 49 Ltd,Base Layer,Central,FY22Q2,2021-09-30,Retail (Gold),2061.76,2.055,0.863,24.3,1.667
NBFC052,BaseFin 52 Ltd,Base Layer,North,FY23Q2,30-09-2022,Wholesale/Corporate,853.99,5.344,1.924,26.69,2.587
  NBFC038 ,MiddleFin 38 Ltd,Middle Layer,East,FY23Q2,2022-09-30,Retail (Vehicle),11219.09,4.534,1.632,29.18,2.238
NBFC027,MiddleFin 27 Ltd,Middle Layer,North,FY21Q4,2021-03-31,Retail (Personal/Unsecured),15633.46,9.547,4.296,24.35,1.53
NBFC034,MiddleFin 34 Ltd,middle layer,Central,FY24Q4,31/03/2024,Retail (Personal/Unsecured),17710.13,3.972,1.072,25.96,3.561
NBFC013,UpperFin 13 Ltd,Upper Layer,East,FY22Q4,31-03-2022,MFI,"2,861.28",11.208,4.371,27.77,1.797
NBFC043,BaseFin 43 Ltd,Base Layer,East,FY23Q4,31-03-2023,Retail (Vehicle),1978.98,3.758,1.24,24.88%,3.375
NBFC024,MiddleFin 24 Ltd,Middle Layer,Central,FY23Q4,31/03/2023,Retail (Housing),"11,449.11",1.889,0.623,28.65,3.12
NBFC049,BaseFin 49 Ltd,Base Layer,Central,FY24Q4,31-03-2024,Microfinance,3428.61,4.739%,1.28,27.81,3.535
NBFC027,MiddleFin 27 Ltd,Middle Layer,North,FY23Q2,2022-09-30,MSME,"21,519.19",5.828,2.098,27.83,2.528
NBFC003,UpperFin 03 Ltd,Upper Layer,East,FY24Q4,2024-03-31,Retail (Personal/Unsecured),17174.36,3.847%,1.039,23.79,3.511
NBFC007,UpperFin 07 Ltd,UL,North,FY23Q4,2023-03-31,msme,"6,717.28",4.812,7.812,30.12,3.256
NBFC014,UpperFin 14 Ltd,UPPER LAYER,Central,FY22Q2,30/09/2021,MSME,10201.46,7.819,3.284,23.52%,1.793
NBFC021,MiddleFin 21 Ltd,Middle Layer,South,FY25Q4,31-03-2025,Retail (Gold),14857.75,0.96,0.202,NA,2.939
NBFC028,MiddleFin 28 Ltd,Middle Layer,East,FY25Q4,31/03/2025,Retail (Gold),29436.13,0.941,0.198,27.61%,2.784
  NBFC054 ,BaseFin 54 Ltd,Base Layer,Central,FY25Q4,31-03-2025,Microfinance,3433.31,5.946,1.249,27.51,2.572
NBFC008,UpperFin 08 Ltd,UPPER LAYER,East,FY23Q2,2022-09-30,MSME,16262.86,5.732,2.064,25.38%,1.63
NBFC011,UpperFin 11 Ltd,Upper Layer,South,FY21Q4,31/03/2021,Infrastructure,9574.58,4.85,2.182,23.76,2.03
NBFC021,MiddleFin 21 Ltd,  Middle Layer ,South,FY22Q2,2021-09-30,Infrastructure,"6,985.48",5.216,2.191,26.4,1.972
NBFC035,MiddleFin 35 Ltd,Middle Layer,West,FY25Q2,30/09/2024,Retail (Housing),32576.66,-,,24.97,3.257
NBFC037,MiddleFin 37 Ltd,Middle Layer,North,FY22Q2,30/09/2021,Retail (Personal/Unsecured),14860.32,9.933,4.172,25.66,2.01
NBFC006,UpperFin 06 Ltd,  Upper Layer ,South,FY25Q2,30-09-2024,Infrastructure,27660.86,2.575,0.618,24.98,2.494
NBFC021,MiddleFin 21 Ltd,Middle  Layer,South,FY25Q4,2025-03-31,Retail (Vehicle),"23,772.40",2.771,0.582,28.0,2.333
NBFC029,MiddleFin 29 Ltd,Middle Layer,Central,FY25Q2,30/09/2024,Retail (Personal/Unsecured),30860.26,5.166,1.24,24.61,2.427
NBFC037,MiddleFin 37 Ltd,Middle Layer,North,FY22Q4,31-03-2022,Retail (Housing),15654.64,2.906,1.133,28.83,1.874
NBFC029,MiddleFin 29 Ltd,Middle Layer,Central,FY22Q2,30-09-2021,Microfinance,16541.49,12.379,5.199,24.1,1.997
NBFC035,MiddleFin 35 Ltd,Middle Layer,West,FY24Q4,2024-03-31,MSME,34845.23,2.973,0.803,25.82,3.796
NBFC010,UpperFin 10 Ltd,Upper Layer,West,FY24Q2,30-09-2023,Retail (Vehicle),23386.28,3.663,1.099,29.13,3.673
NBFC026,MiddleFin 26 Ltd,ML,South,FY25Q4,31/03/2025,Retail (Personal/Unsecured),29512.5,4.763,1.0,22.79,2.333
NBFC037,MiddleFin 37 Ltd,middle layer,North,FY25Q4,31-03-2025,Retail (Vehicle),28897.96,2.789,0.586,27.34,2.879
NBFC010,UpperFin 10 Ltd,Upper Layer,West,FY24Q2,30/09/2023,MSME,14031.77,4.324,1.297,25.08,2.652
NBFC024,MiddleFin 24 Ltd,Middle  Layer,Central,FY24Q2,30/09/2023,gold,8917.35,1.166,0.35,27.94,2.585
NBFC053,BaseFin 53 Ltd,Base Layer,East,FY23Q2,30/09/2022,micro finance,1449.65,9.415%,NA,27.12%,1.657
NBFC047,BaseFin 47 Ltd,base layer,North,FY25Q4,31-03-2025,Microfinance,2287.87,5.682,1.193,23.92,2.609
NBFC027,MiddleFin 27 Ltd,Middle  Layer,North,FY23Q4,31/03/2023,Retail (Vehicle),23242.4,3.777,1.246,28.59,N/A
NBFC029,MiddleFin 29 Ltd,ML,Central,FY22Q2,30-09-2021,msme,22055.32,7.403,3.109,28.26,1.767
NBFC035,MiddleFin 35 Ltd,Middle Layer,West,FY24Q2,2023-09-30,Retail (Vehicle),31267.37,3.593,1.078,26.41,3.649
NBFC053,BaseFin 53 Ltd,Base Layer,East,FY21Q4,2021-03-31,Retail (Gold),"1,083.25",1.956,0.88,24.48,1.647
NBFC003,UpperFin 03 Ltd,Upper Layer,East,FY23Q2,2022-09-30,M.S.M.E,0,5.638,2.03,28.92%,2.462
NBFC006,UpperFin 06 Ltd,Upper Layer,South,FY23Q2,2022-09-30,Microfinance,5635.64,9.369,3.373,-,2.33
NBFC019,MiddleFin 19 Ltd,Middle Layer,Central,FY24Q2,2023-09-30,Retail (Housing),0,1.9,,24.7,3.28
NBFC006,UpperFin 06 Ltd,Upper Layer,South,FY22Q4,31/03/2022,MSME,15619.09,6.699,2.613,29.53,1.291
NBFC031,MiddleFin 31 Ltd,Middle Layer,South,FY24Q4,2024-03-31,Retail (Housing),25497.84,1.228,0.332,27.78,3.467
NBFC029,MiddleFin 29 Ltd,Middle  Layer,Central,FY21Q4,31/03/2021,Infrastructure,10440.67,4.879,2.196,27.32,1.137
NBFC050,BaseFin 50 Ltd,Base Layer,West,FY22Q4,31/03/2022,Microfinance,"3,283.92",10.737,4.187,27.4,1.378
NBFC017,MiddleFin 17 Ltd,Middle Layer,North,FY24Q4,2024-03-31,Retail (Personal/Unsecured),"38,251.63",4.015%,1.084,25.22,3.373
NBFC047,BaseFin 47 Ltd,base layer,North,FY22Q2,30/09/2021,Retail (Personal/Unsecured),"1,210.12",10.373,4.357,23.32,1.435
NBFC006,UpperFin 06 Ltd,Upper Layer,South,FY22Q4,2022-03-31,Microfinance,5206.36,10.83,4.224,25.35,1.872
NBFC010,UpperFin 10 Ltd,UL,West,FY23Q4,2023-03-31,Microfinance,4289.42,7.266,2.398,28.67,2.471
NBFC050,BaseFin 50 Ltd,base layer,West,FY23Q2,30-09-2022,Retail (Gold),3199.22,1.538,0.554,26.36,2.198
NBFC019,MiddleFin 19 Ltd,  Middle Layer ,Central,FY25Q4,2025-03-31,Retail (Personal/Unsecured),32632.46,4.855,1.02,26.75%,2.315
NBFC036,MiddleFin 36 Ltd,Middle Layer,South,FY25Q2,30/09/2024,Infrastructure,10940.95,2.589,0.621,25.18,2.73
NBFC055,BaseFin 55 Ltd,BL,West,FY21Q4,2021-03-31,Microfinance,1771.32,12.26,5.517,27.45,1.001
NBFC045,BaseFin 45 Ltd,Base Layer,West,FY22Q4,2022-03-31,Microfinance,"2,729.26",11.035,4.304,28.49,2.184
NBFC056,BaseFin 56 Ltd,Base Layer,South,FY24Q4,31/03/2024,Wholesale/Corporate,663.63,2.567,0.693,24.25,3.414
NBFC023,MiddleFin 23 Ltd,Middle Layer,East,FY23Q2,2022-09-30,  Wholesale/Corporate ,15486.44,4.925,1.773,26.92,2.577
NBFC006,UpperFin 06 Ltd,upper layer,South,FY23Q2,2022-09-30,Retail (Vehicle),28178.2,4.6,1.656,28.65,1.559
NBFC027,MiddleFin 27 Ltd,Middle Layer,North,FY23Q2,2022-09-30,Retail (Vehicle),21519.19,4.532,1.632,27.55,1.799
NBFC006,UpperFin 06 Ltd,Upper Layer,South,FY22Q4,31/03/2022,Retail (Personal/Unsecured),13015.91,9.295,3.625,23.74,1.638
NBFC040,MiddleFin 40 Ltd,Middle Layer,West,FY22Q4,31-03-2022,Infrastructure,"6,732.88",4.623,1.803,26.37,1.518
NBFC026,MiddleFin 26 Ltd,Middle Layer,South,FY24Q4,2024-03-31,Retail (Vehicle),29667.02,2.202,0.595,29.4,3.707
NBFC048,BaseFin 48 Ltd,base layer,East,FY23Q2,30-09-2022,Wholesale/Corporate,809.63,5.312,1.912,25.18,2.46
NBFC012,UpperFin 12 Ltd,  Upper Layer ,North,FY22Q4,2022-03-31,M.S.M.E,8851.71,6.789,2.648,24.62,1.375
NBFC003,UpperFin 03 Ltd,Upper Layer,East,FY22Q4,31/03/2022,Wholesale/Corporate,14506.2,5.96,2.324,25.7%,1.475
NBFC050,BaseFin 50 Ltd,Base Layer,West,FY23Q2,30-09-2022,Microfinance,"3,554.69",9.627,3.466,24.46,2.311
NBFC060,BaseFin 60 Ltd,Base Layer,West,FY21Q4,2021-03-31,Retail (Personal/Unsecured),2111.27,9.556,4.3,22.05,1.884
NBFC055,BaseFin 55 Ltd,Base Layer,West,FY23Q4,31/03/2023,Retail (Vehicle),1612.98,3.839,1.267,28.24,3.272
NBFC046,BaseFin 46 Ltd,Base Layer,South,FY23Q4,31-03-2023,GOLD LOAN,3128.93,1.261,null,26.76,3.229
NBFC044,BaseFin 44 Ltd,Base Layer,Central,FY25Q2,2024-09-30,  Wholesale/Corporate ,1469.09,3.48,0.835,28.24,2.739
NBFC034,MiddleFin 34 Ltd,Middle Layer,Central,FY24Q4,2024-03-31,gold,12650.1,0.803,0.217,NA,3.472
NBFC017,MiddleFin 17 Ltd,Middle Layer,North,FY25Q2,2024-09-30,retail (housing),40870.05,1.684,0.404,27.53,3.366
NBFC014,UpperFin 14 Ltd,Upper Layer,Central,FY23Q2,2022-09-30,Retail (Gold),5816.42,1.506,0.542,26.51,2.277
NBFC042,BaseFin 42 Ltd,base layer,North,FY21Q4,31/03/2021,Wholesale/Corporate,891.21,6.261%,2.817,25.16,1.353
NBFC021,MiddleFin 21 Ltd,Middle Layer,South,FY24Q4,31/03/2024,Retail (Personal/Unsecured),18296.03,4.007,1.082,26.62,3.233
NBFC028,MiddleFin 28 Ltd,ML,East,FY24Q2,2023-09-30,Retail (Housing),32526.16,1.932,0.58,29.67,NA
NBFC038,MiddleFin 38 Ltd,Middle Layer,East,FY25Q2,30/09/2024,Infrastructure,7866.51,2.643,0.634,25.61,3.073
NBFC012,UpperFin 12 Ltd,Upper Layer,North,FY21Q4,31-03-2021,Retail (Vehicle),13258.85,5.925,2.666,24.68,1.672
NBFC050,BaseFin 50 Ltd,Base Layer,West,FY22Q2,2021-09-30,Retail (Gold),2805.56,1.931,0.811,29.03,1.876
NBFC050,BaseFin 50 Ltd,BASE LAYER,West,FY23Q2,30/09/2022,housing,1421.87,2.573,0.926,27.97,2.18
NBFC008,UpperFin 08 Ltd,Upper Layer,East,FY22Q2,30-09-2021,Wholesale/Corporate,14261.76,6.331,2.659,26.22,1.264
NBFC036,MiddleFin 36 Ltd,Middle Layer,South,FY22Q4,31/03/2022,Retail (Housing),12613.33,2.918,1.138,25.93,1.362
NBFC016,MiddleFin 16 Ltd,Middle Layer,South,FY24Q4,31-03-2024,Retail (Vehicle),30795.61,2.264,0.611,25.21,3.008
NBFC046,BaseFin 46 Ltd,Base Layer,South,FY24Q2,30-09-2023,Retail (Vehicle),2653.65,3.461,1.038,27.63,2.582
NBFC010,UpperFin 10 Ltd,Upper Layer,West,FY21Q4,31/03/2021,Retail (Vehicle),16816.48,5.819,2.619,24.28,1.59
NBFC056,BaseFin 56 Ltd,BL,South,FY23Q2,30-09-2022,Retail (Vehicle),1179.78,4.671,1.682,26.03,2.514
NBFC052,BaseFin 52 Ltd,Base Layer,North,FY25Q4,31-03-2025,Infrastructure,424.77,2.38,0.5,24.73,3.164
NBFC016,MiddleFin 16 Ltd,middle layer,South,FY23Q4,2023-03-31,Retail (Personal/Unsecured),22174.45,6.186,2.041,29.07%,3.405
NBFC056,BaseFin 56 Ltd,Base Layer,South,FY22Q2,2021-09-30,Infrastructure,147.8,5.111,2.147,27.11%,2.038
  NBFC044 ,BaseFin 44 Ltd,Base Layer,Central,FY23Q4,2023-03-31,MSME,2640.13,4.599,1.518,29.93,3.478
NBFC040,MiddleFin 40 Ltd,Middle Layer,West,FY21Q4,31-03-2021,Wholesale/Corporate,7563.82,6.745,3.035,23.41,1.871
NBFC005,UpperFin 05 Ltd,Upper Layer,West,FY22Q2,2021-09-30,Wholesale/Corporate,8637.25,6.421,2.697,23.53,1.336
NBFC011,UpperFin 11 Ltd,Upper Layer,South,FY25Q4,2025-03-31,Infrastructure,"17,207.67",2.385,0.501,24.56,2.915
NBFC050,BaseFin 50 Ltd,Base Layer,West,FY22Q2,30-09-2021,Infrastructure,311.73,4.943,NA,28.86,1.053
  NBFC010 ,UpperFin 10 Ltd,Upper Layer,West,FY22Q2,30-09-2021,Retail (Personal/Unsecured),8706.83,10.348,4.346,24.95%,NA
NBFC044,BaseFin 44 Ltd,Base Layer,Central,FY22Q2,2021-09-30,Retail (Housing),1224.92,3.073,1.291,25.02,1.303
NBFC046,BaseFin 46 Ltd,Base Layer,South,FY24Q4,31/03/2024,Infrastructure,422.47,1.948,0.526,25.53%,2.728
  NBFC042 ,BaseFin 42 Ltd,Base Layer,North,FY22Q4,2022-03-31,Retail (Gold),2974.91,1.891,0.737,29.45,1.556
NBFC025,MiddleFin 25 Ltd,ML,West,FY24Q4,31/03/2024,Infrastructure,7829.45,1.891%,0.511,28.08,3.767
NBFC050,BaseFin 50 Ltd,Base Layer,West,FY25Q4,31/03/2025,Retail (Vehicle),3712.98,2.939,0.617,24.86,2.598
NBFC047,BaseFin 47 Ltd,Base Layer,North,FY25Q4,31-03-2025,Wholesale/Corporate,686.36,3.313,0.696,25.6,2.694
NBFC018,MiddleFin 18 Ltd,Middle Layer,East,FY21Q4,31/03/2021,GOLD LOAN,14939.71,2.058,0.926,22.48,1.279
NBFC021,MiddleFin 21 Ltd,middle layer,South,FY21Q4,31/03/2021,Retail (Personal/Unsecured),11573.88,9.992%,4.496,27.58,1.565
NBFC019,MiddleFin 19 Ltd,Middle Layer,Central,FY25Q2,30/09/2024,Wholesale/Corporate,-100,3.473,0.834,27.42,2.435
NBFC023,MiddleFin 23 Ltd,middle layer,East,FY23Q2,30/09/2022,gold,15486.44,1.523,0.548,28.65%,2.073
NBFC046,BaseFin 46 Ltd,Base Layer,South,FY25Q2,30/09/2024,  Infrastructure ,451.39,2.746,0.659,26.59,2.887
NBFC036,MiddleFin 36 Ltd,Middle Layer,South,FY22Q4,31-03-2022,MSME,14415.23,6.554,2.556,null,2.184
NBFC012,UpperFin 12 Ltd,Upper Layer,North,FY22Q2,2021-09-30,Retail (Housing),15404.72,3.015,1.266,24.05,1.046
NBFC044,BaseFin 44 Ltd,Base Layer,Central,FY23Q2,30-09-2022,Wholesale/Corporate,"1,047.60",5.304,1.909,29.67%,2.25
NBFC011,UpperFin 11 Ltd,upper layer,South,FY22Q4,31-03-2022,MSME,9131.52,7.023,2.739,27.48%,1.642
NBFC001,UpperFin 01 Ltd,Upper Layer,South,FY22Q4,31-03-2022,Retail (Vehicle),21323.0,5.547,2.163,28.77,1.3
NBFC060,BaseFin 60 Ltd,BL,West,FY24Q2,30/09/2023,  Wholesale/Corporate ,998.27,3.874,1.162,29.69,3.098
NBFC039,MiddleFin 39 Ltd,ML,Central,FY23Q2,30-09-2022,Infrastructure,14811.3,3.993%,1.437,24.5,2.486
NBFC030,MiddleFin 30 Ltd,Middle Layer,West,FY25Q2,30/09/2024,Retail (Personal/Unsecured),27714.49,5.111,1.227,28.58,3.496
NBFC050,BaseFin 50 Ltd,Base Layer,West,FY25Q4,31-03-2025,Retail (Housing),2121.7,1.468,0.308,24.81,2.352
NBFC059,BaseFin 59 Ltd,Base Layer,Central,FY25Q2,30-09-2024,Infrastructure,537.53,2.629,0.631,26.55,3.483
NBFC009,UpperFin 09 Ltd,Upper Layer,Central,FY23Q2,30-09-2022,Retail (Vehicle),26609.14,4.866,1.752,28.98,2.398
NBFC037,MiddleFin 37 Ltd,Middle Layer,North,FY25Q2,30-09-2024,Retail (Gold),16973.77,1.095,0.263,23.9,2.863
NBFC008,UpperFin 08 Ltd,UPPER LAYER,East,FY25Q4,2025-03-31,Wholesale/Corporate,24267.23,3.289,0.691,N/A,3.034
NBFC011,UpperFin 11 Ltd,Upper Layer,South,FY22Q4,31/03/2022,Retail (Personal/Unsecured),7609.6,9.348,3.646,24.94,1.856
NBFC017,MiddleFin 17 Ltd,Middle Layer,North,FY24Q4,2024-03-31,gold,27322.59,0.743,0.201,26.42,2.703
NBFC013,UpperFin 13 Ltd,Upper Layer,East,FY22Q4,31-03-2022,Retail (Personal/Unsecured),"7,153.21",9.058,3.533,23.97,1.734
NBFC036,MiddleFin 36 Ltd,Middle Layer,South,FY24Q2,30/09/2023,Retail (Housing),"16,079.99",1.801%,0.54,24.78,3.692
NBFC052,BaseFin 52 Ltd,Base Layer,North,FY24Q4,31-03-2024,Retail (Gold),3362.58,0.791,0.214,27.11,3.771
NBFC042,BaseFin 42 Ltd,Base Layer,North,FY25Q2,2024-09-30,Retail (Gold),4515.82,1.045,0.251,26.26,3.078
NBFC002,UpperFin 02 Ltd,Upper Layer,North,FY22Q2,30/09/2021,Infrastructure,17595.64,5.005,2.102,23.11,1.072
NBFC022,MiddleFin 22 Ltd,ML,North,FY22Q2,30/09/2021,Wholesale/Corporate,8059.27,6.458,2.712,28.36%,1.369
NBFC019,MiddleFin 19 Ltd,Middle Layer,Central,FY23Q4,2023-03-31,  Retail (Vehicle) ,26994.39,3.526,1.164,27.22,3.004
NBFC011,UpperFin 11 Ltd,Upper Layer,South,FY24Q4,2024-03-31,Microfinance,4324.44,4.837,1.306,24.89,3.839
NBFC010,UpperFin 10 Ltd,Upper Layer,West,FY25Q4,31-03-2025,MSME,17778.23,3.649,0.766,25.72,3.349
NBFC018,MiddleFin 18 Ltd,Middle  Layer,East,FY21Q4,31-03-2021,housing,20915.6,3.039,1.368,25.88,1.604
NBFC019,MiddleFin 19 Ltd,Middle Layer,Central,FY25Q4,31-03-2025,Retail (Gold),23308.9,0.957,0.201,25.43,2.226
NBFC008,UpperFin 08 Ltd,Upper Layer,East,FY23Q4,31/03/2023,Retail (Vehicle),29275.26,3.595,1.186,26.69,3.253
NBFC018,MiddleFin 18 Ltd,Middle  Layer,East,FY23Q2,30/09/2022,MSME,28789.96,5.828,2.098,28.6,2.299
NBFC028,MiddleFin 28 Ltd,Middle Layer,East,FY22Q2,2021-09-30,Retail (Housing),24219.31,3.072,1.29,23.59,1.684
NBFC018,MiddleFin 18 Ltd,Middle Layer,East,FY22Q4,31-03-2022,Retail (Housing),23272.35,2.969%,1.158,29.32,1.229
NBFC060,BaseFin 60 Ltd,Base Layer,West,FY25Q2,30-09-2024,MSME,2773.52,4.01,0.962,23.69,2.801
NBFC054,BaseFin 54 Ltd,Base Layer,Central,FY25Q4,2025-03-31,Infrastructure,343.33,-5,0.508,28.52,3.003
NBFC007,UpperFin 07 Ltd,Upper Layer,North,FY24Q2,2023-09-30,msme,"7,324.63",4.396,N/A,25.83,2.804
NBFC013,UpperFin 13 Ltd,Upper Layer,East,FY24Q2,30/09/2023,Retail (Vehicle),"18,238.41",3.5,1.05,28.41,3.676
NBFC055,BaseFin 55 Ltd,Base Layer,West,FY22Q4,2022-03-31,Retail (Vehicle),1379.64,5.242,NA,24.88,1.455
NBFC021,MiddleFin 21 Ltd,Middle Layer,South,FY23Q4,31-03-2023,Retail (Personal/Unsecured),15056.11,6.058,1.999,27.26%,3.297
NBFC039,MiddleFin 39 Ltd,Middle Layer,Central,FY22Q4,2022-03-31,Retail (Gold),17103.87,1.889,0.737,26.26,2.194
NBFC057,BaseFin 57 Ltd,  Base Layer ,North,FY23Q4,31/03/2023,Wholesale/Corporate,1105.61,3.908,1.29,28.53,2.741
NBFC056,BaseFin 56 Ltd,Base Layer,South,FY23Q4,31-03-2023,MSME,"1,274.25",4.456,1.47,29.06,2.553
NBFC017,MiddleFin 17 Ltd,Middle  Layer,North,FY21Q4,31/03/2021,Wholesale/Corporate,17283.98,6.592,2.966,22.4,1.175
NBFC027,MiddleFin 27 Ltd,middle layer,North,FY22Q4,2022-03-31,Retail (Housing),17395.03,2.976,1.161,25.39,1.366
NBFC031,MiddleFin 31 Ltd,Middle  Layer,South,FY25Q2,30-09-2024,Retail (Vehicle),31135.12,3.167,0.76,28.98,3.175
NBFC022,MiddleFin 22 Ltd,Middle Layer,North,FY24Q2,30-09-2023,Infrastructure,8658.78,3.058,0.917,26.08,3.209
NBFC027,MiddleFin 27 Ltd,Middle Layer,North,FY23Q4,31/03/2023,Wholesale/Corporate,14526.5,3.917,1.293,27.85,3.421
NBFC008,UpperFin 08 Ltd,UL,East,FY23Q2,2022-09-30,Wholesale/Corporate,16262.86,5.36,1.93,26.87,1.974
NBFC051,BaseFin 51 Ltd,BASE LAYER,South,FY22Q4,31/03/2022,Retail (Gold),1856.21,1.883,0.734,29.56,1.93
NBFC028,MiddleFin 28 Ltd,Middle  Layer,East,FY25Q4,31-03-2025,Wholesale/Corporate,29436.13,3.165,0.665,23.87,2.702
NBFC001,UpperFin 01 Ltd,Upper Layer,South,FY25Q2,2024-09-30,Wholesale/Corporate,19420.61,3.592,0.862,27.6,3.063
NBFC047,BaseFin 47 Ltd,BL,North,FY25Q2,2024-09-30,retail (housing),860.05,1.726,0.414,-,2.443
NBFC019,MiddleFin 19 Ltd,Middle Layer,Central,FY21Q4,31-03-2021,Microfinance,15563.27,12.246,5.511,27.16,1.864
NBFC038,MiddleFin 38 Ltd,Middle Layer,East,FY21Q4,31/03/2021,Wholesale/Corporate,5821.82,6.487,2.919,22.84,1.968
NBFC048,BaseFin 48 Ltd,Base Layer,East,FY24Q4,2024-03-31,Infrastructure,354.21,1.946,0.525,25.58,3.551
NBFC008,UpperFin 08 Ltd,Upper Layer,East,FY22Q4,31-03-2022,housing,27544.15,2.914%,1.136,24.53,-
NBFC001,UpperFin 01 Ltd,Upper Layer,South,FY23Q4,31/03/2023,Microfinance,4985.88,7.65,2.524,29.53,2.71
NBFC012,UpperFin 12 Ltd,Upper Layer,North,FY22Q4,31/03/2022,microfinance,2950.57,10.692,4.17,24.39,2.261
NBFC003,UpperFin 03 Ltd,Upper Layer,East,FY25Q2,30/09/2024,Infrastructure,25689.99,2.804,0.673,23.19,NA
NBFC002,UpperFin 02 Ltd,Upper Layer,North,FY24Q2,2023-09-30,M.S.M.E,20254.85,4.284%,1.285,29.55,3.596
NBFC030,MiddleFin 30 Ltd,Middle Layer,West,FY24Q2,2023-09-30,  MSME ,26600.62,4.186,1.256,27.03,3.187
NBFC052,BaseFin 52 Ltd,Base Layer,North,FY25Q4,2025-03-31,Retail (Vehicle),2973.4,2.835,0.595,28.1,2.388
NBFC059,BaseFin 59 Ltd,Base Layer,Central,FY23Q2,2022-09-30,Retail (Vehicle),2683.17,4.598,1.655,30.07,2.332
NBFC053,BaseFin 53 Ltd,Base Layer,East,FY25Q4,2025-03-31,Infrastructure,216.32,-,0.497,23.22,3.18
NBFC025,MiddleFin 25 Ltd,Middle Layer,West,FY21Q4,31/03/2021,Infrastructure,4952.82,5.109,2.299,26.24,1.454
NBFC019,MiddleFin 19 Ltd,Middle Layer,Central,FY25Q4,2025-03-31,Wholesale/Corporate,23308.9,3.046,0.64,23.26,3.214
NBFC042,BaseFin 42 Ltd,Base Layer,North,FY23Q2,2022-09-30,Retail (Vehicle),"2,504.60",4.62,1.663,26.91,2.11
NBFC060,BaseFin 60 Ltd,Base Layer,West,FY24Q2,2023-09-30,Retail (Personal/Unsecured),"2,994.81",6.047,1.814,24.98,2.629
NBFC041,BaseFin 41 Ltd,Base Layer,South,FY23Q4,2023-03-31,Retail (Vehicle),1504.33,3.882,1.281,26.92,2.786
NBFC051,BaseFin 51 Ltd,Base Layer,South,FY21Q4,2021-03-31,Microfinance,1853.59,12.213,5.496,25.87,1.843
NBFC059,BaseFin 59 Ltd,Base Layer,Central,FY25Q4,2025-03-31,MSME,4003.8,3.682,0.773,27.75%,3.024
NBFC010,UpperFin 10 Ltd,Upper Layer,West,FY22Q4,31-03-2022,Wholesale/Corporate,11226.81,5.749,2.242,27.91,1.775
NBFC001,UpperFin 01 Ltd,Upper Layer,South,FY22Q2,30/09/2021,Retail (Personal/Unsecured),"10,120.53",10.329,4.338,24.11%,2.062
NBFC028,MiddleFin 28 Ltd,Middle Layer,East,FY22Q4,2022-03-31,Infrastructure,14579.36,4.677,1.824,25.42,2.222
NBFC048,BaseFin 48 Ltd,BL,East,FY22Q4,2022-03-31,Retail (Personal/Unsecured),"2,243.89",8.722,3.402,26.56,1.994
NBFC041,BaseFin 41 Ltd,Base Layer,South,FY22Q4,2022-03-31,Retail (Vehicle),1286.71,5.372,2.095,27.65,1.811
NBFC009,UpperFin 09 Ltd,Upper Layer,Central,FY22Q4,2022-03-31,Wholesale/Corporate,14749.36,6.038,2.355,28.98,1.21
NBFC041,BaseFin 41 Ltd,Base Layer,South,FY25Q2,30-09-2024,Retail (Vehicle),1953.18,3.128,0.751,24.74,2.663
NBFC039,MiddleFin 39 Ltd,Middle Layer,Central,FY22Q2,2021-09-30,Wholesale/Corporate,"16,236.02",6.414,2.694,999,1.451
  NBFC040 ,MiddleFin 40 Ltd,Middle Layer,West,FY22Q2,30/09/2021,Wholesale/Corporate,7989.07,6.308,2.649,25.65,1.287
NBFC005,UpperFin 05 Ltd,Upper Layer,West,FY24Q2,2023-09-30,Retail (Vehicle),19332.82,3.42,1.026,28.49,
NBFC050,BaseFin 50 Ltd,Base Layer,West,FY24Q2,2023-09-30,Infrastructure,418.65,2.885,0.865,25.03,3.385
NBFC031,MiddleFin 31 Ltd,Middle Layer,South,FY22Q4,31-03-2022,Retail (Housing),17947.14,2.815,1.098,27.45,
NBFC053,BaseFin 53 Ltd,Base Layer,East,FY21Q4,31-03-2021,  Infrastructure ,120.36,5.034,2.265,27.35,1.612
NBFC056,BaseFin 56 Ltd,Base Layer,South,FY23Q4,2023-03-31,Retail (Gold),1638.33,1.219,0.402,27.02,3.299
NBFC004,UpperFin 04 Ltd,Upper Layer,Central,FY23Q4,2023-03-31,Wholesale/Corporate,9641.31,,1.376,26.87,2.563
NBFC024,MiddleFin 24 Ltd,Middle Layer,Central,FY24Q4,31-03-2024,MSME,15900.4,2.731,0.737,25.26%,3.821
NBFC009,UpperFin 09 Ltd,Upper Layer,Central,FY25Q2,2024-09-30,MSME,22389.1,3.903,0.937,26.02,2.651
NBFC056,BaseFin 56 Ltd,Base Layer,South,FY23Q2,2022-09-30,Retail (Personal/Unsecured),"1,516.86",7.858,2.829,26.08,1.636
NBFC015,UpperFin 15 Ltd,Upper Layer,West,FY24Q4,2024-03-31,Retail (Personal/Unsecured),13794.56,3.668,0.99,24.51,3.845
NBFC016,MiddleFin 16 Ltd,Middle Layer,South,FY23Q2,2022-09-30,  Retail (Gold) ,"14,664.58",1.624,0.585,28.7,2.566
NBFC005,UpperFin 05 Ltd,Upper Layer,West,FY23Q2,30-09-2022,Wholesale/Corporate,9849.16,4.958,1.785,28.55,2.25
NBFC024,MiddleFin 24 Ltd,Middle Layer,Central,FY24Q2,30-09-2023,Wholesale/Corporate,8917.35,4.03,1.209,30.28,3.183
NBFC011,UpperFin 11 Ltd,Upper Layer,South,FY24Q4,2024-03-31,  Retail (Housing) ,"23,784.43",1.188,0.321,28.27,3.038
NBFC002,UpperFin 02 Ltd,Upper Layer,North,FY23Q4,31-03-2023,Retail (Vehicle),30958.91,3.612,1.192,24.75,2.545
NBFC039,MiddleFin 39 Ltd,Middle Layer,Central,FY24Q2,30-09-2023,Infrastructure,17443.78,3.057,-,26.25,2.779
NBFC043,BaseFin 43 Ltd,  Base Layer ,East,FY25Q4,31-03-2025,microfinance,3905.81,5.763,1.21,28.11,2.763
NBFC012,UpperFin 12 Ltd,  Upper Layer ,North,FY23Q2,2022-09-30,Retail (Housing),17566.19,2.429,0.874,29.98%,1.905
NBFC053,BaseFin 53 Ltd,BASE LAYER,East,FY22Q2,2021-09-30,Infrastructure,127.13,4.944%,2.076,26.87,1.692
NBFC052,BaseFin 52 Ltd,Base Layer,North,FY24Q2,30/09/2023,retail (housing),"1,341.03",1.787,0.536,25.86,3.278
NBFC026,MiddleFin 26 Ltd,middle layer,South,FY22Q2,30/09/2021,MSME,19822.16,7.331,3.079,28.92,1.414
NBFC014,UpperFin 14 Ltd,Upper Layer,Central,FY23Q2,30-09-2022,Wholesale/Corporate,11632.84,5.088,1.832,27.43,2.247
NBFC011,UpperFin 11 Ltd,upper layer,South,FY24Q2,2023-09-30,Retail (Housing),21342.28,1.878,0.563,25.59,2.894
NBFC020,MiddleFin 20 Ltd,Middle Layer,West,FY21Q4,31/03/2021,Wholesale/Corporate,17208.39,6.649,2.992,24.02,1.35
NBFC005,UpperFin 05 Ltd,UL,West,FY22Q4,31/03/2022,Wholesale/Corporate,"9,098.93",6.136,2.393,26.93,1.328
NBFC035,MiddleFin 35 Ltd,Middle Layer,West,FY25Q4,31-03-2025,gold,24759.82,0.937,0.197,25.0,3.21
NBFC010,UpperFin 10 Ltd,Upper Layer,West,FY25Q2,30/09/2024,Retail (Vehicle),27846.35,3.296%,0.791,27.79,3.207
NBFC011,UpperFin 11 Ltd,Upper Layer,South,FY22Q2,30-09-2021,Retail (Vehicle),14446.98,5.862,2.462,28.25%,1.597
NBFC042,BaseFin 42 Ltd,Base Layer,North,FY23Q4,31-03-2023,Retail (Gold),"3,478.06",1.2,0.396,27.74,3.414
NBFC024,MiddleFin 24 Ltd,Middle Layer,Central,FY24Q4,31-03-2024,Wholesale/Corporate,"9,937.75",2.639,0.713,29.01,3.576
NBFC055,BaseFin 55 Ltd,Base Layer,West,FY25Q4,2025-03-31,MSME,2228.42,3.744,0.786,25.66,2.929
NBFC018,MiddleFin 18 Ltd,Middle Layer,East,FY25Q2,2024-09-30,Microfinance,30280.06,6.493,1.558,28.99,2.816
NBFC037,MiddleFin 37 Ltd,Middle Layer,North,FY24Q2,30-09-2023,Retail (Housing),19957.18,1.751,0.525,30.25,3.215
NBFC015,UpperFin 15 Ltd,upper layer,West,FY21Q4,31-03-2021,Retail (Vehicle),17110.38,5.993,2.697,23.49,1.453
NBFC031,MiddleFin 31 Ltd,Middle Layer,South,FY25Q4,31-03-2025,Retail (Housing),28988.62,1.475,0.31,25.26,3.052
NBFC024,MiddleFin 24 Ltd,Middle Layer,Central,FY25Q2,2024-09-30,Microfinance,12741.61,6.58,1.579,27.28,2.75
NBFC003,UpperFin 03 Ltd,Upper Layer,East,FY25Q2,30/09/2024,Retail (Personal/Unsecured),18349.99,5.378,1.291,24.95,3.408
NBFC040,MiddleFin 40 Ltd,middle layer,West,FY24Q4,2024-03-31,  Retail (Housing) ,"16,739.68",1.209,0.326,27.98,3.052
NBFC001,UpperFin 01 Ltd,UL,South,FY23Q2,2022-09-30,Infrastructure,16156.79,4.153,1.495,30.21,2.102
  NBFC005 ,UpperFin 05 Ltd,Upper Layer,West,FY23Q4,31/03/2023,Retail (Vehicle),17729.77,3.752,1.238,27.61,3.152
NBFC019,MiddleFin 19 Ltd,ML,Central,FY24Q4,2024-03-31,Microfinance,24602.48,4.504,-,999,3.202
  NBFC056 ,BaseFin 56 Ltd,Base Layer,South,FY22Q2,2021-09-30,  Retail (Gold) ,1330.22,2.098,0.881,28.71%,1.229
NBFC024,MiddleFin 24 Ltd,Middle Layer,Central,FY23Q2,30/09/2022,Retail (Vehicle),12114.59,4.597,1.655,26.04,2.066
NBFC039,MiddleFin 39 Ltd,ML,Central,FY21Q4,31-03-2021,Infrastructure,12297.43,4.884,null,23.59,1.339
NBFC057,BaseFin 57 Ltd,BL,North,FY24Q2,2023-09-30,MSME,"2,813.00",4.319,1.296,25.83%,3.42
NBFC044,BaseFin 44 Ltd,Base Layer,Central,FY25Q4,31-03-2025,Retail (Personal/Unsecured),4689.63,4.791,1.006,24.92,3.313
NBFC010,UpperFin 10 Ltd,  Upper Layer ,West,FY24Q4,31-03-2024,Retail (Personal/Unsecured),13031.16,3.813,1.03,27.4%,3.332
NBFC045,BaseFin 45 Ltd,BL,West,FY22Q4,2022-03-31,Wholesale/Corporate,818.78,6.12,2.387,28.82,1.544
NBFC022,MiddleFin 22 Ltd,Middle Layer,North,FY25Q2,2024-09-30,Retail (Personal/Unsecured),18042.72,null,1.276,27.32,2.551
NBFC038,MiddleFin 38 Ltd,ML,East,FY25Q2,2024-09-30,MSME,"15,733.02",3.874,0.93,28.92,2.797
NBFC028,MiddleFin 28 Ltd,Middle Layer,East,FY23Q2,2022-09-30,Wholesale/Corporate,19726.83,4.975,1.791,29.4,1.681
NBFC060,BaseFin 60 Ltd,Base Layer,West,FY25Q2,2024-09-30,Retail (Gold),3565.96,1.003,0.241,27.85,3.326
NBFC042,BaseFin 42 Ltd,Base Layer,North,FY22Q2,30/09/2021,Wholesale/Corporate,941.32,6.415,2.694,24.53,1.237
NBFC039,MiddleFin 39 Ltd,Middle Layer,Central,FY25Q4,31-03-2025,Retail (Housing),38677.18,1.439,0.302,23.29,2.557
NBFC044,BaseFin 44 Ltd,base layer,Central,FY23Q4,2023-03-31,Retail (Gold),3394.45,1.224,0.404,26.81,3.08
NBFC005,UpperFin 05 Ltd,Upper Layer,West,FY23Q2,30/09/2022,Retail (Housing),18056.79,2.463,0.887,27.16,null
NBFC042,BaseFin 42 Ltd,Base Layer,North,FY23Q2,2022-09-30,MSME,2504.6,5.978,2.152,25.01,2.052
NBFC025,MiddleFin 25 Ltd,Middle Layer,West,FY22Q2,30/09/2021,Wholesale/Corporate,"6,539.10",6.373,2.677,24.86,1.423
NBFC049,BaseFin 49 Ltd,Base Layer,Central,FY25Q4,2025-03-31,Retail (Gold),3508.2,0.952,0.2,27.03,3.046
NBFC017,MiddleFin 17 Ltd,Middle Layer,North,FY22Q4,31/03/2022,MSME,30770.44,7.061,2.754,25.54,2.113
  NBFC011 ,UpperFin 11 Ltd,Upper Layer,South,FY21Q4,2021-03-31,Retail (Vehicle),13677.98,6.057,2.726,23.69,1.545
NBFC004,UpperFin 04 Ltd,Upper Layer,Central,FY23Q4,2023-03-31,Infrastructure,11248.2,3.078,1.016,28.14,3.328
NBFC054,BaseFin 54 Ltd,Base Layer,Central,FY22Q2,30-09-2021,Retail (Housing),807.1,3.174,1.333,23.71,1.113
NBFC006,UpperFin 06 Ltd,UPPER LAYER,South,FY25Q4,2025-03-31,Microfinance,8409.43,5.854,1.229,26.66,2.731
  NBFC037 ,MiddleFin 37 Ltd,Middle Layer,North,FY25Q4,31-03-2025,Retail (Housing),25285.72,1.507,0.316,26.1,2.673
NBFC055,BaseFin 55 Ltd,BL,West,FY25Q4,31/03/2025,Microfinance,3183.45,5.899,1.239,23.21,2.53
NBFC051,BaseFin 51 Ltd,Base Layer,South,FY24Q2,30/09/2023,Retail (Vehicle),1840.51,3.423,1.027,29.78,2.941
NBFC035,MiddleFin 35 Ltd,Middle Layer,West,FY22Q4,2022-03-31,Wholesale/Corporate,"15,329.05",6.198,2.417,25.55,2.084
  NBFC042 ,BaseFin 42 Ltd,Base Layer,North,FY21Q4,31-03-2021,Retail (Housing),1188.29,3.178,1.43,27.74,1.007
NBFC028,MiddleFin 28 Ltd,Middle Layer,East,FY24Q4,31/03/2024,Infrastructure,20713.17,1.932,0.522,28.93,2.786
NBFC031,MiddleFin 31 Ltd,Middle Layer,South,FY21Q4,31-03-2021,Retail (Gold),11521.19,2.022,0.91,22.7,1.044
NBFC009,UpperFin 09 Ltd,Upper Layer,Central,FY25Q4,31-03-2025,Retail (Gold),"11,911.75",0.931,0.196,23.35,3.103
NBFC056,BaseFin 56 Ltd,Base Layer,South,FY25Q4,31/03/2025,MSME,"1,760.45",3.42,0.718,22.77,2.276
NBFC021,MiddleFin 21 Ltd,Middle Layer,South,FY22Q2,30/09/2021,Retail (Housing),12224.58,3.241%,1.361,28.06,1.505
NBFC028,MiddleFin 28 Ltd,Middle Layer,East,FY22Q2,30-09-2021,Retail (Vehicle),27679.21,5.766,2.422,26.01,2.017
NBFC043,BaseFin 43 Ltd,Base Layer,East,FY23Q4,31/03/2023,Retail (Housing),1130.84,1.979,0.653,28.78,3.113
NBFC012,UpperFin 12 Ltd,Upper Layer,North,FY21Q4,31/03/2021,Infrastructure,9466.82,5.134,2.31,22.42,1.645
NBFC053,BaseFin 53 Ltd,base layer,East,FY24Q2,30-09-2023,GOLD LOAN,1536.57,1.15,0.345,26.49,2.693
NBFC059,BaseFin 59 Ltd,BL,Central,FY25Q2,2024-09-30,Retail (Vehicle),3762.73,3.016,0.724,25.45,2.839
NBFC035,MiddleFin 35 Ltd,Middle Layer,West,FY22Q2,30-09-2021,Retail (Housing),20371.76,3.132,1.315,24.87,1.622
NBFC055,BaseFin 55 Ltd,BL,West,FY21Q4,31/03/2021,Retail (Personal/Unsecured),1594.19,9.435,4.246,23.17,1.879
NBFC016,MiddleFin 16 Ltd,Middle  Layer,South,FY23Q2,2022-09-30,Retail (Personal/Unsecured),20530.41,8.008,2.883,28.43,1.898
NBFC002,UpperFin 02 Ltd,Upper Layer,North,FY23Q4,2023-03-31,Infrastructure,"21,671.24",3.26,1.076,29.02,3.078
  NBFC029 ,MiddleFin 29 Ltd,  Middle Layer ,Central,FY24Q4,31/03/2024,Wholesale/Corporate,20630.81,2.465,0.666,24.14%,3.264
NBFC023,MiddleFin 23 Ltd,ML,East,FY25Q4,2025-03-31,Retail (Gold),23108.67,0.991,0.208,NA,2.661
NBFC017,MiddleFin 17 Ltd,Middle Layer,North,FY25Q2,2024-09-30,M.S.M.E,46708.62,3.797,0.911,23.57,2.451
NBFC018,MiddleFin 18 Ltd,Middle Layer,East,FY24Q4,31/03/2024,  Infrastructure ,18893.41,2.063,0.557,28.24,2.979
NBFC035,MiddleFin 35 Ltd,  Middle Layer ,West,FY23Q2,30-09-2022,Retail (Vehicle),0,4.928,1.774,28.37,1.916
NBFC009,UpperFin 09 Ltd,Upper Layer,Central,FY22Q2,30-09-2021,Wholesale/Corporate,14000.98,6.73,2.827,28.9,1.936
NBFC033,MiddleFin 33 Ltd,Middle Layer,East,FY25Q2,30-09-2024,Retail (Vehicle),15984.75,3.147,0.755,28.6%,3.346
NBFC032,MiddleFin 32 Ltd,middle layer,North,FY24Q2,30-09-2023,Retail (Vehicle),19607.55,3.409,1.023,29.24,3.494
NBFC053,BaseFin 53 Ltd,Base Layer,East,FY23Q2,2022-09-30,Retail (Vehicle),1014.76,4.837,1.741,29.92%,1.769
NBFC016,MiddleFin 16 Ltd,Middle Layer,South,FY22Q2,30-09-2021,retail (housing),18004.21,3.089,1.297,25.49,1.769
NBFC026,MiddleFin 26 Ltd,Middle Layer,South,FY25Q2,30-09-2024,Retail (Personal/Unsecured),27735.57,5.049,1.212,28.19,3.134
NBFC006,UpperFin 06 Ltd,Upper Layer,South,FY23Q4,2023-03-31,Microfinance,6086.93,7.482,2.469,25.67,2.732
NBFC007,UpperFin 07 Ltd,UPPER LAYER,North,FY22Q4,31-03-2022,MSME,5745.52,6.732,2.625,26.96%,1.388
NBFC022,MiddleFin 22 Ltd,Middle Layer,North,FY24Q4,31-03-2024,Wholesale/Corporate,12061.99,2.477,0.669,27.8,2.9
NBFC037,MiddleFin 37 Ltd,Middle Layer,North,FY25Q4,31/03/2025,Retail (Personal/Unsecured),25285.72,4.709,0.989,26.13,2.706
NBFC059,BaseFin 59 Ltd,Base Layer,Central,FY22Q4,2022-03-31,Retail (Personal/Unsecured),3187.01,9.317,3.634,28.73%,1.228
NBFC012,UpperFin 12 Ltd,Upper Layer,North,FY23Q4,31-03-2023,Microfinance,3449.61,7.234,2.387,29.38,3.485
NBFC056,BaseFin 56 Ltd,Base Layer,South,FY24Q4,2024-03-31,Retail (Gold),1990.88,0.809,0.218,29.23,2.718
NBFC054,BaseFin 54 Ltd,Base Layer,Central,FY22Q4,31-03-2022,Retail (Gold),1913.03,1.753,0.684,25.11,1.778
NBFC042,BaseFin 42 Ltd,Base Layer,North,FY22Q4,31-03-2022,Wholesale/Corporate,991.64,6.211,2.422,25.14,1.156
NBFC059,BaseFin 59 Ltd,Base Layer,Central,FY21Q4,2021-03-31,Retail (Gold),2864.27,1.913,0.861,23.78,N/A
NBFC008,UpperFin 08 Ltd,Upper Layer,East,FY23Q2,30-09-2022,Retail (Personal/Unsecured),13552.38,7.5,2.7,24.95,1.602
NBFC022,MiddleFin 22 Ltd,Middle Layer,North,FY21Q4,31/03/2021,Infrastructure,6104.23,4.897,2.204,24.12,1.432
NBFC027,MiddleFin 27 Ltd,Middle  Layer,North,FY22Q4,31/03/2022,Wholesale/Corporate,12425.02,5.683,2.216,25.59,1.205
NBFC035,MiddleFin 35 Ltd,Middle Layer,West,FY21Q4,2021-03-31,MSME,22042.72,7.005,3.152,27.23,1.225
NBFC014,UpperFin 14 Ltd,Upper Layer,Central,FY22Q4,31-03-2022,MSME,10746.75,6.551,2.555,25.33,2.076
NBFC014,UpperFin 14 Ltd,Upper Layer,Central,FY23Q2,30-09-2022,Microfinance,3877.61,9.401,3.384,28.42,1.936
NBFC024,MiddleFin 24 Ltd,Middle Layer,Central,FY24Q4,31/03/2024,Retail (Housing),13912.85,1.271,0.343,25.83,2.811
NBFC009,UpperFin 09 Ltd,Upper Layer,Central,FY22Q4,2022-03-31,  Retail (Vehicle) ,24582.27,5.224,2.037,23.77,1.889
NBFC004,UpperFin 04 Ltd,Upper Layer,Central,FY23Q2,30-09-2022,Retail (Housing),16365.24,2.368,0.852,29.46,2.516
NBFC047,BaseFin 47 Ltd,Base Layer,North,FY24Q2,30-09-2023,Retail (Gold),1625.17,1.125,0.337,29.92,2.586
NBFC058,BaseFin 58 Ltd,Base Layer,East,FY22Q2,30/09/2021,Microfinance,"1,999.13",12.517,5.257,26.91,1.405
NBFC055,BaseFin 55 Ltd,Base Layer,West,FY24Q2,30-09-2023,Retail (Gold),"2,261.34",1.173,0.352,26.05,3.344
NBFC057,BaseFin 57 Ltd,BL,North,FY25Q4,31-03-2025,Retail (Vehicle),"3,564.06",2.812,0.591,26.85,2.41
NBFC004,UpperFin 04 Ltd,Upper Layer,Central,FY23Q2,30/09/2022,Retail (Gold),4463.25,1.554,0.559,27.23,2.502
NBFC046,BaseFin 46 Ltd,Base Layer,South,FY22Q4,31/03/2022,Retail (Personal/Unsecured),2676.28,9.207,3.591,27.72,1.714
NBFC035,MiddleFin 35 Ltd,Middle Layer,West,FY24Q2,30/09/2023,  Retail (Personal/Unsecured) ,27358.95,5.844,1.753,26.3,2.585
NBFC055,BaseFin 55 Ltd,Base Layer,West,FY22Q4,31/03/2022,Wholesale/Corporate,591.27,6.108,2.382,27.38,1.218
NBFC001,UpperFin 01 Ltd,UL,South,FY22Q2,2021-09-30,Retail (Vehicle),20241.07,6.291,2.642,28.67,1.615
NBFC002,UpperFin 02 Ltd,Upper Layer,North,FY23Q2,30/09/2022,Retail (Housing),"31,529.95",2.359,0.849,25.36,1.688
NBFC008,UpperFin 08 Ltd,Upper Layer,East,FY23Q4,2023-03-31,Microfinance,5855.05,7.063,2.331,25.98,2.657
NBFC054,BaseFin 54 Ltd,Base Layer,Central,FY22Q2,2021-09-30,Retail (Gold),1815.97,1.988,0.835,24.48,1.116
NBFC007,UpperFin 07 Ltd,Upper Layer,North,FY25Q4,31/03/2025,Infrastructure,10827.01,2.442%,0.513,23.56,2.313
NBFC035,MiddleFin 35 Ltd,Middle Layer,West,FY23Q2,30/09/2022,Retail (Housing),"23,230.15",2.505,0.902,26.17,1.982
NBFC024,MiddleFin 24 Ltd,Middle  Layer,Central,FY25Q2,2024-09-30,Retail (Vehicle),16988.82,-,0.783,24.18,3.36
NBFC027,MiddleFin 27 Ltd,Middle Layer,North,FY25Q4,31/03/2025,retail (housing),28096.83,1.438,0.302,23.87,2.504
NBFC027,MiddleFin 27 Ltd,Middle Layer,North,FY24Q2,30/09/2023,Retail (Personal/Unsecured),"22,175.90",5.726,1.718,28.43,2.872
NBFC057,BaseFin 57 Ltd,Base Layer,North,FY23Q2,30/09/2022,Wholesale/Corporate,1023.63,5.05,1.818,29.8,2.523
NBFC053,BaseFin 53 Ltd,BASE LAYER,East,FY24Q4,31-03-2024,Retail (Housing),761.07,-5,0.335,27.17,2.889
  NBFC058 ,BaseFin 58 Ltd,Base Layer,East,FY25Q2,30-09-2024,Infrastructure,319.68,2.6,0.624,27.34,2.68
NBFC049,BaseFin 49 Ltd,Base Layer,Central,FY21Q4,31/03/2021,Microfinance,2168.9,11.89,5.35,25.69,2.05
NBFC019,MiddleFin 19 Ltd,Middle Layer,Central,FY23Q4,31-03-2023,Infrastructure,13497.19,3.156,1.041,25.38,2.399
NBFC017,MiddleFin 17 Ltd,Middle Layer,North,FY25Q4,31-03-2025,gold,31063.19,0.997,0.209,26.6,2.546
NBFC018,MiddleFin 18 Ltd,Middle Layer,East,FY25Q4,2025-03-31,Infrastructure,21480.01,2.382,0.5,26.64,2.579
NBFC011,UpperFin 11 Ltd,UPPER LAYER,South,FY25Q4,31/03/2025,Microfinance,4916.48,5.639,1.184,24.48,2.844
NBFC032,MiddleFin 32 Ltd,Middle Layer,North,FY23Q4,2023-03-31,Microfinance,13486.29,-,2.394,25.51,2.723
NBFC017,MiddleFin 17 Ltd,  Middle Layer ,North,FY25Q2,2024-09-30,Wholesale/Corporate,29192.89,3.392,0.814,23.82,3.586
NBFC023,MiddleFin 23 Ltd,Middle Layer,East,FY25Q4,31/03/2025,Retail (Personal/Unsecured),32352.14,4.778,1.003,24.07,2.867
NBFC053,BaseFin 53 Ltd,BASE LAYER,East,FY24Q2,30/09/2023,MSME,1195.11,4.288,1.286,NA,3.052
NBFC051,BaseFin 51 Ltd,Base Layer,South,FY22Q2,30/09/2021,Retail (Vehicle),1370.46,6.038,2.536,28.1,1.261
  NBFC059 ,BaseFin 59 Ltd,BL,Central,FY22Q4,31/03/2022,Retail (Vehicle),2478.79,5.29,NA,N/A,2.132
NBFC023,MiddleFin 23 Ltd,Middle Layer,East,FY25Q2,30-09-2024,  Infrastructure ,17373.85,2.766,0.664,25.32,3.465
NBFC045,BaseFin 45 Ltd,Base Layer,West,FY25Q4,2025-03-31,Microfinance,4408.36,5.693,1.196,26.4,2.943
NBFC040,MiddleFin 40 Ltd,Middle Layer,West,FY24Q4,2024-03-31,Retail (Vehicle),19131.07,2.393,0.646,29.13,3.157
NBFC027,MiddleFin 27 Ltd,middle layer,North,FY25Q2,2024-09-30,Infrastructure,15088.65,2.69,0.646,26.17,3.151
NBFC042,BaseFin 42 Ltd,Base Layer,North,FY24Q4,31/03/2024,Infrastructure,469.61,2.064,0.557,26.87,3.778
NBFC007,UpperFin 07 Ltd,Upper Layer,North,FY21Q4,2021-03-31,Retail (Gold),2581.84,2.023,0.91,27.32,1.83
NBFC056,BaseFin 56 Ltd,base layer,South,FY23Q2,2022-09-30,Wholesale/Corporate,505.62,5.312,1.912,26.23,1.638
NBFC033,MiddleFin 33 Ltd,Middle Layer,East,FY23Q2,30-09-2022,Infrastructure,5699.3,3.853%,1.387,-,2.243
NBFC057,BaseFin 57 Ltd,Base Layer,North,FY24Q4,31/03/2024,Retail (Gold),"4,030.56",0.768,,26.33,3.582
NBFC042,BaseFin 42 Ltd,Base Layer,North,FY25Q2,2024-09-30,Wholesale/Corporate,"1,505.27",3.416,0.82,25.12,2.734
NBFC017,MiddleFin 17 Ltd,Middle Layer,North,FY21Q4,2021-03-31,MSME,27654.37,7.388,3.325,23.55,1.628
  NBFC019 ,MiddleFin 19 Ltd,ML,Central,FY22Q4,31-03-2022,Retail (Housing),"20,203.08",2.953%,1.152,25.45,1.741
NBFC028,MiddleFin 28 Ltd,Middle Layer,East,FY22Q2,30/09/2021,Wholesale/Corporate,17299.51,6.302%,2.647,25.35,1.051
NBFC001,UpperFin 01 Ltd,UPPER LAYER,South,FY22Q2,30/09/2021,Retail (Gold),6072.32,2.036%,0.855,28.57%,2.102
NBFC005,UpperFin 05 Ltd,Upper Layer,West,FY25Q2,30-09-2024,Retail (Housing),25321.83,1.68,0.403,27.66,2.642
NBFC024,MiddleFin 24 Ltd,Middle Layer,Central,FY22Q4,31-03-2022,housing,9792.82,2.983,1.163,28.19,1.463
NBFC028,MiddleFin 28 Ltd,ML,East,FY25Q2,30-09-2024,Retail (Housing),"38,729.32",1.701,0.408,25.0,2.602
NBFC015,UpperFin 15 Ltd,Upper Layer,West,FY23Q4,31-03-2023,  Infrastructure ,15580.87,3.262,1.076,27.83,2.47
NBFC042,BaseFin 42 Ltd,Base Layer,North,FY23Q4,2023-03-31,Retail (Personal/Unsecured),"3,478.06",6.169,2.036,26.73,3.022
NBFC010,UpperFin 10 Ltd,Upper Layer,West,FY25Q4,31-03-2025,Retail (Housing),"32,593.42",1.466,0.308,N/A,3.046
NBFC009,UpperFin 09 Ltd,Upper Layer,Central,FY21Q4,2021-03-31,Retail (Gold),6627.86,1.912,0.86,23.9,1.986
NBFC002,UpperFin 02 Ltd,Upper Layer,North,FY24Q4,2024-03-31,Infrastructure,26334.67,-,0.545,26.81,3.239
NBFC048,BaseFin 48 Ltd,Base Layer,East,FY24Q2,30/09/2023,MSME,2224.91,4.446,1.334,28.02,3.584
NBFC050,BaseFin 50 Ltd,Base Layer,West,FY23Q4,31/03/2023,Retail (Housing),1535.74,1.982,0.654,29.88,2.392
NBFC057,BaseFin 57 Ltd,Base Layer,North,FY24Q2,2023-09-30,Retail (Housing),"1,607.43",1.831,0.549,27.28,2.74
NBFC005,UpperFin 05 Ltd,Upper Layer,West,FY22Q4,2022-03-31,micro finance,3032.98,10.925,4.261,25.11,1.566
NBFC028,MiddleFin 28 Ltd,Middle Layer,East,FY24Q4,2024-03-31,Wholesale/Corporate,25891.47,2.632,0.711,25.67,3.651
NBFC054,BaseFin 54 Ltd,Base Layer,Central,FY22Q2,30-09-2021,Retail (Personal/Unsecured),1815.97,10.063,4.226,28.23,1.858
NBFC004,UpperFin 04 Ltd,Upper Layer,Central,FY21Q4,31/03/2021,Wholesale/Corporate,7411.43,6.72,3.024,24.1,1.664
NBFC004,UpperFin 04 Ltd,Upper Layer,Central,FY25Q4,2025-03-31,Retail (Personal/Unsecured),"11,100.00",4.757,0.999,23.03,3.184
NBFC009,UpperFin 09 Ltd,upper layer,Central,FY24Q2,30-09-2023,retail (housing),"34,472.35",1.867,0.56,25.56,2.6
NBFC007,UpperFin 07 Ltd,Upper Layer,North,FY24Q4,31-03-2024,Retail (Housing),14965.08,1.165,0.315,28.9,2.996
NBFC036,MiddleFin 36 Ltd,Middle Layer,South,FY24Q2,30-09-2023,Retail (Vehicle),18377.13,3.46,1.038,25.53,3.119
NBFC050,BaseFin 50 Ltd,Base Layer,West,FY22Q2,30-09-2021,housing,"1,246.92",3.163,1.328,23.52,1.399
NBFC002,UpperFin 02 Ltd,Upper Layer,North,FY21Q4,2021-03-31,Retail (Gold),7139.58,2.005,0.902,22.72,1.347
NBFC009,UpperFin 09 Ltd,Upper Layer,Central,FY21Q4,31/03/2021,Retail (Vehicle),22092.86,6.047,2.721,27.57,1.924
NBFC042,BaseFin 42 Ltd,Base Layer,North,FY24Q4,31/03/2024,M.S.M.E,3287.28,2.779,0.75,27.68%,3.793
NBFC015,UpperFin 15 Ltd,upper layer,West,FY25Q2,30/09/2024,MSME,0,3.824,0.918,25.95,2.434
NBFC038,MiddleFin 38 Ltd,Middle Layer,East,FY22Q2,2021-09-30,Retail (Vehicle),"9,838.61",6.155,2.585,25.17,1.717
NBFC010,UpperFin 10 Ltd,UPPER LAYER,West,FY21Q4,31-03-2021,msme,9892.05,7.333,3.3,26.15,1.733
NBFC002,UpperFin 02 Ltd,UPPER LAYER,North,FY22Q2,30-09-2021,Retail (Personal/Unsecured),12568.31,10.2,4.284,27.29,2.053
NBFC042,BaseFin 42 Ltd,BASE LAYER,North,FY24Q2,30-09-2023,Infrastructure,421.39,2.894,0.868,25.33,2.581
NBFC049,BaseFin 49 Ltd,Base Layer,Central,FY23Q4,31/03/2023,Retail (Gold),2539.31,1.189,0.392,24.68,2.315
NBFC023,MiddleFin 23 Ltd,Middle Layer,East,FY24Q2,30/09/2023,Microfinance,"21,886.69",-5,2.109,30.2,3.655
NBFC025,MiddleFin 25 Ltd,Middle Layer,West,FY23Q4,31-03-2023,Retail (Housing),11275.22,1.936,0.639,28.14,N/A
NBFC047,BaseFin 47 Ltd,Base Layer,North,FY22Q2,30-09-2021,micro finance,1371.46,12.417,5.215,23.47,1.104
NBFC016,MiddleFin 16 Ltd,Middle Layer,South,FY25Q2,2024-09-30,Retail (Personal/Unsecured),28790.69,5.107,1.226,28.77,3.25
NBFC037,MiddleFin 37 Ltd,Middle Layer,North,FY24Q4,31/03/2024,Retail (Housing),22240.84,1.219,,29.29,3.825
NBFC054,BaseFin 54 Ltd,Base Layer,Central,FY23Q4,31/03/2023,Retail (Vehicle),1739.57,3.692,1.218,26.21,3.085
NBFC014,UpperFin 14 Ltd,  Upper Layer ,Central,FY22Q2,30/09/2021,Wholesale/Corporate,10201.46,6.415,2.694,29.06,2.083
NBFC017,MiddleFin 17 Ltd,Middle Layer,North,FY25Q2,30/09/2024,Retail (Personal/Unsecured),40870.05,5.146,1.235,28.37%,2.428
NBFC052,BaseFin 52 Ltd,Base Layer,North,FY24Q2,30/09/2023,Wholesale/Corporate,"1,005.77",3.904,1.171,24.8,2.811
NBFC059,BaseFin 59 Ltd,Base Layer,Central,FY25Q4,2025-03-31,Retail (Vehicle),"4,003.80",3.002,0.63,28.11,2.843
NBFC019,MiddleFin 19 Ltd,Middle Layer,Central,FY25Q2,30/09/2024,Infrastructure,17524.39,2.797,0.671,24.33,3.245
NBFC041,BaseFin 41 Ltd,BL,South,FY22Q4,2022-03-31,MSME,1286.71,6.755,2.634,999,1.479
NBFC043,BaseFin 43 Ltd,BASE LAYER,East,FY25Q4,31-03-2025,Retail (Personal/Unsecured),3515.23,4.585,0.963,23.91,2.703
NBFC024,MiddleFin 24 Ltd,Middle Layer,Central,FY25Q4,31/03/2025,  Retail (Gold) ,11298.27,null,0.194,24.23,2.49
NBFC031,MiddleFin 31 Ltd,Middle Layer,South,FY22Q2,2021-09-30,Microfinance,14602.72,12.308,5.169,24.16,1.849
NBFC045,BaseFin 45 Ltd,Base Layer,West,FY25Q4,2025-03-31,Microfinance,4408.36,5.693,1.196,26.4,2.943
NBFC060,BaseFin 60 Ltd,Base Layer,West,FY24Q4,31/03/2024,retail (housing),"1,483.33",1.258,0.34,24.11,3.519
NBFC035,MiddleFin 35 Ltd,Middle Layer,West,FY24Q2,30-09-2023,Retail (Gold),19542.11,1.157,0.347,30.46,3.248
NBFC009,UpperFin 09 Ltd,UL,Central,FY25Q2,30/09/2024,Retail (Vehicle),37315.17,3.228,0.775,26.89,3.346
NBFC043,BaseFin 43 Ltd,base layer,East,FY25Q4,31/03/2025,Retail (Gold),3515.23,0.997%,0.209,23.1,3.098
NBFC024,MiddleFin 24 Ltd,Middle Layer,Central,FY21Q4,2021-03-31,Retail (Gold),6412.24,1.899,0.855,26.58,1.213
NBFC032,MiddleFin 32 Ltd,Middle Layer,North,FY22Q4,31-03-2022,Microfinance,11535.29,11.118,4.336,29.5,1.346
NBFC011,UpperFin 11 Ltd,Upper Layer,South,FY24Q2,30/09/2023,gold,5820.62,1.177,0.353,26.7,3.555
NBFC048,BaseFin 48 Ltd,BL,East,FY23Q4,31-03-2023,Retail (Personal/Unsecured),2623.4,5.974%,1.971,25.65,3.36
  NBFC050 ,BaseFin 50 Ltd,Base Layer,West,FY25Q4,31/03/2025,Wholesale/Corporate,1591.28,3.05,0.64,27.92,2.64
NBFC025,MiddleFin 25 Ltd,Middle Layer,West,FY23Q2,2022-09-30,MSME,11930.59,5.937,2.137,30.08,2.536
NBFC010,UpperFin 10 Ltd,Upper Layer,West,FY22Q4,31-03-2022,Microfinance,"3,668.89",10.374,4.046,29.66,1.686
NBFC037,MiddleFin 37 Ltd,  Middle Layer ,North,FY23Q2,2022-09-30,Wholesale/Corporate,0,5.341,1.923,29.95,2.251
NBFC029,MiddleFin 29 Ltd,Middle Layer,Central,FY25Q2,30-09-2024,Retail (Gold),22043.04,1.1,0.264,24.61,2.426
NBFC044,BaseFin 44 Ltd,Base Layer,Central,FY25Q4,2025-03-31,GOLD LOAN,4689.63,0.913,0.192,N/A,2.783
NBFC031,MiddleFin 31 Ltd,Middle Layer,South,FY24Q4,31-03-2024,microfinance,21855.3,4.45,1.202,27.97,3.097
NBFC018,MiddleFin 18 Ltd,Middle Layer,East,FY22Q4,2022-03-31,Retail (Personal/Unsecured),23272.35,9.068%,3.537,27.26,2.16
NBFC003,UpperFin 03 Ltd,Upper Layer,East,FY22Q4,2022-03-31,Infrastructure,16923.9,4.484,1.749,26.51%,1.403
NBFC019,MiddleFin 19 Ltd,ML,Central,FY24Q4,2024-03-31,Retail (Personal/Unsecured),28702.89,3.944,1.065,25.53,3.024
NBFC029,MiddleFin 29 Ltd,Middle Layer,Central,FY22Q2,2021-09-30,Retail (Gold),13784.58,1.963,0.824,28.05,1.057
  NBFC017 ,MiddleFin 17 Ltd,Middle Layer,North,FY24Q2,30-09-2023,Wholesale/Corporate,24517.15,3.823,1.147,30.34,2.735
NBFC031,MiddleFin 31 Ltd,Middle Layer,South,FY23Q2,30-09-2022,Wholesale/Corporate,13876.38,5.377%,1.936,28.79,1.628
NBFC005,UpperFin 05 Ltd,Upper Layer,West,FY25Q4,2025-03-31,Wholesale/Corporate,14696.79,3.03,0.636,28.34,2.756
NBFC055,BaseFin 55 Ltd,base layer,West,FY25Q4,31/03/2025,Retail (Vehicle),2228.42,2.951,0.62,23.48,2.456
NBFC035,MiddleFin 35 Ltd,Middle Layer,West,FY21Q4,31/03/2021,Retail (Housing),19287.38,3.002,1.351,22.55,0.914
NBFC034,MiddleFin 34 Ltd,ML,Central,FY23Q2,30/09/2022,msme,15421.07,6.023,2.168,29.04,1.748
NBFC009,UpperFin 09 Ltd,Upper Layer,Central,FY24Q4,31-03-2024,Retail (Vehicle),34924.5,2.412,0.651,29.38,3.752
NBFC016,MiddleFin 16 Ltd,Middle Layer,South,FY24Q2,30/09/2023,Retail (Vehicle),"27,633.56",3.503,1.051,29.02,3.172
NBFC001,UpperFin 01 Ltd,Upper Layer,South,FY22Q4,31/03/2022,Retail (Personal/Unsecured),"10,661.50",9.061,3.534,29.37,1.669
NBFC006,UpperFin 06 Ltd,Upper Layer,South,FY24Q4,2024-03-31,MSME,22190.33,2.794,0.754,25.87,2.748
NBFC042,BaseFin 42 Ltd,base layer,North,FY25Q4,2025-03-31,Microfinance,5339.04,5.538,1.163,26.19,2.727
NBFC027,MiddleFin 27 Ltd,Middle Layer,North,FY23Q4,31-03-2023,MSME,"23,242.40",4.751,1.568,30.36,2.848
NBFC005,UpperFin 05 Ltd,Upper Layer,West,FY23Q2,30/09/2022,Retail (Vehicle),16415.27,4.814,1.733,29.01%,2.25
NBFC008,UpperFin 08 Ltd,Upper Layer,East,FY24Q2,30/09/2023,Retail (Personal/Unsecured),15961.1,5.988,1.796,25.33,2.809
NBFC010,UpperFin 10 Ltd,Upper Layer,West,FY21Q4,2021-03-31,Retail (Housing),"18,135.42",3.027,1.362,25.26,0.984
NBFC048,BaseFin 48 Ltd,Base Layer,East,FY25Q4,31-03-2025,Microfinance,4027.08,5.69,1.195,24.61,2.592
NBFC002,UpperFin 02 Ltd,Upper Layer,North,FY23Q2,2022-09-30,Microfinance,"5,732.72",N/A,3.546,30.19,1.746
NBFC040,MiddleFin 40 Ltd,Middle Layer,West,FY24Q2,30-09-2023,Retail (Personal/Unsecured),15020.88,5.995,1.798,28.49%,2.73
NBFC054,BaseFin 54 Ltd,  Base Layer ,Central,FY24Q4,31-03-2024,Infrastructure,301.99,1.987,0.536,28.1,3.761
NBFC019,MiddleFin 19 Ltd,Middle Layer,Central,FY21Q4,31-03-2021,  MSME ,20751.02,6.992,3.146,27.3,1.021
NBFC037,MiddleFin 37 Ltd,Middle Layer,North,FY24Q2,2023-09-30,Microfinance,17106.16,7.162,2.149,24.7,3.258
NBFC046,BaseFin 46 Ltd,base layer,South,FY24Q2,30-09-2023,Wholesale/Corporate,1137.28,3.903,1.171,26.41,3.32
NBFC040,MiddleFin 40 Ltd,Middle Layer,West,FY23Q2,30-09-2022,MSME,14576.05,5.896,2.123,27.51,N/A
NBFC028,MiddleFin 28 Ltd,Middle Layer,East,FY21Q4,31/03/2021,GOLD LOAN,16378.67,2.026,0.912,24.89%,-
NBFC030,MiddleFin 30 Ltd,Middle Layer,West,FY21Q4,31/03/2021,Wholesale/Corporate,11720.49,6.409,2.884,26.47,1.193
NBFC022,MiddleFin 22 Ltd,Middle  Layer,North,FY22Q4,31/03/2022,Retail (Personal/Unsecured),"11,886.08",9.104%,,24.47,1.964
NBFC017,MiddleFin 17 Ltd,Middle Layer,North,FY22Q2,30-09-2021,Retail (Vehicle),"29,209.15",5.899,2.478,26.36,1.928
NBFC055,BaseFin 55 Ltd,Base Layer,West,FY25Q2,30/09/2024,M.S.M.E,2094.25,3.911,0.939,24.4,2.932
NBFC049,BaseFin 49 Ltd,Base Layer,Central,FY24Q4,2024-03-31,Retail (Vehicle),2400.03,2.282,0.616,24.57,3.803
NBFC056,BaseFin 56 Ltd,Base Layer,South,FY24Q2,2023-09-30,Retail (Vehicle),1389.47,3.474,1.042,25.99,3.286
NBFC040,MiddleFin 40 Ltd,Middle Layer,West,FY23Q4,31-03-2023,Wholesale/Corporate,9839.55,3.973,1.311,29.98,3.089
NBFC053,BaseFin 53 Ltd,Base Layer,East,FY22Q4,31/03/2022,Wholesale/Corporate,401.77,5.878,2.292,25.4,2.037
NBFC025,MiddleFin 25 Ltd,Middle Layer,West,FY24Q4,31/03/2024,GOLD LOAN,9786.81,250,0.21,28.61,3.453
  NBFC050 ,BaseFin 50 Ltd,Base Layer,West,FY22Q4,31/03/2022,msme,2298.74,6.639,2.589,28.87,2.066
NBFC029,MiddleFin 29 Ltd,ML,Central,FY24Q2,30-09-2023,Infrastructure,14809.98,2.886,0.866,28.98,2.714
NBFC055,BaseFin 55 Ltd,base layer,West,FY24Q2,2023-09-30,  Retail (Vehicle) ,1758.82,3.368,1.01,28.53,2.558
NBFC019,MiddleFin 19 Ltd,  Middle Layer ,Central,FY22Q2,2021-09-30,Retail (Vehicle),21917.69,5.778,2.427,27.08,1.999
NBFC045,BaseFin 45 Ltd,Base Layer,West,FY22Q2,30/09/2021,Wholesale/Corporate,777.23,6.346%,2.665,23.89,1.687
NBFC041,BaseFin 41 Ltd,Base Layer,South,FY21Q4,31/03/2021,Retail (Personal/Unsecured),1486.81,9.428,4.243,26.97,0.909
NBFC024,MiddleFin 24 Ltd,Middle Layer,Central,FY22Q2,2021-09-30,Infrastructure,5418.2,5.014,2.106,28.26,1.008
NBFC054,BaseFin 54 Ltd,Base Layer,Central,FY23Q2,2022-09-30,Retail (Personal/Unsecured),2070.77,7.866,2.832,26.56,1.525
NBFC054,BaseFin 54 Ltd,Base Layer,Central,FY24Q2,30-09-2023,Retail (Gold),2438.82,1.215,0.364,30.15,3.042
NBFC042,BaseFin 42 Ltd,Base Layer,North,FY25Q4,31/03/2025,Retail (Housing),2135.62,1.437,0.302,25.92,2.704
NBFC055,BaseFin 55 Ltd,BASE LAYER,West,FY21Q4,2021-03-31,MSME,0,7.184,3.233,27.89,1.042
NBFC015,UpperFin 15 Ltd,upper layer,West,FY21Q4,31/03/2021,Wholesale/Corporate,10266.23,6.226,2.802,27.88,1.108
NBFC037,MiddleFin 37 Ltd,Middle Layer,North,FY24Q2,30/09/2023,Wholesale/Corporate,14255.13,3.755,1.126,null,2.639
NBFC058,BaseFin 58 Ltd,Base Layer,East,FY25Q4,31-03-2025,Retail (Personal/Unsecured),3061.48,4.564,0.958,24.6,2.904
NBFC050,BaseFin 50 Ltd,  Base Layer ,West,FY23Q2,2022-09-30,Wholesale/Corporate,1066.41,5.174,1.863,NA,2.397
NBFC009,UpperFin 09 Ltd,Upper Layer,Central,FY22Q4,31/03/2022,Retail (Gold),7374.68,1.737,0.677,25.16,1.37
NBFC053,BaseFin 53 Ltd,Base Layer,East,FY24Q4,31/03/2024,MSME,1331.87,250,0.805,29.48,2.872
NBFC028,MiddleFin 28 Ltd,ML,East,FY24Q4,31-03-2024,MSME,41426.35,2.781,0.751,28.74,3.465
NBFC053,BaseFin 53 Ltd,Base Layer,East,FY22Q2,30-09-2021,micro finance,1271.28,11.985,5.034,27.47,1.084
NBFC031,MiddleFin 31 Ltd,middle layer,South,FY22Q4,2022-03-31,Microfinance,"15,383.27",11.429,4.457,23.76,2.117
NBFC048,BaseFin 48 Ltd,base layer,East,FY25Q4,2025-03-31,housing,1610.83,1.475,0.31,27.38,3.233
NBFC033,MiddleFin 33 Ltd,Middle Layer,East,FY22Q2,30/09/2021,Microfinance,7646.96,12.672,5.322,28.38,2.196
NBFC027,MiddleFin 27 Ltd,Middle Layer,North,FY25Q4,2025-03-31,Retail (Gold),20069.16,0.926,0.194,28.15,2.904
NBFC010,UpperFin 10 Ltd,Upper Layer,West,FY22Q2,30-09-2021,Retail (Vehicle),17413.67,6.249,2.625,28.97,1.402
NBFC051,BaseFin 51 Ltd,Base Layer,South,FY21Q4,31/03/2021,Infrastructure,185.36,5.243,2.359,23.52%,1.585
NBFC040,MiddleFin 40 Ltd,Middle Layer,West,FY25Q4,31-03-2025,Retail (Gold),13593.88,0.955,0.201,27.3,3.2
NBFC022,MiddleFin 22 Ltd,Middle Layer,North,FY23Q2,30-09-2022,MSME,14704.14,6.084%,2.19,25.24,1.783
NBFC007,UpperFin 07 Ltd,Upper Layer,North,FY24Q4,31/03/2024,Infrastructure,9523.23,1.945,0.525,28.22%,3.185
NBFC053,BaseFin 53 Ltd,Base Layer,East,FY24Q4,31/03/2024,Retail (Gold),1712.4,0.758,0.205,27.64,2.886
NBFC055,BaseFin 55 Ltd,Base Layer,West,FY24Q2,2023-09-30,housing,"1,005.04",1.834,0.55,27.96,3.24
NBFC054,BaseFin 54 Ltd,Base Layer,Central,FY23Q4,31/03/2023,msme,1739.57,4.767,1.573,29.6,2.543
NBFC029,MiddleFin 29 Ltd,Middle Layer,Central,FY24Q4,31/03/2024,MSME,33009.3,2.957,0.798,27.86,3.867
NBFC038,MiddleFin 38 Ltd,Middle Layer,East,FY23Q2,2022-09-30,gold,7011.93,1.628,0.586,NA,1.997
NBFC030,MiddleFin 30 Ltd,Middle Layer,West,FY21Q4,31/03/2021,Microfinance,14064.58,12.346,5.556,22.54,1.398
  NBFC036 ,MiddleFin 36 Ltd,Middle Layer,South,FY24Q4,31-03-2024,Retail (Personal/Unsecured),17919.99,3.826,1.033,27.71,3.519
NBFC003,UpperFin 03 Ltd,Upper Layer,East,FY22Q2,2021-09-30,Retail (Personal/Unsecured),11475.13,9.723,4.084,23.23,2.098
NBFC034,MiddleFin 34 Ltd,Middle Layer,Central,FY25Q2,2024-09-30,Retail (Housing),"18,922.44",1.633,0.392,25.06,3.128
NBFC031,MiddleFin 31 Ltd,Middle Layer,South,FY24Q4,31-03-2024,Wholesale/Corporate,18212.75,2.645,0.714,24.16,2.959
NBFC040,MiddleFin 40 Ltd,Middle  Layer,West,FY22Q2,30/09/2021,Retail (Gold),7989.07,2.111,0.887,23.61%,1.739
NBFC060,BaseFin 60 Ltd,Base Layer,West,FY24Q4,2024-03-31,Infrastructure,370.83,N/A,0.512,25.16,3.589
  NBFC052 ,BaseFin 52 Ltd,Base Layer,North,FY24Q4,2024-03-31,Retail (Personal/Unsecured),3362.58,4.03,1.088,27.2,3.554
NBFC017,MiddleFin 17 Ltd,Middle Layer,North,FY25Q4,2025-03-31,Microfinance,37275.82,,1.174,24.36%,2.802
NBFC004,UpperFin 04 Ltd,Upper Layer,Central,FY22Q4,31-03-2022,Infrastructure,9620.97,4.508,1.758,28.66,1.962
NBFC005,UpperFin 05 Ltd,UL,West,FY24Q2,30-09-2023,Retail (Personal/Unsecured),"9,666.41",5.588,1.676,25.91%,2.726
NBFC003,UpperFin 03 Ltd,Upper Layer,East,FY25Q2,30/09/2024,Retail (Vehicle),36699.98,3.204,0.769,26.17,3.585
NBFC049,BaseFin 49 Ltd,Base Layer,Central,FY21Q4,31/03/2021,Infrastructure,216.89,5.051,2.273,27.18%,1.796
NBFC001,UpperFin 01 Ltd,Upper Layer,South,FY24Q2,2023-09-30,Retail (Vehicle),27183.44,3.527,1.058,999,3.498
NBFC033,MiddleFin 33 Ltd,Middle Layer,East,FY22Q4,31/03/2022,Retail (Housing),9214.05,2.82,1.1,29.14%,1.37
NBFC030,MiddleFin 30 Ltd,Middle Layer,West,FY21Q4,31/03/2021,Retail (Personal/Unsecured),16408.68,10.345,4.655,25.8,1.215
NBFC042,BaseFin 42 Ltd,Base Layer,North,FY21Q4,2021-03-31,Retail (Personal/Unsecured),2673.64,10.2,4.59,26.92,1.365
NBFC039,MiddleFin 39 Ltd,Middle Layer,Central,FY24Q4,2024-03-31,Microfinance,29159.76,4.746,1.281,26.62,3.316
NBFC006,UpperFin 06 Ltd,Upper Layer,South,FY21Q4,31-03-2021,Microfinance,4679.12,12.268,5.521,22.17,1.691
NBFC058,BaseFin 58 Ltd,Base Layer,East,FY25Q4,31-03-2025,Microfinance,3401.64,5.543,1.164,26.65,2.634
NBFC010,UpperFin 10 Ltd,Upper Layer,West,FY25Q2,30-09-2024,MFI,5569.27,6.226,1.494,24.18,3.081
NBFC025,MiddleFin 25 Ltd,Middle Layer,West,FY24Q4,2024-03-31,Retail (Vehicle),15658.89,2.316,0.625,26.23,3.475
NBFC032,MiddleFin 32 Ltd,Middle Layer,North,FY24Q4,2024-03-31,Infrastructure,10925.6,1.959,0.529,28.37%,3.28
NBFC026,MiddleFin 26 Ltd,Middle  Layer,South,FY25Q4,2025-03-31,MSME,33728.57,3.478,0.73,27.1,2.639
NBFC020,MiddleFin 20 Ltd,Middle Layer,West,FY23Q2,30-09-2022,Retail (Gold),20726.18,1.587,0.571,28.79%,2.383
NBFC028,MiddleFin 28 Ltd,Middle  Layer,East,FY21Q4,31/03/2021,Wholesale/Corporate,16378.67,6.489,2.92,27.28,1.21
NBFC002,UpperFin 02 Ltd,Upper Layer,North,FY24Q4,31/03/2024,Retail (Personal/Unsecured),18810.48,3.702%,1.0,27.82,2.957
NBFC036,MiddleFin 36 Ltd,Middle Layer,South,FY22Q4,31-03-2022,MSME,14415.23,6.554,2.556,null,2.184
  NBFC013 ,UpperFin 13 Ltd,Upper Layer,East,FY23Q2,30/09/2022,micro finance,3097.2,9.696,3.491,29.19,1.978
NBFC023,MiddleFin 23 Ltd,Middle Layer,East,FY25Q2,30-09-2024,Retail (Housing),30404.24,1.664%,0.399,27.62%,3.363
  NBFC039 ,MiddleFin 39 Ltd,Middle Layer,Central,FY25Q4,2025-03-31,MFI,33151.87,5.815,1.221,25.34%,2.339
NBFC017,MiddleFin 17 Ltd,Middle  Layer,North,FY24Q2,30/09/2023,MSME,39227.44,4.424,1.327,26.51,2.834
NBFC043,BaseFin 43 Ltd,  Base Layer ,East,FY22Q2,30/09/2021,Retail (Gold),2065.89,1.961,0.824,24.76,1.112
NBFC013,UpperFin 13 Ltd,Upper Layer,East,FY25Q2,2024-09-30,gold,6515.01,1.03,0.247,28.44,2.525
NBFC020,MiddleFin 20 Ltd,Middle  Layer,West,FY21Q4,31/03/2021,Retail (Personal/Unsecured),24091.75,9.672,4.352,27.03,1.833
  NBFC033 ,MiddleFin 33 Ltd,ML,East,FY21Q4,31-03-2021,Retail (Vehicle),9463.95,6.161,2.772,25.77,1.743
NBFC032,MiddleFin 32 Ltd,Middle Layer,North,FY21Q4,31-03-2021,Retail (Vehicle),13822.83,5.637,N/A,24.65,2.028
NBFC011,UpperFin 11 Ltd,UL,South,FY25Q4,2025-03-31,Wholesale/Corporate,14749.44,3.107,null,25.02,3.119
NBFC022,MiddleFin 22 Ltd,Middle Layer,North,FY25Q4,2025-03-31,Infrastructure,10970.66,2.405,0.505,25.41,2.35
NBFC030,MiddleFin 30 Ltd,middle layer,West,FY24Q2,30/09/2023,Microfinance,19950.47,6.737,2.021,30.16,3.251
NBFC040,MiddleFin 40 Ltd,Middle Layer,West,FY22Q2,30/09/2021,Retail (Housing),11184.7,3.067,1.288,27.24,1.835
  NBFC036 ,MiddleFin 36 Ltd,ML,South,FY23Q2,30/09/2022,MSME,15603.8,5.757,2.073,27.78,2.467
NBFC039,MiddleFin 39 Ltd,Middle Layer,Central,FY24Q4,31-03-2024,MSME,38879.67,2.805,0.757,25.82,3.653
NBFC032,MiddleFin 32 Ltd,Middle  Layer,North,FY24Q2,30-09-2023,Retail (Housing),17156.61,1.848,0.554,26.93,3.381
  NBFC019 ,MiddleFin 19 Ltd,  Middle Layer ,Central,FY22Q2,30-09-2021,Microfinance,16438.26,12.015,5.046,26.48,1.599
NBFC002,UpperFin 02 Ltd,Upper Layer,North,FY25Q2,2024-09-30,Retail (Vehicle),40196.2,3.228,0.775,26.92,3.342
NBFC053,BaseFin 53 Ltd,BL,East,FY23Q4,31-03-2023,Retail (Personal/Unsecured),1409.16,6.381,2.106,30.16,2.477
NBFC028,MiddleFin 28 Ltd,Middle Layer,East,FY23Q2,2022-09-30,Wholesale/Corporate,20121.37,4.975,1.791,29.4,1.681
NBFC023,MiddleFin 23 Ltd,  Middle Layer ,East,FY23Q2,30/09/2022,Microfinance,18583.73,9.716,3.498,NA,2.301
NBFC002,UpperFin 02 Ltd,Upper Layer,North,FY23Q2,30-09-2022,Retail (Personal/Unsecured),14331.79,8.113,2.921,27.06,1.868
NBFC003,UpperFin 03 Ltd,Upper Layer,East,FY24Q4,31-03-2024,Infrastructure,24044.11,1.956,0.528,29.47,3.715
NBFC049,BaseFin 49 Ltd,BL,Central,FY23Q2,30-09-2022,Microfinance,2612.27,9.689,3.488,25.64,2.269
NBFC044,BaseFin 44 Ltd,Base Layer,Central,FY22Q2,30/09/2021,Retail (Gold),2756.08,1.916,0.805,28.64,1.491
NBFC025,MiddleFin 25 Ltd,Middle Layer,West,FY23Q2,30/09/2022,Wholesale/Corporate,7456.62,5.351,NA,30.05,1.596
  NBFC004 ,UpperFin 04 Ltd,Upper Layer,Central,FY25Q4,31-03-2025,Retail (Vehicle),22200.01,2.898,0.609,23.98,2.512
NBFC005,UpperFin 05 Ltd,  Upper Layer ,West,FY24Q4,2024-03-31,  Retail (Housing) ,23699.54,1.209,0.326,26.68,3.687
NBFC054,BaseFin 54 Ltd,Base Layer,Central,FY25Q2,2024-09-30,Wholesale/Corporate,967.98,3.296,0.791,23.99,3.292
NBFC008,UpperFin 08 Ltd,Upper Layer,East,FY24Q4,2024-03-31,Retail (Personal/Unsecured),17787.5,250,253.0,25.32,2.831
NBFC008,UpperFin 08 Ltd,Upper Layer,East,FY25Q2,30-09-2024,Microfinance,7602.04,6.156,1.477,28.98,3.375
NBFC020,MiddleFin 20 Ltd,Middle Layer,West,FY25Q4,31/03/2025,Microfinance,"37,112.81",5.813,1.221,24.17%,2.336
NBFC051,BaseFin 51 Ltd,Base Layer,South,FY25Q2,30/09/2024,Wholesale/Corporate,939.22,3.417,0.82,23.24,3.219
NBFC007,UpperFin 07 Ltd,Upper Layer,North,FY22Q2,30-09-2021,Wholesale/Corporate,5454.0,6.619,2.78,28.83,-
NBFC033,MiddleFin 33 Ltd,Middle Layer,East,FY24Q2,30/09/2023,Wholesale/Corporate,8390.32,4.007%,1.202,26.29,3.224
NBFC020,MiddleFin 20 Ltd,Middle Layer,West,FY21Q4,31-03-2021,Retail (Gold),17208.39,2.03,0.913,23.36,1.095
NBFC046,BaseFin 46 Ltd,Base Layer,South,FY24Q4,31/03/2024,retail (housing),1689.88,1.225,0.331,24.55,2.999
NBFC034,MiddleFin 34 Ltd,middle layer,Central,FY24Q4,31-03-2024,MSME,20240.15,2.957,0.798,25.5,3.006
NBFC010,UpperFin 10 Ltd,Upper Layer,West,FY24Q4,31-03-2024,Retail (Vehicle),26062.32,2.214,0.598,24.1,3.79
NBFC044,BaseFin 44 Ltd,base layer,Central,FY22Q4,31-03-2022,Wholesale/Corporate,967.8,6.124,2.388,26.5,1.336
NBFC041,BaseFin 41 Ltd,Base Layer,South,FY21Q4,31-03-2021,gold,1486.81,1.991,0.896,27.48,1.97
NBFC034,MiddleFin 34 Ltd,Middle Layer,Central,FY25Q4,2025-03-31,Infrastructure,"11,505.56",2.567,0.539,25.11,2.664
NBFC057,BaseFin 57 Ltd,Base Layer,North,FY24Q4,31/03/2024,Retail (Gold),"4,030.56",0.768,,26.33,3.582
NBFC019,MiddleFin 19 Ltd,Middle Layer,Central,FY25Q4,2025-03-31,housing,"32,632.46",1.522%,0.32,24.99%,3.062
NBFC045,BaseFin 45 Ltd,Base Layer,West,FY23Q2,2022-09-30,Infrastructure,295.43,4.249,1.53,28.69,1.907
NBFC011,UpperFin 11 Ltd,Upper Layer,South,FY21Q4,31/03/2021,Retail (Gold),4103.39,1.957,0.881,23.83,0.94
NBFC021,MiddleFin 21 Ltd,Middle  Layer,South,FY24Q2,2023-09-30,Retail (Vehicle),18762.77,3.682,1.105,29.64,2.729
NBFC003,UpperFin 03 Ltd,UPPER LAYER,East,FY23Q4,31/03/2023,Wholesale/Corporate,"16,959.68",4.148,1.369,29.85,2.417
NBFC009,UpperFin 09 Ltd,Upper Layer,Central,FY23Q4,31/03/2023,microfinance,5747.99,7.665,2.529,NA,3.329
NBFC023,MiddleFin 23 Ltd,Middle Layer,East,FY25Q2,2024-09-30,Retail (Vehicle),34747.7,3.156,0.757,25.39,3.046
  NBFC017 ,MiddleFin 17 Ltd,Middle Layer,North,FY23Q2,30/09/2022,  Infrastructure ,16653.77,4.161,1.498,30.14,2.283
NBFC013,UpperFin 13 Ltd,Upper Layer,East,FY24Q4,31-03-2024,Retail (Housing),22357.93,1.211,0.327,26.48%,3.058
NBFC041,BaseFin 41 Ltd,Base Layer,South,FY24Q2,30/09/2023,Retail (Personal/Unsecured),2109.02,5.629,1.689,28.08,2.895
NBFC006,UpperFin 06 Ltd,upper layer,South,FY25Q2,30/09/2024,MSME,23709.31,3.699%,0.888,26.96,3.343
NBFC018,MiddleFin 18 Ltd,Middle Layer,East,FY23Q4,2023-03-31,  Retail (Gold) ,19434.63,1.263,0.417,25.31,2.492
NBFC041,BaseFin 41 Ltd,Base Layer,South,FY23Q2,30/09/2022,Retail (Gold),1790.74,1.612,0.58,27.04,2.062
NBFC007,UpperFin 07 Ltd,Upper Layer,North,FY23Q2,2022-09-30,Infrastructure,7255.8,4.067,1.464,29.74,1.704
NBFC021,MiddleFin 21 Ltd,Middle Layer,South,FY23Q4,31-03-2023,Retail (Vehicle),17206.98,3.645,1.203,28.18,2.601
NBFC027,MiddleFin 27 Ltd,Middle Layer,North,FY22Q4,31-03-2022,Infrastructure,"9,940.01",4.53,1.767,27.09%,1.155
NBFC029,MiddleFin 29 Ltd,  Middle Layer ,Central,FY24Q2,2023-09-30,Microfinance,22214.97,6.77,2.031,28.16,2.867
NBFC051,BaseFin 51 Ltd,Base Layer,South,FY25Q4,31/03/2025,Wholesale/Corporate,999.4,3.222,0.677,22.9,3.207
NBFC017,MiddleFin 17 Ltd,Middle Layer,North,FY22Q2,2021-09-30,Infrastructure,14604.58,5.16,2.167,25.71,1.592
NBFC027,MiddleFin 27 Ltd,Middle Layer,North,FY24Q4,31-03-2024,MSME,28243.93,2.795,0.755,29.48%,2.774
NBFC012,UpperFin 12 Ltd,Upper Layer,North,FY25Q2,30-09-2024,gold,6718.32,1.064,0.255,28.94,3.526
NBFC007,UpperFin 07 Ltd,Upper Layer,North,FY22Q4,2022-03-31,Infrastructure,6703.11,4.577,1.785,28.63,1.235
NBFC023,MiddleFin 23 Ltd,Middle Layer,East,FY24Q4,31-03-2024,retail (housing),"28,456.33",null,0.323,27.04,2.942
NBFC037,MiddleFin 37 Ltd,Middle Layer,North,FY24Q2,30-09-2023,MSME,22808.21,4.27,1.281,29.5,3.047
NBFC009,UpperFin 09 Ltd,Upper Layer,Central,FY25Q4,2025-03-31,Retail (Housing),"43,676.41",1.532,0.322,25.22,2.948
NBFC033,MiddleFin 33 Ltd,  Middle Layer ,East,FY23Q4,31/03/2023,MSME,12311.37,4.456,1.47,27.67,2.904
NBFC008,UpperFin 08 Ltd,UL,East,FY25Q2,30/09/2024,  Retail (Gold) ,"11,403.06",1.058,0.254,28.04,2.716
NBFC028,MiddleFin 28 Ltd,Middle Layer,East,FY24Q4,31/03/2024,Microfinance,31069.76,4.817,1.301,24.16,3.127
NBFC032,MiddleFin 32 Ltd,Middle Layer,North,FY22Q4,2022-03-31,Retail (Personal/Unsecured),13457.83,9.54,3.721,28.82%,1.124
NBFC020,MiddleFin 20 Ltd,Middle  Layer,West,FY22Q2,30/09/2021,GOLD LOAN,18175.88,1.928,0.81,23.9,1.968
NBFC012,UpperFin 12 Ltd,Upper Layer,North,FY22Q4,31/03/2022,Wholesale/Corporate,8851.71,6.19,2.414,25.7,1.232
NBFC053,BaseFin 53 Ltd,Base Layer,East,FY23Q4,31/03/2023,Microfinance,1565.74,7.148,2.359,28.79,2.735
NBFC040,MiddleFin 40 Ltd,Middle Layer,West,FY22Q2,30/09/2021,micro finance,9586.89,12.198,5.123,28.69,1.007
NBFC052,BaseFin 52 Ltd,Base Layer,North,FY24Q2,30/09/2023,Infrastructure,335.26,3.033,0.91,26.13,2.669
NBFC016,MiddleFin 16 Ltd,Middle Layer,South,FY22Q4,2022-03-31,Retail (Vehicle),21676.08,5.463,2.131,28.45,2.226
NBFC027,MiddleFin 27 Ltd,  Middle Layer ,North,FY23Q2,2022-09-30,Infrastructure,10759.59,4.049,1.458,28.89%,2.631
NBFC021,MiddleFin 21 Ltd,Middle Layer,South,FY23Q2,2022-09-30,Wholesale/Corporate,9957.03,4.922,1.772,-,1.793
NBFC019,MiddleFin 19 Ltd,Middle Layer,Central,FY21Q4,31/03/2021,Retail (Vehicle),20751.02,5.957,2.681,27.26,1.609
NBFC012,UpperFin 12 Ltd,Upper Layer,North,FY21Q4,31/03/2021,Retail (Gold),3977.66,1.922%,0.865,22.3,0.963
NBFC026,MiddleFin 26 Ltd,Middle Layer,South,FY22Q2,30/09/2021,Retail (Gold),12388.85,2.062,0.866,25.65,1.466
NBFC009,UpperFin 09 Ltd,UL,Central,FY25Q2,30-09-2024,Wholesale/Corporate,22389.1,3.339,0.801,28.86,2.434
NBFC012,UpperFin 12 Ltd,Upper Layer,North,FY21Q4,31-03-2021,MSME,7955.31,7.48%,3.366,22.3,1.41
NBFC045,BaseFin 45 Ltd,Base Layer,West,FY22Q2,30/09/2021,Retail (Gold),2331.7,1.929,0.81,25.34,2.0
NBFC041,BaseFin 41 Ltd,Base Layer,South,FY24Q2,30/09/2023,Retail (Personal/Unsecured),2109.02,5.629,1.689,28.08,2.895
NBFC056,BaseFin 56 Ltd,Base Layer,South,FY22Q4,2022-03-31,Retail (Vehicle),1089.91,5.264%,2.053,28.25,1.635
NBFC018,MiddleFin 18 Ltd,ML,East,FY25Q4,31-03-2025,Retail (Personal/Unsecured),37590.01,4.985,1.047,27.45,2.659
NBFC047,BaseFin 47 Ltd,Base Layer,North,FY23Q4,31/03/2023,Retail (Personal/Unsecured),1490.41,6.415,2.117,30.02,2.785
NBFC008,UpperFin 08 Ltd,UPPER LAYER,East,FY23Q2,30-09-2022,Microfinance,5420.95,9.816,3.534,25.59,1.93
NBFC043,BaseFin 43 Ltd,BASE LAYER,East,FY23Q4,2023-03-31,Infrastructure,282.71,3.069,1.013,null,2.801
NBFC004,UpperFin 04 Ltd,Upper Layer,Central,FY23Q2,30/09/2022,Microfinance,2975.5,9.602,3.457,28.72,2.243
NBFC012,UpperFin 12 Ltd,UL,North,FY25Q4,31-03-2025,Retail (Vehicle),23829.13,2.81,0.59,28.55,2.973
NBFC046,BaseFin 46 Ltd,BL,South,FY24Q4,31-03-2024,MSME,"2,957.30",2.992,0.808,27.58,3.741
NBFC005,UpperFin 05 Ltd,Upper Layer,West,FY22Q4,2022-03-31,Infrastructure,10615.42,4.707,1.836,25.07,1.71
NBFC047,BaseFin 47 Ltd,Base Layer,North,FY22Q2,30-09-2021,MSME,941.2,7.437%,3.124,27.63,2.0
NBFC005,UpperFin 05 Ltd,Upper Layer,West,FY25Q4,31-03-2025,Retail (Personal/Unsecured),"12,247.33",5.036,1.058,22.7,3.316
NBFC023,MiddleFin 23 Ltd,Middle Layer,East,FY22Q4,2022-03-31,Infrastructure,11445.45,4.58,1.786,24.59,1.997
NBFC045,BaseFin 45 Ltd,Base Layer,West,FY23Q4,31/03/2023,Retail (Gold),2871.78,1.274,0.42,29.54,3.111
  NBFC018 ,MiddleFin 18 Ltd,middle layer,East,FY22Q4,31-03-2022,Wholesale/Corporate,16623.11,5.846,2.28,24.97,1.796
NBFC011,UpperFin 11 Ltd,Upper Layer,South,FY21Q4,2021-03-31,Microfinance,2735.6,11.722%,5.275,23.1,1.758
NBFC037,MiddleFin 37 Ltd,Middle  Layer,North,FY23Q4,31/03/2023,Retail (Gold),13073.11,1.295,0.427,26.11,3.12
NBFC047,BaseFin 47 Ltd,Base Layer,North,FY25Q4,31-03-2025,Retail (Gold),2059.08,0.941,0.198,24.93,2.26
NBFC011,UpperFin 11 Ltd,Upper Layer,South,FY25Q2,30-09-2024,Retail (Vehicle),"23,102.30",3.115,0.748,25.5,3.373
NBFC016,MiddleFin 16 Ltd,Middle Layer,South,FY23Q2,2022-09-30,Wholesale/Corporate,"14,664.58",5.048,1.817,26.42,2.594
NBFC028,MiddleFin 28 Ltd,Middle Layer,East,FY23Q2,30-09-2022,Microfinance,23672.2,9.227,3.322,29.12,1.77
NBFC015,UpperFin 15 Ltd,Upper Layer,West,FY23Q2,30/09/2022,Microfinance,4121.62,9.729%,3.502,27.22%,2.411
NBFC051,BaseFin 51 Ltd,Base Layer,South,FY25Q2,30-09-2024,Microfinance,3130.74,6.267%,1.504,23.47,3.58
NBFC029,MiddleFin 29 Ltd,Middle Layer,Central,FY25Q2,2024-09-30,Retail (Vehicle),35268.87,3.179,0.763,25.14,3.433
NBFC056,BaseFin 56 Ltd,  Base Layer ,South,FY23Q2,30/09/2022,MSME,"1,179.78",5.632,2.028,26.05,1.876
NBFC034,MiddleFin 34 Ltd,Middle Layer,Central,FY24Q4,31/03/2024,Retail (Vehicle),20240.15,2.254,0.609,25.2,3.324
NBFC054,BaseFin 54 Ltd,Base Layer,Central,FY23Q2,30/09/2022,Retail (Gold),2070.77,1.542,0.555,30.11,2.056
NBFC060,BaseFin 60 Ltd,Base Layer,West,FY24Q2,30-09-2023,Retail (Gold),2994.81,250,0.34,28.15,2.527
NBFC029,MiddleFin 29 Ltd,  Middle Layer ,Central,FY25Q2,30/09/2024,micro finance,26451.65,6.023,1.446,25.59,3.347
NBFC049,BaseFin 49 Ltd,Base Layer,Central,FY24Q4,31/03/2024,Retail (Personal/Unsecured),3085.75,3.701,0.999,29.07,2.823
NBFC001,UpperFin 01 Ltd,UPPER LAYER,South,FY24Q4,31/03/2024,Microfinance,6058.8,4.637%,1.252,25.46,3.041
NBFC002,UpperFin 02 Ltd,Upper Layer,North,FY24Q4,31/03/2024,GOLD LOAN,11286.29,0.785%,0.212,24.47,3.097
NBFC016,MiddleFin 16 Ltd,Middle Layer,South,FY24Q4,31/03/2024,Wholesale/Corporate,19247.26,2.588,0.699,24.85,3.382
NBFC049,BaseFin 49 Ltd,Base Layer,Central,FY23Q2,30/09/2022,gold,2351.05,1.541,0.555,27.78%,2.561
NBFC011,UpperFin 11 Ltd,upper layer,South,FY25Q4,31/03/2025,Retail (Personal/Unsecured),"12,291.20",4.653,0.977,22.75,2.49
NBFC031,MiddleFin 31 Ltd,ML,South,FY24Q2,30/09/2023,Retail (Vehicle),"26,148.30",3.592,1.078,27.66,3.204
NBFC011,UpperFin 11 Ltd,Upper Layer,South,FY23Q2,30-09-2022,msme,9884.44,5.559,2.001,28.82,1.718
NBFC016,MiddleFin 16 Ltd,Middle Layer,South,FY23Q2,2022-09-30,  Retail (Gold) ,"14,664.58",1.624,0.585,28.7,2.566
NBFC043,BaseFin 43 Ltd,Base Layer,East,FY21Q4,31-03-2021,Wholesale/Corporate,651.97,6.486,2.919,23.44,1.837
NBFC018,MiddleFin 18 Ltd,Middle Layer,East,FY24Q2,30/09/2023,Infrastructure,16953.46,3.002,0.901,26.4,3.218
NBFC004,UpperFin 04 Ltd,Upper Layer,Central,FY25Q2,30-09-2024,Retail (Housing),22949.7,1.592,0.382,23.66%,3.109
NBFC002,UpperFin 02 Ltd,Upper Layer,North,FY24Q2,30/09/2023,microfinance,6751.62,7.233,2.17,26.38,2.733
  NBFC039 ,MiddleFin 39 Ltd,Middle  Layer,Central,FY24Q2,30-09-2023,Retail (Personal/Unsecured),30526.62,6.103,1.831,27.42,2.683
NBFC019,MiddleFin 19 Ltd,Middle Layer,Central,FY22Q4,31-03-2022,Infrastructure,11544.62,4.484,1.749,28.2,1.346
NBFC011,UpperFin 11 Ltd,Upper Layer,South,FY25Q2,30/09/2024,gold,"6,930.69",1.097,0.263,26.55,3.452
NBFC037,MiddleFin 37 Ltd,Middle Layer,North,FY23Q4,31-03-2023,MSME,20916.98,4.696,1.55,28.52,NA
  NBFC050 ,BaseFin 50 Ltd,Base Layer,West,FY22Q4,31-03-2022,Wholesale/Corporate,985.18,5.971,2.329,24.67,1.762
NBFC024,MiddleFin 24 Ltd,Middle Layer,Central,FY23Q4,2023-03-31,Retail (Personal/Unsecured),11449.11,6.333,2.09,29.27,2.833
NBFC053,BaseFin 53 Ltd,Base Layer,East,FY22Q4,31-03-2022,Retail (Gold),1205.31,1.82,0.71,24.47,1.951
NBFC054,BaseFin 54 Ltd,Base Layer,Central,FY24Q2,2023-09-30,Microfinance,2709.8,6.836,2.051,29.61,3.128
NBFC054,BaseFin 54 Ltd,Base Layer,Central,FY21Q4,31-03-2021,Retail (Vehicle),1337.24,5.826,2.622,23.99,1.93
NBFC037,MiddleFin 37 Ltd,Middle Layer,North,FY21Q4,2021-03-31,MFI,0,11.275,5.074,23.52,1.379
NBFC014,UpperFin 14 Ltd,Upper Layer,Central,FY22Q4,2022-03-31,Retail (Housing),19702.37,2.94%,1.147,27.89%,1.933
NBFC058,BaseFin 58 Ltd,Base Layer,East,FY23Q4,31/03/2023,Retail (Housing),984.87,1.952,0.644,26.84%,2.428
NBFC026,MiddleFin 26 Ltd,Middle Layer,South,FY23Q4,31/03/2023,Wholesale/Corporate,15258.43,4.137,1.365,29.19,3.441
NBFC035,MiddleFin 35 Ltd,Middle Layer,West,FY23Q2,2022-09-30,MSME,26548.75,5.76,2.074,25.28,1.515
NBFC058,BaseFin 58 Ltd,BASE LAYER,East,FY22Q2,2021-09-30,  Retail (Housing) ,799.65,3.06,N/A,27.14,1.284
NBFC053,BaseFin 53 Ltd,BASE LAYER,East,FY25Q2,2024-09-30,Retail (Personal/Unsecured),1829.62,5.41,1.298,28.52,2.458
NBFC016,MiddleFin 16 Ltd,Middle Layer,South,FY25Q4,2025-03-31,Microfinance,"26,258.76",5.796,1.217,26.7,2.957
NBFC019,MiddleFin 19 Ltd,Middle Layer,Central,FY25Q4,2025-03-31,Infrastructure,18647.12,2.396%,0.503,26.89%,2.815
NBFC032,MiddleFin 32 Ltd,Middle Layer,North,FY21Q4,2021-03-31,Infrastructure,6911.42,NA,2.254,23.66,1.667
NBFC017,MiddleFin 17 Ltd,Middle Layer,North,FY22Q2,2021-09-30,Retail (Personal/Unsecured),25558.01,9.632,4.045,23.36,1.483
NBFC006,UpperFin 06 Ltd,Upper Layer,South,FY23Q2,30-09-2022,Retail (Gold),8453.46,1.526,0.549,26.24,2.478
NBFC059,BaseFin 59 Ltd,Base Layer,Central,FY22Q2,30/09/2021,Retail (Vehicle),"2,353.02",5.855,2.459,28.34,1.201
NBFC038,MiddleFin 38 Ltd,Middle Layer,East,FY24Q4,31-03-2024,Wholesale/Corporate,9203.16,2.628,0.71,25.57,3.166
NBFC049,BaseFin 49 Ltd,Base Layer,Central,FY24Q4,2024-03-31,Retail (Gold),3085.75,0.798,0.215,26.67,3.258
  NBFC004 ,UpperFin 04 Ltd,Upper Layer,Central,FY24Q4,2024-03-31,Retail (Personal/Unsecured),9763.36,3.855,1.041,25.43%,3.667
NBFC002,UpperFin 02 Ltd,Upper Layer,North,FY22Q4,2022-03-31,Retail (Housing),29128.25,2.828,1.103,23.71,2.146
NBFC003,UpperFin 03 Ltd,upper layer,East,FY22Q2,30-09-2021,Retail (Vehicle),"22,950.27",6.314,2.652,25.15,1.93
NBFC049,BaseFin 49 Ltd,Base Layer,Central,FY23Q2,2022-09-30,msme,1828.59,5.832,2.1,27.64,1.808
NBFC033,MiddleFin 33 Ltd,Middle Layer,East,FY23Q4,2023-03-31,retail (housing),10772.45,1.983%,0.654,29.11,3.289
NBFC043,BaseFin 43 Ltd,Base Layer,East,FY21Q4,31/03/2021,Retail (Housing),869.3,2.994,1.347,25.76,1.649
NBFC024,MiddleFin 24 Ltd,Middle Layer,Central,FY22Q4,2022-03-31,Microfinance,"8,393.85",10.791,4.208,26.51,1.685
NBFC041,BaseFin 41 Ltd,Base Layer,South,FY23Q4,31/03/2023,Retail (Personal/Unsecured),1934.14,6.042,1.994,24.98,null
NBFC032,MiddleFin 32 Ltd,Middle  Layer,North,FY23Q4,2023-03-31,Wholesale/Corporate,11463.34,4.239,1.399,30.09,2.886
NBFC017,MiddleFin 17 Ltd,Middle Layer,North,FY25Q4,2025-03-31,Retail (Vehicle),"49,701.10",3.019,0.634,24.55,3.212
NBFC029,MiddleFin 29 Ltd,Middle Layer,Central,FY23Q4,31/03/2023,Wholesale/Corporate,"16,977.44",999,1.393,28.89,2.769
NBFC012,UpperFin 12 Ltd,Upper Layer,North,FY23Q4,31/03/2023,Retail (Gold),5174.41,1.259,0.415,29.63,3.003
NBFC012,UpperFin 12 Ltd,UPPER LAYER,North,FY24Q2,30/09/2023,Retail (Personal/Unsecured),"9,403.77",5.913,1.774,30.15%,2.632
NBFC056,BaseFin 56 Ltd,Base Layer,South,FY22Q2,2021-09-30,Infrastructure,147.8,5.111,2.147,27.11%,2.038
NBFC047,BaseFin 47 Ltd,Base Layer,North,FY23Q2,2022-09-30,Retail (Gold),1379.91,1.626,0.585,29.52,1.911
NBFC010,UpperFin 10 Ltd,Upper Layer,West,FY23Q4,31-03-2023,Retail (Gold),6434.14,1.263,0.417,28.34,2.328
NBFC007,UpperFin 07 Ltd,Upper Layer,North,FY24Q4,31-03-2024,Microfinance,2720.92,4.722%,1.275,24.89,3.496
NBFC054,BaseFin 54 Ltd,Base Layer,Central,FY24Q2,2023-09-30,Retail (Vehicle),1896.86,3.627,1.088,26.04,2.89
NBFC003,UpperFin 03 Ltd,Upper Layer,East,FY24Q4,31/03/2024,housing,37783.6,1.166,0.315,26.34,2.765
NBFC045,BaseFin 45 Ltd,  Base Layer ,West,FY23Q4,2023-03-31,  Retail (Personal/Unsecured) ,2871.78,6.19%,-,24.55,3.167
NBFC055,BaseFin 55 Ltd,Base Layer,West,FY21Q4,31-03-2021,Retail (Gold),1594.19,2.008,0.904,27.8,1.335
  NBFC053 ,BaseFin 53 Ltd,Base Layer,East,FY24Q2,30/09/2023,Wholesale/Corporate,512.19,3.928,1.178,26.8,3.263
NBFC050,BaseFin 50 Ltd,Base Layer,West,FY25Q2,30/09/2024,Retail (Personal/Unsecured),4486.4,5.148,1.236,25.63,2.47
NBFC014,UpperFin 14 Ltd,Upper Layer,Central,FY24Q2,30-09-2023,Retail (Vehicle),22833.99,3.49,1.047,26.99,3.106
NBFC042,BaseFin 42 Ltd,Base Layer,North,FY24Q4,31-03-2024,Retail (Personal/Unsecured),4226.51,3.977,1.074,23.7,3.086
NBFC059,BaseFin 59 Ltd,BASE LAYER,Central,FY25Q4,2025-03-31,Microfinance,5719.71,5.967,1.253,22.85,N/A
NBFC023,MiddleFin 23 Ltd,Middle Layer,East,FY25Q2,30/09/2024,Microfinance,26060.77,6.218,1.492,28.17,3.298
NBFC049,BaseFin 49 Ltd,Base Layer,Central,FY24Q4,31-03-2024,Infrastructure,342.86,2.029,0.548,27.9,3.809
NBFC003,UpperFin 03 Ltd,Upper Layer,East,FY23Q4,31/03/2023,MSME,16959.68,4.58%,,25.72,3.404
NBFC057,BaseFin 57 Ltd,Base Layer,North,FY23Q2,30/09/2022,Retail (Personal/Unsecured),3070.9,7.596,2.735,28.52,2.159
NBFC030,MiddleFin 30 Ltd,middle layer,West,FY25Q2,30/09/2024,Wholesale/Corporate,"19,796.07",3.581,0.859,24.32,3.086
NBFC039,MiddleFin 39 Ltd,Middle Layer,Central,FY22Q4,2022-03-31,housing,23945.42,2.979,1.162,23.85,1.409
NBFC025,MiddleFin 25 Ltd,Middle Layer,West,FY24Q2,30/09/2023,MSME,14051.06,4.298,1.289,27.4,3.187
NBFC057,BaseFin 57 Ltd,Base Layer,North,FY22Q4,2022-03-31,Retail (Gold),2836.99,1.73,0.675,26.0,2.096
NBFC032,MiddleFin 32 Ltd,Middle Layer,North,FY22Q4,31/03/2022,Infrastructure,7690.19,4.778,1.863,24.64,2.159
NBFC001,UpperFin 01 Ltd,Upper Layer,South,FY22Q4,31-03-2022,Infrastructure,14926.1,4.78%,,26.85,1.747
  NBFC034 ,MiddleFin 34 Ltd,Middle Layer,Central,FY22Q4,2022-03-31,Infrastructure,7123.21,4.703,1.834,27.4,1.24
NBFC016,MiddleFin 16 Ltd,  Middle Layer ,South,FY22Q2,2021-09-30,MSME,20576.24,7.259,3.049,26.04,1.14
NBFC014,UpperFin 14 Ltd,Upper Layer,Central,FY21Q4,31-03-2021,Retail (Vehicle),16097.4,5.975,2.689,22.41,1.961
NBFC021,MiddleFin 21 Ltd,Middle Layer,South,FY22Q2,30/09/2021,  MSME ,13970.95,7.247,3.044,28.33%,1.922
NBFC027,MiddleFin 27 Ltd,Middle Layer,North,FY24Q4,31/03/2024,Retail (Vehicle),28243.93,2.339,0.632,29.5%,3.461
NBFC008,UpperFin 08 Ltd,Upper Layer,East,FY22Q4,2022-03-31,Retail (Personal/Unsecured),12520.07,9.491,3.701,24.12,1.789
NBFC012,UpperFin 12 Ltd,Upper Layer,North,FY21Q4,31/03/2021,Retail (Personal/Unsecured),6629.43,10.157,4.571,23.13,1.769
NBFC059,BaseFin 59 Ltd,Base Layer,Central,FY24Q2,30/09/2023,Infrastructure,0,2.884,0.865,29.5,3.636
NBFC054,BaseFin 54 Ltd,  Base Layer ,Central,FY22Q2,2021-09-30,Microfinance,2017.74,11.825,4.966,26.63,2.015
NBFC029,MiddleFin 29 Ltd,Middle Layer,Central,FY23Q4,2023-03-31,Infrastructure,13581.95,3.108,1.026,27.52,2.719
NBFC030,MiddleFin 30 Ltd,Middle Layer,West,FY21Q4,31/03/2021,Infrastructure,9376.39,5.209,2.344,26.25,0.985
NBFC033,MiddleFin 33 Ltd,Middle Layer,East,FY24Q4,31-03-2024,Microfinance,11220.49,4.795,1.295,27.45,3.836
NBFC058,BaseFin 58 Ltd,BASE LAYER,East,FY22Q2,30/09/2021,Infrastructure,199.91,5.237,2.2,27.75,1.042
  NBFC039 ,MiddleFin 39 Ltd,Middle Layer,Central,FY22Q4,2022-03-31,Infrastructure,13683.1,4.769%,1.86,25.81,2.043
NBFC058,BaseFin 58 Ltd,  Base Layer ,East,FY22Q2,30/09/2021,Retail (Gold),1799.22,2.106,0.885,28.81%,1.607
NBFC044,BaseFin 44 Ltd,Base Layer,Central,FY24Q4,2024-03-31,M.S.M.E,3208.26,2.927%,0.79,25.28,3.846
NBFC024,MiddleFin 24 Ltd,Middle  Layer,Central,FY25Q2,30-09-2024,Wholesale/Corporate,10618.01,3.383,0.812,23.24,3.263
NBFC053,BaseFin 53 Ltd,Base Layer,East,FY23Q2,2022-09-30,Infrastructure,144.97,3.967,1.428,27.34,2.669
NBFC029,MiddleFin 29 Ltd,Middle Layer,Central,FY23Q2,2022-09-30,MSME,25149.95,5.851,2.106,28.31,2.643
NBFC001,UpperFin 01 Ltd,Upper Layer,South,FY21Q4,2021-03-31,MSME,11498.19,7.131,3.209,27.07,1.973
NBFC010,UpperFin 10 Ltd,Upper Layer,West,FY23Q4,31-03-2023,Retail (Gold),6434.14,1.263,0.417,28.34,2.328
NBFC013,UpperFin 13 Ltd,UPPER LAYER,East,FY25Q4,2025-03-31,Wholesale/Corporate,13864.82,3.183,6.183,27.79,3.123
NBFC017,MiddleFin 17 Ltd,Middle Layer,North,FY24Q4,2024-03-31,MSME,43716.15,2.794,N/A,23.92,2.825
NBFC003,UpperFin 03 Ltd,Upper Layer,East,FY21Q4,31/03/2021,Retail (Gold),6518.59,1.985,0.893,22.27,N/A
NBFC007,UpperFin 07 Ltd,Upper Layer,North,FY23Q4,2023-03-31,Retail (Gold),3358.64,1.267,0.418,30.33,2.443
NBFC039,MiddleFin 39 Ltd,Middle Layer,Central,FY24Q2,30/09/2023,MSME,34887.57,4.503,1.351,30.28,3.474
NBFC040,MiddleFin 40 Ltd,Middle Layer,West,FY23Q4,2023-03-31,Retail (Vehicle),15743.28,3.604,1.189,24.72,NA
NBFC042,BaseFin 42 Ltd,Base Layer,North,FY22Q2,2021-09-30,Retail (Personal/Unsecured),"2,823.96",9.627,4.043,24.56,1.953
NBFC043,BaseFin 43 Ltd,Base Layer,East,FY22Q4,31-03-2022,Microfinance,2418.13,10.716,4.179,27.1,1.73
  NBFC059 ,BaseFin 59 Ltd,Base Layer,Central,FY25Q2,2024-09-30,  Retail (Gold) ,"4,837.79",1.069,0.257,28.94,3.16
NBFC033,MiddleFin 33 Ltd,middle layer,East,FY21Q4,2021-03-31,Microfinance,7097.96,12.41,5.584,23.83,2.035
NBFC046,BaseFin 46 Ltd,Base Layer,South,FY23Q2,30/09/2022,Microfinance,"3,218.83",9.753%,3.511,26.27,1.505
NBFC017,MiddleFin 17 Ltd,Middle Layer,North,FY23Q2,2022-09-30,Retail (Gold),"20,817.21",1.559%,0.561,26.8,2.097
NBFC056,BaseFin 56 Ltd,Base Layer,South,FY25Q4,2025-03-31,Retail (Vehicle),"1,760.45",2.988,0.627,26.53,2.873
NBFC007,UpperFin 07 Ltd,Upper Layer,North,FY24Q2,2023-09-30,Infrastructure,8545.4,3.137,0.941,28.76%,3.437
NBFC038,MiddleFin 38 Ltd,Middle  Layer,East,FY23Q2,30/09/2022,Wholesale/Corporate,7011.93,5.075,1.827,29.45,2.383
NBFC024,MiddleFin 24 Ltd,Middle Layer,Central,FY23Q2,30-09-2022,Infrastructure,6057.29,3.857,1.389,25.69,1.974
NBFC035,MiddleFin 35 Ltd,Middle Layer,West,FY23Q2,30/09/2022,Microfinance,"19,911.56",NA,3.552,26.22%,2.041
NBFC006,UpperFin 06 Ltd,Upper Layer,South,FY22Q2,30/09/2021,Retail (Vehicle),24710.96,6.309,2.65,27.09%,1.623
NBFC013,UpperFin 13 Ltd,UL,East,FY25Q4,31/03/2025,Retail (Housing),25418.84,1.464,0.307,NA,2.238
NBFC016,MiddleFin 16 Ltd,Middle Layer,South,FY25Q2,30/09/2024,Retail (Gold),"20,564.78",1.029,0.247,24.2,2.779
NBFC028,MiddleFin 28 Ltd,Middle Layer,East,FY23Q2,30-09-2022,gold,19726.83,1.522,0.548,25.98,1.898
NBFC015,UpperFin 15 Ltd,Upper Layer,West,FY25Q2,30-09-2024,Retail (Vehicle),28899.67,3.172%,0.761,26.29,3.421
NBFC010,UpperFin 10 Ltd,Upper Layer,West,FY24Q2,30/09/2023,Retail (Personal/Unsecured),11693.14,6.084,1.825,28.16,3.337
NBFC014,UpperFin 14 Ltd,Upper Layer,Central,FY25Q4,31-03-2025,  Microfinance ,5786.13,5.875,1.234,27.36,2.312
NBFC012,UpperFin 12 Ltd,Upper Layer,North,FY25Q4,2025-03-31,Infrastructure,16680.39,2.513,0.528,28.07,2.943
  NBFC036 ,MiddleFin 36 Ltd,Middle Layer,South,FY25Q2,30/09/2024,  MSME ,"21,881.89",3.926,0.942,25.02,2.569
NBFC036,MiddleFin 36 Ltd,Middle Layer,South,FY22Q2,30/09/2021,Retail (Personal/Unsecured),"11,973.33",10.124,,25.37,1.541
NBFC036,MiddleFin 36 Ltd,Middle Layer,South,FY24Q2,30-09-2023,Retail (Vehicle),18377.13,3.46,1.038,25.53,3.119
NBFC017,MiddleFin 17 Ltd,Middle Layer,North,FY22Q4,31/03/2022,Retail (Personal/Unsecured),26924.14,9.17,3.576,26.12,1.563
NBFC032,MiddleFin 32 Ltd,Middle Layer,North,FY25Q2,2024-09-30,Retail (Vehicle),23346.97,3.124,0.75,28.84,3.155
NBFC018,MiddleFin 18 Ltd,Middle Layer,East,FY22Q4,31/03/2022,MSME,26596.97,6.746%,2.631,29.34,2.147
NBFC060,BaseFin 60 Ltd,Base Layer,West,FY22Q2,30/09/2021,Infrastructure,247.77,5.137,2.158,27.59,1.949
NBFC010,UpperFin 10 Ltd,upper layer,West,FY22Q2,30-09-2021,Wholesale/Corporate,10448.2,6.734,2.828,27.74,1.448
NBFC010,UpperFin 10 Ltd,Upper Layer,West,FY23Q2,30/09/2022,Wholesale/Corporate,11914.21,5.403,1.945,28.6,2.016
NBFC035,MiddleFin 35 Ltd,Middle Layer,West,FY21Q4,2021-03-31,Retail (Gold),13776.7,2.053,0.924,23.24,0.956
  NBFC011 ,UpperFin 11 Ltd,UPPER LAYER,South,FY24Q2,2023-09-30,Microfinance,3880.41,6.685,2.005,26.73,3.57
NBFC046,BaseFin 46 Ltd,Base Layer,South,FY21Q4,2021-03-31,Infrastructure,267.25,5.053,2.274,26.99,1.968
NBFC008,UpperFin 08 Ltd,  Upper Layer ,East,FY25Q4,31/03/2025,MSME,24267.23,3.711,0.779,26.35%,2.983
NBFC004,UpperFin 04 Ltd,Upper Layer,Central,FY23Q4,2023-03-31,Microfinance,3213.77,7.283,2.403,26.95,2.622
NBFC041,BaseFin 41 Ltd,Base Layer,South,FY25Q4,2025-03-31,MSME,2078.32,3.696%,0.776,22.7,2.344
NBFC017,MiddleFin 17 Ltd,Middle Layer,North,FY23Q2,30/09/2022,Microfinance,24980.66,9.598,3.455,24.46,1.586
NBFC042,BaseFin 42 Ltd,Base Layer,North,FY22Q2,2021-09-30,Retail (Vehicle),2196.41,5.78,2.428,28.87,1.364
NBFC045,BaseFin 45 Ltd,Base Layer,West,FY24Q4,31/03/2024,Retail (Vehicle),2714.26,2.368,0.639,27.52,3.224
NBFC014,UpperFin 14 Ltd,UL,Central,FY25Q4,31-03-2025,Retail (Gold),8679.19,0.945,0.198,27.12,3.29
NBFC002,UpperFin 02 Ltd,Upper Layer,North,FY21Q4,31/03/2021,Retail (Personal/Unsecured),11899.31,9.659,4.347,26.7,1.33
NBFC014,UpperFin 14 Ltd,Upper Layer,Central,FY23Q4,31-03-2023,Retail (Housing),23034.69,2.019,0.666,30.13,3.185
NBFC023,MiddleFin 23 Ltd,  Middle Layer ,East,FY21Q4,31/03/2021,Retail (Vehicle),20572.77,6.003,2.701,26.19,0.939
NBFC012,UpperFin 12 Ltd,Upper Layer,North,FY24Q2,2023-09-30,Retail (Vehicle),18807.55,3.368,1.01,29.69%,3.353
NBFC006,UpperFin 06 Ltd,Upper Layer,South,FY25Q4,31-03-2025,Infrastructure,29433.01,2.568,0.539,28.02,2.291
NBFC022,MiddleFin 22 Ltd,Middle Layer,North,FY24Q2,2023-09-30,Retail (Housing),15152.87,1.779,0.534,27.2,3.525
NBFC021,MiddleFin 21 Ltd,Middle Layer,South,FY25Q2,30-09-2024,  Retail (Vehicle) ,"22,341.08",3.065,0.736,24.89,2.887
NBFC051,BaseFin 51 Ltd,Base Layer,South,FY25Q2,30-09-2024,Retail (Vehicle),2191.52,3.034,0.728,24.86,3.452
NBFC051,BaseFin 51 Ltd,Base Layer,South,FY24Q4,2024-03-31,Retail (Gold),2637.15,0.741,0.2,27.16,3.209
NBFC029,MiddleFin 29 Ltd,ML,Central,FY23Q2,30/09/2022,Retail (Vehicle),25149.95,4.586,1.651,27.79,2.457
NBFC034,MiddleFin 34 Ltd,Middle Layer,Central,FY23Q4,2023-03-31,  Wholesale/Corporate ,10409.97,4.235,1.398,30.33%,3.304
NBFC036,MiddleFin 36 Ltd,Middle Layer,South,FY22Q4,31/03/2022,Infrastructure,7351.76,4.472,1.744,23.75,1.197
NBFC002,UpperFin 02 Ltd,Upper Layer,North,FY25Q2,2024-09-30,GOLD LOAN,12058.86,1.021,0.245,26.44,2.795
NBFC033,MiddleFin 33 Ltd,Middle Layer,East,FY24Q2,30-09-2023,Microfinance,10068.39,7.17,2.151,29.31,2.888
NBFC052,BaseFin 52 Ltd,BL,North,FY25Q4,31/03/2025,MFI,4247.71,5.869,1.232,24.66%,3.142
NBFC028,MiddleFin 28 Ltd,Middle Layer,East,FY25Q2,30/09/2024,Retail (Gold),27663.8,1.096,0.263,24.69,2.443
NBFC016,MiddleFin 16 Ltd,middle layer,South,FY23Q4,2023-03-31,Infrastructure,12671.11,3.175,1.048,30.2,2.681
NBFC029,MiddleFin 29 Ltd,Middle Layer,Central,FY24Q2,2023-09-30,Retail (Vehicle),29619.96,3.682,1.105,28.77,2.57
NBFC007,UpperFin 07 Ltd,Upper Layer,North,FY25Q2,30-09-2024,GOLD LOAN,4360.77,1.032,0.248,26.1,3.145
NBFC029,MiddleFin 29 Ltd,Middle  Layer,Central,FY22Q4,2022-03-31,housing,20329.95,2.926,1.141,25.62,1.685
NBFC006,UpperFin 06 Ltd,Upper Layer,South,FY22Q4,31/03/2022,Infrastructure,18222.27,4.808,1.875,27.18,N/A
NBFC027,MiddleFin 27 Ltd,Middle Layer,North,FY25Q2,30/09/2024,  Retail (Housing) ,26405.13,1.725,0.414,25.39,3.24
NBFC048,BaseFin 48 Ltd,Base Layer,East,FY25Q2,30/09/2024,Retail (Housing),1513.85,1.659,0.398,27.42%,2.942
NBFC017,MiddleFin 17 Ltd,Middle Layer,North,FY23Q4,31-03-2023,Retail (Housing),31477.9,1.94,0.64,27.13%,2.762
NBFC022,MiddleFin 22 Ltd,Middle Layer,North,FY25Q4,31-03-2025,Retail (Personal/Unsecured),19198.66,5.012,1.053,27.96,2.458
NBFC034,MiddleFin 34 Ltd,Middle Layer,Central,FY21Q4,31-03-2021,M.S.M.E,12803.7,7.085,3.188,23.24,2.098
NBFC010,UpperFin 10 Ltd,Upper Layer,West,FY23Q4,2023-03-31,Retail (Housing),23591.83,1.856,0.612,27.41%,2.368
NBFC034,MiddleFin 34 Ltd,Middle Layer,Central,FY21Q4,31/03/2021,Retail (Housing),11203.24,2.981,,22.34,
NBFC055,BaseFin 55 Ltd,Base Layer,West,FY22Q2,30-09-2021,Retail (Gold),1683.81,2.005,0.842,27.96,null
NBFC045,BaseFin 45 Ltd,base layer,West,FY23Q4,31-03-2023,Infrastructure,319.09,3.063,1.011,26.93,2.874
NBFC039,MiddleFin 39 Ltd,middle layer,Central,FY23Q4,2023-03-31,Wholesale/Corporate,19996.71,4.079,1.346,25.72,3.465
NBFC037,MiddleFin 37 Ltd,Middle Layer,North,FY21Q4,31-03-2021,Retail (Gold),10049.51,999,0.863,25.13,1.078
NBFC005,UpperFin 05 Ltd,Upper Layer,West,FY24Q4,31-03-2024,Retail (Vehicle),21545.04,2.2,0.594,25.42,3.706
NBFC022,MiddleFin 22 Ltd,Middle Layer,North,FY23Q4,2023-03-31,MSME,15881.62,4.74,1.564,28.91,2.899
NBFC027,MiddleFin 27 Ltd,Middle Layer,North,FY23Q2,30-09-2022,Microfinance,16139.39,9.715,3.497,27.83,2.396
NBFC038,MiddleFin 38 Ltd,ML,East,FY25Q4,31-03-2025,MSME,16740.98,-,0.726,27.21,2.735
NBFC053,BaseFin 53 Ltd,Base Layer,East,FY25Q4,31/03/2025,Retail (Housing),865.26,1.495,0.314,28.1,2.34
  NBFC020 ,MiddleFin 20 Ltd,Middle Layer,West,FY24Q4,31-03-2024,Wholesale/Corporate,27203.11,2.644,0.714,24.98,3.334
NBFC035,MiddleFin 35 Ltd,Middle Layer,West,FY24Q2,30-09-2023,MSME,31267.37,4.316,1.295,26.81,3.682
NBFC037,MiddleFin 37 Ltd,Middle Layer,North,FY21Q4,2021-03-31,Retail (Vehicle),16079.22,5.764,2.594,23.78,0.916
NBFC029,MiddleFin 29 Ltd,Middle Layer,Central,FY24Q4,2024-03-31,Retail (Personal/Unsecured),28883.14,3.787,1.022,29.23,2.883
NBFC049,BaseFin 49 Ltd,Base Layer,Central,FY25Q4,2025-03-31,Retail (Gold),3578.36,0.952,0.2,27.03,3.046
NBFC012,UpperFin 12 Ltd,Upper Layer,North,FY22Q2,30/09/2021,Wholesale/Corporate,8402.58,6.682%,2.806,26.6,2.044
NBFC047,BaseFin 47 Ltd,BASE LAYER,North,FY22Q2,30/09/2021,Retail (Gold),1210.12,2.051,0.861,23.15,1.383
NBFC006,UpperFin 06 Ltd,Upper Layer,South,FY25Q4,31-03-2025,Retail (Personal/Unsecured),21023.58,4.614,0.969,22.9,3.353
NBFC036,MiddleFin 36 Ltd,Middle Layer,South,FY23Q2,2022-09-30,Retail (Gold),9752.38,1.585,0.571,27.08%,2.516
NBFC014,UpperFin 14 Ltd,Upper Layer,Central,FY25Q4,31/03/2025,MSME,17358.38,3.564,0.748,22.78,3.071
NBFC018,MiddleFin 18 Ltd,Middle Layer,East,FY22Q4,31-03-2022,Microfinance,19947.73,11.257,4.39,29.36,1.524
NBFC031,MiddleFin 31 Ltd,ML,South,FY22Q4,2022-03-31,Wholesale/Corporate,12819.39,5.783,2.255,24.97,1.273
NBFC051,BaseFin 51 Ltd,Base Layer,South,FY23Q2,30-09-2022,Retail (Personal/Unsecured),2009.26,7.978,2.872,29.55,1.856
NBFC052,BaseFin 52 Ltd,Base Layer,North,FY23Q2,30-09-2022,Retail (Vehicle),1992.64,4.922%,1.772,30.09,2.449
NBFC016,MiddleFin 16 Ltd,ML,South,FY24Q2,30-09-2023,Microfinance,20725.17,6.975,2.092,27.47,2.782
NBFC014,UpperFin 14 Ltd,Upper Layer,Central,FY25Q4,31/03/2025,Retail (Personal/Unsecured),14465.32,4.72,0.991,24.96,2.955
NBFC032,MiddleFin 32 Ltd,Middle Layer,North,FY23Q2,30/09/2022,Infrastructure,8324.27,3.942%,1.419,27.6,1.557
NBFC043,BaseFin 43 Ltd,Base Layer,East,FY25Q4,31/03/2025,M.S.M.E,2734.07,3.476,0.73,24.59,2.265
NBFC016,MiddleFin 16 Ltd,Middle Layer,South,FY25Q4,31-03-2025,Retail (Vehicle),35011.68,2.77,0.582,28.57,3.018
NBFC030,MiddleFin 30 Ltd,Middle Layer,West,FY21Q4,2021-03-31,Retail (Housing),16408.68,3.142,1.414,27.89%,1.224
NBFC057,BaseFin 57 Ltd,Base Layer,North,FY24Q4,31-03-2024,Microfinance,4478.4,4.807,1.298,26.12,2.84
  NBFC031 ,MiddleFin 31 Ltd,Middle Layer,South,FY24Q2,30/09/2023,Wholesale/Corporate,16342.69,3.945,1.183,26.52,3.141
NBFC026,MiddleFin 26 Ltd,Middle Layer,South,FY25Q4,31/03/2025,retail (housing),"29,512.50",1.532,0.322,27.7,2.606
NBFC034,MiddleFin 34 Ltd,ML,Central,FY23Q2,30-09-2022,Wholesale/Corporate,9638.17,5.354,1.927,27.23,1.655
NBFC023,MiddleFin 23 Ltd,Middle Layer,East,FY21Q4,2021-03-31,Infrastructure,"10,286.38",5.047,2.271,22.4,1.89
NBFC003,UpperFin 03 Ltd,UPPER LAYER,East,FY23Q2,30-09-2022,Infrastructure,18319.32,4.192,1.509,28.44,1.522
NBFC007,UpperFin 07 Ltd,Upper Layer,North,FY21Q4,2021-03-31,Retail (Housing),9466.75,3.103,1.396,22.47,1.606
NBFC011,UpperFin 11 Ltd,Upper Layer,South,FY23Q2,30-09-2022,Retail (Personal/Unsecured),8237.03,7.694,2.77,28.36,2.245
NBFC014,UpperFin 14 Ltd,Upper Layer,Central,FY21Q4,31/03/2021,GOLD LOAN,4829.22,NA,0.896,25.39,1.685
NBFC056,BaseFin 56 Ltd,Base Layer,South,FY21Q4,31/03/2021,Retail (Personal/Unsecured),"1,259.41",9.83,4.424,26.95%,1.38
NBFC005,UpperFin 05 Ltd,UPPER LAYER,West,FY23Q4,31/03/2023,Retail (Gold),5318.93,1.178,0.389,25.32,3.496
NBFC031,MiddleFin 31 Ltd,  Middle Layer ,South,FY22Q2,30/09/2021,Infrastructure,9735.15,5.383,2.261,28.04,1.717
NBFC040,MiddleFin 40 Ltd,Middle Layer,West,FY23Q4,2023-03-31,Infrastructure,7871.64,3.314,1.094,27.83,3.413
NBFC052,BaseFin 52 Ltd,Base Layer,North,FY23Q4,31/03/2023,Retail (Gold),2767.13,1.209,0.399,24.83,2.338
NBFC036,MiddleFin 36 Ltd,Middle  Layer,South,FY25Q4,2025-03-31,MSME,23283.8,3.636%,0.764,23.66,3.084
NBFC022,MiddleFin 22 Ltd,Middle Layer,North,FY21Q4,31-03-2021,retail (housing),10682.4,3.192,1.436,26.15,1.454
NBFC006,UpperFin 06 Ltd,Upper Layer,South,FY22Q4,31-03-2022,Retail (Housing),28634.99,2.789,1.088,26.96,1.982
NBFC047,BaseFin 47 Ltd,Base Layer,North,FY24Q4,31-03-2024,Microfinance,"2,012.37",4.578,1.236,999,3.776
NBFC029,MiddleFin 29 Ltd,Middle Layer,Central,FY23Q4,2023-03-31,Microfinance,20372.93,7.481,2.469,28.79,3.209
NBFC025,MiddleFin 25 Ltd,Middle Layer,West,FY21Q4,31-03-2021,MSME,9905.65,7.506,3.378,24.43,1.864
NBFC055,BaseFin 55 Ltd,Base Layer,West,FY25Q2,30/09/2024,Retail (Housing),1196.71,1.719,0.413,26.46,2.787
NBFC021,MiddleFin 21 Ltd,Middle Layer,South,FY22Q2,30/09/2021,Wholesale/Corporate,8731.84,6.605,2.774,28.5,1.863
NBFC020,MiddleFin 20 Ltd,Middle Layer,West,FY24Q4,31/03/2024,Retail (Personal/Unsecured),38084.35,4.015,1.084,28.55,NA
NBFC038,MiddleFin 38 Ltd,Middle Layer,East,FY25Q4,31-03-2025,Microfinance,12555.74,5.959,1.251,25.34,2.375
NBFC047,BaseFin 47 Ltd,Base Layer,North,FY25Q2,30/09/2024,MSME,"1,505.08",3.921,N/A,26.74,2.959
NBFC045,BaseFin 45 Ltd,Base Layer,West,FY24Q2,2023-09-30,Infrastructure,347.94,3.057,0.917,24.81,3.438
NBFC047,BaseFin 47 Ltd,Base Layer,North,FY21Q4,2021-03-31,  MSME ,891.1,7.364,3.314,23.05,1.799
NBFC011,UpperFin 11 Ltd,Upper Layer,South,FY22Q2,30/09/2021,Infrastructure,"10,112.89",5.336,2.241,28.78,1.949
NBFC046,BaseFin 46 Ltd,Base Layer,South,FY25Q2,30/09/2024,Retail (Vehicle),3159.73,3.264,0.783,23.27,2.543
NBFC002,UpperFin 02 Ltd,Upper Layer,North,FY24Q4,31/03/2024,Wholesale/Corporate,22572.57,2.594,0.7,29.21,3.097
NBFC016,MiddleFin 16 Ltd,Middle Layer,South,FY25Q2,2024-09-30,MSME,32903.65,3.805,0.913,25.08,2.946
NBFC025,MiddleFin 25 Ltd,Middle Layer,West,FY22Q4,31/03/2022,Retail (Personal/Unsecured),9644.08,9.291,3.623,27.38,1.32
NBFC037,MiddleFin 37 Ltd,Middle Layer,North,FY25Q4,31/03/2025,Wholesale/Corporate,18061.23,3.005,0.631,24.79,2.351
NBFC002,UpperFin 02 Ltd,Upper Layer,North,FY22Q4,31-03-2022,M.S.M.E,15888.14,6.482,2.528,29.45,2.035
NBFC051,BaseFin 51 Ltd,base layer,South,FY24Q4,2024-03-31,Wholesale/Corporate,879.05,2.608,0.704,27.2,3.48
NBFC034,MiddleFin 34 Ltd,middle layer,Central,FY25Q2,2024-09-30,Retail (Personal/Unsecured),18922.44,5.418,1.3,24.77,3.139
NBFC035,MiddleFin 35 Ltd,Middle Layer,West,FY25Q2,2024-09-30,Infrastructure,18615.24,2.591,0.622,24.12,2.819
NBFC050,BaseFin 50 Ltd,Base Layer,West,FY23Q2,30-09-2022,Retail (Personal/Unsecured),3199.22,7.89,2.84,28.05,1.71
NBFC049,BaseFin 49 Ltd,Base Layer,Central,FY23Q4,31/03/2023,Microfinance,2821.46,7.761,2.561,27.27,3.135
NBFC051,BaseFin 51 Ltd,base layer,South,FY23Q2,30-09-2022,Retail (Vehicle),1562.75,4.604,1.657,28.29,1.703
NBFC016,MiddleFin 16 Ltd,Middle Layer,South,FY23Q4,31-03-2023,Microfinance,"19,006.67",7.545,2.49,28.81,2.966
NBFC032,MiddleFin 32 Ltd,Middle Layer,North,FY25Q2,30-09-2024,Microfinance,17510.22,6.23,1.495,25.8%,3.365
NBFC002,UpperFin 02 Ltd,Upper Layer,North,FY25Q2,30-09-2024,Wholesale/Corporate,24117.72,3.507,0.842,24.08,3.322
  NBFC046 ,BaseFin 46 Ltd,Base Layer,South,FY22Q2,2021-09-30,micro finance,2822.76,12.241,5.141,23.47,-
NBFC004,UpperFin 04 Ltd,Upper Layer,Central,FY25Q4,2025-03-31,Wholesale/Corporate,13320.01,3.111,0.653,26.72,3.108
NBFC030,MiddleFin 30 Ltd,Middle Layer,West,FY23Q4,31/03/2023,Retail (Personal/Unsecured),"21,345.56",6.333,2.09,29.9,2.66
NBFC044,BaseFin 44 Ltd,Base Layer,Central,FY21Q4,31/03/2021,M.S.M.E,2029.51,7.542,3.394,22.16,1.125
NBFC039,MiddleFin 39 Ltd,Middle Layer,Central,FY22Q2,30-09-2021,Retail (Vehicle),25977.64,5.944,2.496,25.08,1.968
NBFC006,UpperFin 06 Ltd,Upper Layer,South,FY21Q4,31/03/2021,Wholesale/Corporate,14037.37,6.596%,2.968,22.75%,1.344
NBFC037,MiddleFin 37 Ltd,Middle Layer,North,FY25Q2,30/09/2024,Retail (Personal/Unsecured),23763.28,5.152,1.236,28.58,3.322
NBFC039,MiddleFin 39 Ltd,Middle Layer,Central,FY23Q2,30/09/2022,Retail (Housing),25919.78,2.411,0.868,25.61,2.483
NBFC023,MiddleFin 23 Ltd,ML,East,FY25Q4,2025-03-31,Retail (Gold),23108.67,0.991,0.208,NA,2.661
NBFC060,BaseFin 60 Ltd,Base Layer,West,FY22Q4,31/03/2022,Wholesale/Corporate,783.05,6.082,-,29.57,1.984
NBFC054,BaseFin 54 Ltd,base layer,Central,FY23Q2,2022-09-30,Retail (Housing),920.34,2.36,0.85,25.45,2.111
NBFC040,MiddleFin 40 Ltd,Middle Layer,West,FY24Q4,31/03/2024,Retail (Personal/Unsecured),16739.68,3.668%,0.99,27.84,3.262
NBFC005,UpperFin 05 Ltd,Upper Layer,West,FY21Q4,2021-03-31,Retail (Housing),14992.07,3.112,1.4,-,1.357
NBFC039,MiddleFin 39 Ltd,Middle Layer,Central,FY22Q2,30-09-2021,Retail (Personal/Unsecured),22730.43,9.712,12.712,28.9,1.91
NBFC029,MiddleFin 29 Ltd,Middle Layer,Central,FY24Q2,2023-09-30,Retail (Personal/Unsecured),25917.46,5.913,1.774,28.62,3.053
NBFC057,BaseFin 57 Ltd,BL,North,FY22Q2,30-09-2021,Retail (Personal/Unsecured),2693.04,9.655,4.055,25.26,2.145
NBFC001,UpperFin 01 Ltd,UPPER LAYER,South,FY24Q2,30-09-2023,Microfinance,5436.69,6.796,2.039,29.09,3.604
NBFC031,MiddleFin 31 Ltd,Middle Layer,South,FY23Q2,30/09/2022,MSME,22202.21,5.906,2.126,28.97,1.544
NBFC037,MiddleFin 37 Ltd,Middle  Layer,North,FY22Q4,31/03/2022,Retail (Vehicle),17891.02,5.625,2.194,24.39,2.131
NBFC012,UpperFin 12 Ltd,Upper Layer,North,FY21Q4,2021-03-31,  Microfinance ,2651.77,12.036,5.416,27.72,1.227
NBFC057,BaseFin 57 Ltd,  Base Layer ,North,FY24Q2,30-09-2023,Retail (Personal/Unsecured),3616.71,5.803,1.741,25.95,3.219
NBFC050,BaseFin 50 Ltd,base layer,West,FY24Q2,30/09/2023,Retail (Housing),1674.59,1.805,0.541,29.9,3.357
NBFC036,MiddleFin 36 Ltd,Middle Layer,South,FY22Q2,30/09/2021,Microfinance,"10,262.85",12.279,5.157,27.59,1.267
NBFC014,UpperFin 14 Ltd,Upper Layer,Central,FY24Q4,2024-03-31,Microfinance,5089.37,4.64,1.253,27.09,3.222
NBFC007,UpperFin 07 Ltd,Upper Layer,North,FY24Q2,30/09/2023,Retail (Vehicle),12207.72,3.345%,1.003,28.98,2.743
NBFC037,MiddleFin 37 Ltd,middle layer,North,FY23Q2,30/09/2022,Retail (Vehicle),19366.17,4.65,1.674,29.77,2.202
NBFC033,MiddleFin 33 Ltd,Middle Layer,East,FY21Q4,2021-03-31,Retail (Housing),8280.96,3.063,1.378,25.5,1.078
NBFC033,MiddleFin 33 Ltd,Middle Layer,East,FY22Q4,31/03/2022,Retail (Personal/Unsecured),9214.05,8.896,3.469,24.63,2.119
NBFC026,MiddleFin 26 Ltd,Middle Layer,South,FY22Q4,2022-03-31,  Retail (Housing) ,-100,2.755,1.074,25.37,1.795
NBFC037,MiddleFin 37 Ltd,Middle Layer,North,FY22Q2,30-09-2021,Microfinance,"12,737.42",11.858,4.98,26.65,2.161
NBFC040,MiddleFin 40 Ltd,Middle Layer,West,FY21Q4,2021-03-31,Retail (Vehicle),12102.11,N/A,2.789,25.4%,1.37
NBFC041,BaseFin 41 Ltd,Base Layer,South,FY25Q4,31-03-2025,Infrastructure,296.90,2.555,0.537,26.52,2.37
NBFC025,MiddleFin 25 Ltd,Middle Layer,West,FY25Q4,2025-03-31,Retail (Vehicle),17802.67,2.95,0.619,26.48,2.425
NBFC015,UpperFin 15 Ltd,Upper Layer,West,FY24Q4,31-03-2024,msme,16228.9,2.892,0.781,28.8,3.312
NBFC055,BaseFin 55 Ltd,Base Layer,West,FY25Q4,2025-03-31,Wholesale/Corporate,955.04,3.099,0.651,23.25,2.746
NBFC028,MiddleFin 28 Ltd,Middle Layer,East,FY22Q4,2022-03-31,Retail (Vehicle),29158.73,5.67,2.211,29.61,1.617
NBFC008,UpperFin 08 Ltd,Upper Layer,East,FY25Q4,31/03/2025,Retail (Vehicle),40445.38,2.761,0.58,28.61,2.781
NBFC049,BaseFin 49 Ltd,Base Layer,Central,FY22Q4,31-03-2022,M.S.M.E,"1,689.30",6.91,2.695,27.66,2.241
NBFC052,BaseFin 52 Ltd,Base Layer,North,FY25Q2,2024-09-30,Wholesale/Corporate,"1,197.59",250,0.855,28.83%,2.652
NBFC030,MiddleFin 30 Ltd,Middle Layer,West,FY24Q4,31/03/2024,Microfinance,22233.36,4.492,1.213,29.57,3.557
NBFC020,MiddleFin 20 Ltd,Middle Layer,West,FY25Q2,30-09-2024,Microfinance,34878.27,6.405,1.537,24.98,2.676
NBFC048,BaseFin 48 Ltd,Base Layer,East,FY23Q4,31-03-2023,Retail (Gold),2623.4,1.175,0.388,28.48,2.802
NBFC059,BaseFin 59 Ltd,Base Layer,Central,FY24Q2,30-09-2023,Wholesale/Corporate,1354.31,3.802,1.141,28.04,3.682
NBFC049,BaseFin 49 Ltd,Base Layer,Central,FY21Q4,31-03-2021,Wholesale/Corporate,650.67,6.555,2.95,26.44,1.413
NBFC003,UpperFin 03 Ltd,Upper Layer,East,FY23Q2,2022-09-30,Retail (Vehicle),26170.46,4.788,1.724,24.48,NA
  NBFC017 ,MiddleFin 17 Ltd,Middle Layer,North,FY22Q4,31/03/2022,Microfinance,23077.83,11.009,4.294,28.9,1.398
NBFC045,BaseFin 45 Ltd,base layer,West,FY24Q4,31/03/2024,Wholesale/Corporate,1163.25,2.485,0.671,29.28,3.699
NBFC048,BaseFin 48 Ltd,Base Layer,East,FY24Q2,30/09/2023,Retail (Gold),2860.6,1.166,0.35,27.26,3.184
NBFC005,UpperFin 05 Ltd,Upper Layer,West,FY22Q4,31/03/2022,Retail (Vehicle),15164.88,5.527,2.156,27.71,1.464
NBFC051,BaseFin 51 Ltd,Base Layer,South,FY21Q4,2021-03-31,Microfinance,1853.59,12.213,5.496,25.87,1.843
NBFC038,MiddleFin 38 Ltd,ML,East,FY25Q2,30/09/2024,Retail (Vehicle),"15,733.02",3.125,0.75,26.32,2.837
NBFC023,MiddleFin 23 Ltd,Middle Layer,East,FY24Q2,30-09-2023,Wholesale/Corporate,18238.91,3.744,1.123,29.21,2.652
NBFC048,BaseFin 48 Ltd,Base Layer,East,FY24Q4,31/03/2024,Retail (Housing),1416.86,1.163%,0.314,27.12,3.783
NBFC052,BaseFin 52 Ltd,base layer,North,FY22Q4,31-03-2022,Microfinance,2629.8,11.195,4.366,28.06,1.453
  NBFC055 ,BaseFin 55 Ltd,BL,West,FY22Q2,30-09-2021,Wholesale/Corporate,561.27,6.756,2.838,25.05%,1.198
NBFC059,BaseFin 59 Ltd,Base Layer,Central,FY25Q4,2025-03-31,Retail (Personal/Unsecured),5147.74,4.685,0.984,27.16,2.55
NBFC019,MiddleFin 19 Ltd,Middle Layer,Central,FY24Q2,2023-09-30,Infrastructure,14717.56,3.151,0.945,25.61,3.138
NBFC008,UpperFin 08 Ltd,Upper Layer,East,FY22Q2,2021-09-30,Retail (Housing),26146.56,3.232,1.357,23.51,1.411
NBFC033,MiddleFin 33 Ltd,Middle Layer,East,FY22Q4,31-03-2022,Microfinance,7897.76,10.632%,4.146,24.33,1.938
NBFC054,BaseFin 54 Ltd,Base Layer,Central,FY25Q4,31-03-2025,Wholesale/Corporate,1029.99,3.037,0.638,23.22%,2.952
